{
  "source": "swarm_final",
  "original_path": "/mnt/c/Users/jakc9/Documents/QueryTorque_V8/packages/qt-sql/qt_sql/benchmarks/duckdb_tpcds/queries/query_69.sql",
  "optimized_path": "/mnt/c/Users/jakc9/Documents/QueryTorque_V8/packages/qt-sql/qt_sql/benchmarks/duckdb_tpcds/swarm_batch_20260208_102033/query_69/final_worker_sql.sql",
  "benchmark_iters": {
    "benchmark_iter0": {
      "query_id": "query_69",
      "baseline_times_ms": [
        258.01613200019347,
        228.65538399946672,
        239.79898799916555,
        229.57772399968235,
        255.1873379998142
      ],
      "baseline_trimmed_mean_ms": 241.52134999955402,
      "baseline_row_count": 100,
      "workers": [
        {
          "worker_id": 1,
          "times_ms": [
            243.57148800027062,
            243.7420590003967,
            251.52054099999077,
            239.8304280004595,
            264.9879079999664
          ],
          "trimmed_mean_ms": 246.2780293335527,
          "speedup": 0.9806857341401074,
          "row_count": 100,
          "rows_match": true,
          "status": "pass",
          "error": ""
        },
        {
          "worker_id": 2,
          "times_ms": [
            282.432455000162,
            257.65885100008745,
            242.40019599983498,
            223.61723100038944,
            233.06540599969594
          ],
          "trimmed_mean_ms": 244.37481766653946,
          "speedup": 0.9883233972541348,
          "row_count": 100,
          "rows_match": true,
          "status": "pass",
          "error": ""
        },
        {
          "worker_id": 3,
          "times_ms": [
            237.36667499997566,
            232.38847399989027,
            235.98627299998043,
            226.26802800004953,
            219.79620799993427
          ],
          "trimmed_mean_ms": 231.54759166664007,
          "speedup": 1.0430743341406599,
          "row_count": 100,
          "rows_match": true,
          "status": "pass",
          "error": ""
        },
        {
          "worker_id": 4,
          "times_ms": [
            240.2979950002191,
            243.0525800000396,
            241.6083689995503,
            223.71111099982954,
            228.71246800059453
          ],
          "trimmed_mean_ms": 236.8729440001213,
          "speedup": 1.0196240479006768,
          "row_count": 100,
          "rows_match": true,
          "status": "pass",
          "error": ""
        }
      ],
      "best_worker_id": 3,
      "best_speedup": 1.0430743341406599,
      "exited": false
    },
    "benchmark_iter1": {
      "query_id": "query_69",
      "baseline_times_ms": [
        312.6953310002136,
        317.8055640000821,
        235.10011100006523,
        274.97788700020465,
        235.0299459994858
      ],
      "baseline_trimmed_mean_ms": 274.2577763334945,
      "baseline_row_count": 100,
      "workers": [
        {
          "worker_id": 5,
          "times_ms": [
            295.933977000459,
            296.6410539993376,
            297.2077719987283,
            293.0896460002259,
            261.67867600088357
          ],
          "trimmed_mean_ms": 295.2215590000075,
          "speedup": 0.9289896620777872,
          "row_count": 100,
          "rows_match": true,
          "status": "pass",
          "error": ""
        }
      ],
      "best_worker_id": 5,
      "best_speedup": 0.9289896620777872,
      "exited": false
    },
    "benchmark_iter2": {
      "query_id": "query_69",
      "baseline_times_ms": [
        235.89413699846773,
        228.1307299999753,
        230.96068799895875,
        229.15033800018136,
        231.34012099944812
      ],
      "baseline_trimmed_mean_ms": 230.48371566619608,
      "baseline_row_count": 100,
      "workers": [
        {
          "worker_id": 6,
          "times_ms": [
            322.73261900081707,
            304.86073899919575,
            323.9103300002171,
            326.9537249998393,
            335.71482700062916
          ],
          "trimmed_mean_ms": 324.5322246669578,
          "speedup": 0.7102028647624241,
          "row_count": 100,
          "rows_match": true,
          "status": "pass",
          "error": ""
        }
      ],
      "best_worker_id": 6,
      "best_speedup": 0.7102028647624241,
      "exited": false
    }
  }
}