{
  "source": "swarm2_w1",
  "original_path": "/mnt/c/Users/jakc9/Documents/QueryTorque_V8/packages/qt-sql/qt_sql/benchmarks/postgres_dsb/queries/query072_spj_spj.sql",
  "optimized_path": "/mnt/c/Users/jakc9/Documents/QueryTorque_V8/packages/qt-sql/qt_sql/benchmarks/postgres_dsb/swarm_batch_20260208_142643/query072_spj_spj/worker_1_sql.sql",
  "validation": {
    "query_id": "query072_spj_spj",
    "status": "IMPROVED",
    "best_speedup": 1.91,
    "best_worker": 2,
    "best_iteration": 0
  },
  "benchmark_iters": {
    "benchmark_iter0": {
      "query_id": "query072_spj_spj",
      "baseline_times_ms": [
        3762.564005999593,
        3180.362826999044,
        3148.53220799705,
        3197.256072999153,
        3162.8690810030093
      ],
      "baseline_trimmed_mean_ms": 3180.1626603337354,
      "baseline_row_count": 1,
      "workers": [
        {
          "worker_id": 1,
          "times_ms": [
            3178.461089999473,
            3199.286387000029,
            3189.817316000699,
            3147.169740001118,
            3261.3084300028277
          ],
          "trimmed_mean_ms": 3189.1882643334006,
          "speedup": 0.9971699369082083,
          "row_count": 1,
          "rows_match": true,
          "status": "pass",
          "error": ""
        },
        {
          "worker_id": 2,
          "times_ms": [
            1622.365739000088,
            1698.919921000197,
            1676.568025999586,
            1682.933874999435,
            1638.5656780003046
          ],
          "trimmed_mean_ms": 1666.0225263331085,
          "speedup": 1.908835330896292,
          "row_count": 1,
          "rows_match": true,
          "status": "pass",
          "error": ""
        },
        {
          "worker_id": 3,
          "times_ms": [
            3142.6668469975994,
            3132.8688930007047,
            3158.8751880008203,
            3067.097010996804,
            2772.6500919998216
          ],
          "trimmed_mean_ms": 3114.210916998369,
          "speedup": 1.0211776739254814,
          "row_count": 1,
          "rows_match": true,
          "status": "pass",
          "error": ""
        },
        {
          "worker_id": 4,
          "times_ms": [
            2515.5412849999266,
            2698.3683460020984,
            2744.4739540005685,
            2796.447815002466,
            2708.439111000189
          ],
          "trimmed_mean_ms": 2717.0938036676184,
          "speedup": 1.170427997752986,
          "row_count": 1,
          "rows_match": true,
          "status": "pass",
          "error": ""
        }
      ],
      "best_worker_id": 2,
      "best_speedup": 1.908835330896292,
      "exited": false
    },
    "benchmark_iter1": {
      "query_id": "query072_spj_spj",
      "baseline_times_ms": [
        2394.0143110012286,
        2372.5137889996404,
        2303.8818079985504,
        2335.0034290015174,
        2316.9417860008252
      ],
      "baseline_trimmed_mean_ms": 2341.486334667328,
      "baseline_row_count": 1,
      "workers": [
        {
          "worker_id": 5,
          "times_ms": [
            2318.65708800251,
            2201.2667900016822,
            2057.414475999394,
            2538.3704409978236,
            2970.3068589988106
          ],
          "trimmed_mean_ms": 2352.764773000672,
          "speedup": 0.9952063043178941,
          "row_count": 1,
          "rows_match": true,
          "status": "pass",
          "error": ""
        }
      ],
      "best_worker_id": 5,
      "best_speedup": 0.9952063043178941,
      "exited": false
    },
    "benchmark_iter2": {
      "query_id": "query072_spj_spj",
      "baseline_times_ms": [
        2222.022639001807,
        2226.3530919990444,
        2192.7179129997967,
        2208.155666001403,
        2057.65109999993
      ],
      "baseline_trimmed_mean_ms": 2207.632072667669,
      "baseline_row_count": 1,
      "workers": [
        {
          "worker_id": 6,
          "times_ms": [
            9109.637675002887,
            8604.977948998567,
            8586.747198998637,
            8703.873572001612,
            8599.906051997095
          ],
          "trimmed_mean_ms": 8636.252524332425,
          "speedup": 0.25562384453763026,
          "row_count": 1,
          "rows_match": true,
          "status": "pass",
          "error": ""
        }
      ],
      "best_worker_id": 6,
      "best_speedup": 0.25562384453763026,
      "exited": false
    }
  }
}