{
  "query_id": "query_10",
  "baseline_times_ms": [
    854.9169629995959,
    203.0472180003926,
    209.3691290001516,
    193.7703630001124,
    204.52319899959548
  ],
  "baseline_trimmed_mean_ms": 205.64651533337988,
  "baseline_row_count": 75,
  "workers": [
    {
      "worker_id": 5,
      "times_ms": [
        202.55018599982577,
        210.1786169996558,
        207.44848899994395,
        225.86350700021285,
        219.93229599956976
      ],
      "trimmed_mean_ms": 212.51980066638984,
      "speedup": 0.9676581414463138,
      "row_count": 75,
      "rows_match": true,
      "status": "pass",
      "error": ""
    }
  ],
  "best_worker_id": 5,
  "best_speedup": 0.9676581414463138,
  "exited": false
}