{
  "source": "swarm_w3",
  "original_path": "/mnt/c/Users/jakc9/Documents/QueryTorque_V8/packages/qt-sql/qt_sql/benchmarks/duckdb_tpcds/queries/query_84.sql",
  "optimized_path": "/mnt/c/Users/jakc9/Documents/QueryTorque_V8/packages/qt-sql/qt_sql/benchmarks/duckdb_tpcds/swarm_batch_20260208_102033/query_84/worker_3_sql.sql",
  "benchmark_iters": {
    "benchmark_iter0": {
      "query_id": "query_84",
      "baseline_times_ms": [
        81.31414700073947,
        45.895538999502605,
        60.39124500057369,
        48.13488099989627,
        50.42392399991513
      ],
      "baseline_trimmed_mean_ms": 52.98335000012836,
      "baseline_row_count": 100,
      "workers": [
        {
          "worker_id": 1,
          "times_ms": [
            59.7414049998406,
            48.03202000039164,
            55.864132000351674,
            48.0067999997118,
            50.56619900005899
          ],
          "trimmed_mean_ms": 51.48745033360077,
          "speedup": 1.0290536753487551,
          "row_count": 100,
          "rows_match": true,
          "status": "pass",
          "error": ""
        },
        {
          "worker_id": 2,
          "times_ms": [
            54.64718900020671,
            54.86830199970427,
            50.17053899973689,
            56.75694300043688,
            49.047743000301125
          ],
          "trimmed_mean_ms": 53.22867666654929,
          "speedup": 0.9953910808649673,
          "row_count": 100,
          "rows_match": true,
          "status": "pass",
          "error": ""
        },
        {
          "worker_id": 3,
          "times_ms": [
            54.71256999953766,
            50.37571199954982,
            48.124480999831576,
            50.32760399990366,
            55.31071400037035
          ],
          "trimmed_mean_ms": 51.80529533299705,
          "speedup": 1.0227400434561553,
          "row_count": 100,
          "rows_match": true,
          "status": "pass",
          "error": ""
        },
        {
          "worker_id": 4,
          "times_ms": [
            41.45069100013643,
            44.41022500031977,
            41.90711100000044,
            41.79750499952206,
            42.90930800016213
          ],
          "trimmed_mean_ms": 42.20464133322821,
          "speedup": 1.255391547621421,
          "row_count": 100,
          "rows_match": true,
          "status": "pass",
          "error": ""
        }
      ],
      "best_worker_id": 4,
      "best_speedup": 1.255391547621421,
      "exited": false
    },
    "benchmark_iter1": {
      "query_id": "query_84",
      "baseline_times_ms": [
        104.49287700066634,
        101.20513299989398,
        116.45091100035643,
        107.07053599981009,
        105.75800399965374
      ],
      "baseline_trimmed_mean_ms": 105.77380566671006,
      "baseline_row_count": 100,
      "workers": [
        {
          "worker_id": 5,
          "times_ms": [
            124.26236600003904,
            98.56771100021433,
            79.30308700088062,
            75.87586800036661,
            76.24670800032618
          ],
          "trimmed_mean_ms": 84.70583533380704,
          "speedup": 1.2487192322686953,
          "row_count": 100,
          "rows_match": true,
          "status": "pass",
          "error": ""
        }
      ],
      "best_worker_id": 5,
      "best_speedup": 1.2487192322686953,
      "exited": false
    },
    "benchmark_iter2": {
      "query_id": "query_84",
      "baseline_times_ms": [
        72.21348999883048,
        46.85986600088654,
        46.6523059985775,
        49.49853600010101,
        58.68937800005369
      ],
      "baseline_trimmed_mean_ms": 51.682593333680416,
      "baseline_row_count": 100,
      "workers": [
        {
          "worker_id": 6,
          "times_ms": [
            206.09562400022696,
            199.90466200033552,
            196.5690140004881,
            195.21095500022057,
            236.6132249990187
          ],
          "trimmed_mean_ms": 200.85643333368353,
          "speedup": 0.2573111175772993,
          "row_count": 68,
          "rows_match": false,
          "status": "fail",
          "error": ""
        }
      ],
      "best_worker_id": 0,
      "best_speedup": 0.0,
      "exited": false
    }
  }
}