{
  "query_id": "query_28",
  "baseline_times_ms": [
    2077.0109009990847,
    1713.7147479988926,
    1742.3994960008713,
    1770.7312059992546,
    1713.1999929988524
  ],
  "baseline_trimmed_mean_ms": 1742.2818166663394,
  "baseline_row_count": 1,
  "workers": [
    {
      "worker_id": 5,
      "times_ms": [
        2588.085237000996,
        2697.306819000005,
        2563.0574309998337,
        2654.5899419998022,
        2630.5410389995814
      ],
      "trimmed_mean_ms": 2624.4054060001267,
      "speedup": 0.6638767824067862,
      "row_count": 1,
      "rows_match": true,
      "status": "pass",
      "error": ""
    }
  ],
  "best_worker_id": 5,
  "best_speedup": 0.6638767824067862,
  "exited": false
}