{
  "query_id": "query_69",
  "baseline_times_ms": [
    312.6953310002136,
    317.8055640000821,
    235.10011100006523,
    274.97788700020465,
    235.0299459994858
  ],
  "baseline_trimmed_mean_ms": 274.2577763334945,
  "baseline_row_count": 100,
  "workers": [
    {
      "worker_id": 5,
      "times_ms": [
        295.933977000459,
        296.6410539993376,
        297.2077719987283,
        293.0896460002259,
        261.67867600088357
      ],
      "trimmed_mean_ms": 295.2215590000075,
      "speedup": 0.9289896620777872,
      "row_count": 100,
      "rows_match": true,
      "status": "pass",
      "error": ""
    }
  ],
  "best_worker_id": 5,
  "best_speedup": 0.9289896620777872,
  "exited": false
}