{
  "query_id": "query_77",
  "baseline_times_ms": [
    949.6659209999052,
    335.14323599956697,
    338.62425000006624,
    308.81032000070263,
    314.1001200001483
  ],
  "baseline_trimmed_mean_ms": 329.2892019999272,
  "baseline_row_count": 100,
  "workers": [
    {
      "worker_id": 5,
      "times_ms": [
        403.9605310008483,
        298.309978999896,
        313.4644540004956,
        315.95882900001016,
        299.49742399912793
      ],
      "trimmed_mean_ms": 309.6402356665446,
      "speedup": 1.0634574065966762,
      "row_count": 100,
      "rows_match": true,
      "status": "pass",
      "error": ""
    }
  ],
  "best_worker_id": 5,
  "best_speedup": 1.0634574065966762,
  "exited": false
}