{
  "query_id": "query064_multi",
  "baseline_times_ms": [
    15080.649982999603,
    15078.291476998857,
    14889.178175999405,
    14956.870160996914,
    15034.752640000079
  ],
  "baseline_trimmed_mean_ms": 15023.30475933195,
  "baseline_row_count": 0,
  "workers": [
    {
      "worker_id": 6,
      "times_ms": [
        15040.258969998831,
        14727.580446000502,
        14609.735935999197,
        14650.27741599988,
        14560.214637000172
      ],
      "trimmed_mean_ms": 14662.53126599986,
      "speedup": 1.024605130368497,
      "row_count": 0,
      "rows_match": true,
      "status": "pass",
      "error": ""
    }
  ],
  "best_worker_id": 6,
  "best_speedup": 1.024605130368497,
  "exited": false
}