{
  "query_id": "query_6",
  "baseline_times_ms": [
    225.2553739999712,
    212.49320400056604,
    206.9286120004108,
    205.84489399971062,
    209.54302199970698
  ],
  "baseline_trimmed_mean_ms": 209.65494600022794,
  "baseline_row_count": 51,
  "workers": [
    {
      "worker_id": 1,
      "times_ms": [
        255.02385900017543,
        234.51232799925492,
        234.55392899995786,
        262.5266819995886,
        259.9024399996779
      ],
      "trimmed_mean_ms": 249.82674266660374,
      "speedup": 0.8392013751706899,
      "row_count": 52,
      "rows_match": false,
      "status": "fail",
      "error": ""
    },
    {
      "worker_id": 2,
      "times_ms": [
        211.85800600051152,
        267.4782510002842,
        223.10491600001114,
        210.78597300038382,
        192.91966899982071
      ],
      "trimmed_mean_ms": 215.24963166696884,
      "speedup": 0.9740083844817123,
      "row_count": 51,
      "rows_match": true,
      "status": "pass",
      "error": ""
    },
    {
      "worker_id": 3,
      "times_ms": [],
      "trimmed_mean_ms": 0,
      "speedup": 0,
      "row_count": 0,
      "rows_match": false,
      "status": "error",
      "error": "Binder Error: Ambiguous reference to column name \"i_category\" (use: \"item.i_category\" or \"cap.i_category\")"
    },
    {
      "worker_id": 4,
      "times_ms": [
        176.43613000018377,
        178.9622740006962,
        163.9385400003448,
        170.08645700025227,
        168.8847920004264
      ],
      "trimmed_mean_ms": 171.80245966695415,
      "speedup": 1.2203256368194746,
      "row_count": 51,
      "rows_match": true,
      "status": "pass",
      "error": ""
    }
  ],
  "best_worker_id": 4,
  "best_speedup": 1.2203256368194746,
  "exited": false
}