{
  "query_id": "query099_agg",
  "baseline_times_ms": [
    269.33229099813616,
    34.654993996809935,
    36.43911899780505,
    30.355623002833454,
    28.013909999572206
  ],
  "baseline_trimmed_mean_ms": 33.816578665816145,
  "baseline_row_count": 3,
  "workers": [
    {
      "worker_id": 1,
      "times_ms": [
        28.983986001549056,
        35.805673000140814,
        34.97072800018941,
        32.72108699820819,
        37.57415500149364
      ],
      "trimmed_mean_ms": 34.49916266617947,
      "speedup": 0.9802144763057544,
      "row_count": 3,
      "rows_match": true,
      "status": "pass",
      "error": ""
    },
    {
      "worker_id": 2,
      "times_ms": [
        29.96884899766883,
        33.233320002182154,
        37.83309099890175,
        31.24979399945005,
        36.147626997262705
      ],
      "trimmed_mean_ms": 33.54358033296497,
      "speedup": 1.008138616395188,
      "row_count": 3,
      "rows_match": true,
      "status": "pass",
      "error": ""
    },
    {
      "worker_id": 3,
      "times_ms": [
        31.625498999346746,
        30.286596000223653,
        31.23008900001878,
        30.30358499745489,
        29.36720000070636
      ],
      "trimmed_mean_ms": 30.60675666589911,
      "speedup": 1.1048729871954481,
      "row_count": 3,
      "rows_match": true,
      "status": "pass",
      "error": ""
    },
    {
      "worker_id": 4,
      "times_ms": [
        36.87497499777237,
        33.10827699897345,
        32.26005800024723,
        34.05031500005862,
        29.17212499960442
      ],
      "trimmed_mean_ms": 33.139549999759765,
      "speedup": 1.0204296276220193,
      "row_count": 3,
      "rows_match": true,
      "status": "pass",
      "error": ""
    }
  ],
  "best_worker_id": 3,
  "best_speedup": 1.1048729871954481,
  "exited": false
}