{
  "query_id": "query099_agg",
  "baseline_times_ms": [
    205.94622999851708,
    35.320045997650595,
    31.83116799846175,
    32.27514500031248,
    32.16080099809915
  ],
  "baseline_trimmed_mean_ms": 33.25199733202074,
  "baseline_row_count": 3,
  "workers": [
    {
      "worker_id": 5,
      "times_ms": [
        32.29099099917221,
        32.52647999761393,
        31.220323999150423,
        29.368207000516122,
        32.067129999632016
      ],
      "trimmed_mean_ms": 31.859481665984884,
      "speedup": 1.043708045241759,
      "row_count": 3,
      "rows_match": true,
      "status": "pass",
      "error": ""
    }
  ],
  "best_worker_id": 5,
  "best_speedup": 1.043708045241759,
  "exited": false
}