{
  "query_id": "query_9",
  "baseline_times_ms": [
    1441.491254999164,
    1498.1705449999936,
    1453.887594000662,
    1379.1986620008174,
    1448.9716759999283
  ],
  "baseline_trimmed_mean_ms": 1448.1168416665848,
  "baseline_row_count": 1,
  "workers": [
    {
      "worker_id": 1,
      "times_ms": [
        3487.502186999336,
        3432.560369999919,
        3403.5712209997655,
        3170.3839500005415,
        3399.08487699995
      ],
      "trimmed_mean_ms": 3411.738822666545,
      "speedup": 0.4244512598812492,
      "row_count": 1,
      "rows_match": true,
      "status": "pass",
      "error": ""
    },
    {
      "worker_id": 2,
      "times_ms": [
        3715.9225979994517,
        3647.327736999614,
        3682.6887010001883,
        3728.0672679999043,
        3731.8677410003147
      ],
      "trimmed_mean_ms": 3708.8928556665146,
      "speedup": 0.390444506762746,
      "row_count": 1,
      "rows_match": true,
      "status": "pass",
      "error": ""
    },
    {
      "worker_id": 3,
      "times_ms": [
        5334.616033999737,
        5380.742146000557,
        5324.777335999897,
        5195.416798999759,
        5212.168752999787
      ],
      "trimmed_mean_ms": 5290.520707666474,
      "speedup": 0.2737191519859518,
      "row_count": 1,
      "rows_match": true,
      "status": "pass",
      "error": ""
    },
    {
      "worker_id": 4,
      "times_ms": [
        3762.168696000117,
        3665.7346990004953,
        3626.4928660002624,
        3666.31309100012,
        3723.825950999526
      ],
      "trimmed_mean_ms": 3685.291247000047,
      "speedup": 0.3929450197037755,
      "row_count": 1,
      "rows_match": true,
      "status": "pass",
      "error": ""
    }
  ],
  "best_worker_id": 1,
  "best_speedup": 0.4244512598812492,
  "exited": false
}