{
  "query_id": "query065_multi",
  "baseline_times_ms": [
    4298.955844999,
    3795.439796998835,
    3810.339275998558,
    3839.9882710000384,
    3812.747328000114
  ],
  "baseline_trimmed_mean_ms": 3821.0249583329037,
  "baseline_row_count": 0,
  "workers": [
    {
      "worker_id": 1,
      "times_ms": [
        2133.7777899971115,
        1922.9900690006616,
        2210.207429001457,
        2238.8403240001935,
        2400.2686069979973
      ],
      "trimmed_mean_ms": 2194.2751809995875,
      "speedup": 1.7413608791729855,
      "row_count": 0,
      "rows_match": true,
      "status": "pass",
      "error": ""
    },
    {
      "worker_id": 2,
      "times_ms": [
        2424.7709549999854,
        2525.569297999027,
        2628.120098001091,
        2441.99080999897,
        2537.60484400118
      ],
      "trimmed_mean_ms": 2501.721650666392,
      "speedup": 1.52735815246076,
      "row_count": 0,
      "rows_match": true,
      "status": "pass",
      "error": ""
    },
    {
      "worker_id": 3,
      "times_ms": [
        2936.134002000472,
        3011.954287001572,
        2933.171348999167,
        2779.4859479981824,
        2312.852942999598
      ],
      "trimmed_mean_ms": 2882.9304329992738,
      "speedup": 1.3253961714080202,
      "row_count": 0,
      "rows_match": true,
      "status": "pass",
      "error": ""
    },
    {
      "worker_id": 4,
      "times_ms": [
        2317.149875998439,
        2056.676026000787,
        1957.9105399971013,
        2217.582223001955,
        2647.560249999515
      ],
      "trimmed_mean_ms": 2197.13604166706,
      "speedup": 1.7390934770856203,
      "row_count": 0,
      "rows_match": true,
      "status": "pass",
      "error": ""
    }
  ],
  "best_worker_id": 1,
  "best_speedup": 1.7413608791729855,
  "exited": false
}