{
  "source": "swarm_final",
  "original_path": "/mnt/c/Users/jakc9/Documents/QueryTorque_V8/packages/qt-sql/qt_sql/benchmarks/duckdb_tpcds/queries/query_99.sql",
  "optimized_path": "/mnt/c/Users/jakc9/Documents/QueryTorque_V8/packages/qt-sql/qt_sql/benchmarks/duckdb_tpcds/swarm_batch_20260208_102033/query_99/final_worker_sql.sql",
  "benchmark_iters": {
    "benchmark_iter0": {
      "query_id": "query_99",
      "baseline_times_ms": [
        367.1120789995257,
        320.901791000324,
        297.618503999729,
        323.7983389999499,
        301.49361999974644
      ],
      "baseline_trimmed_mean_ms": 315.39791666667344,
      "baseline_row_count": 100,
      "workers": [
        {
          "worker_id": 1,
          "times_ms": [
            324.3519009993179,
            323.18427700010943,
            337.8060690001803,
            310.5495730005714,
            311.7396159996133
          ],
          "trimmed_mean_ms": 319.7585979996802,
          "speedup": 0.9863625830226741,
          "row_count": 100,
          "rows_match": true,
          "status": "pass",
          "error": ""
        },
        {
          "worker_id": 2,
          "times_ms": [
            296.54848799964384,
            304.92756299918256,
            288.2182779994764,
            306.131880999601,
            308.75335200016707
          ],
          "trimmed_mean_ms": 302.5359773328091,
          "speedup": 1.0425137514131595,
          "row_count": 100,
          "rows_match": true,
          "status": "pass",
          "error": ""
        },
        {
          "worker_id": 3,
          "times_ms": [
            287.11363399997936,
            308.97987699972873,
            277.5712949996887,
            285.8361180005886,
            281.74616799969954
          ],
          "trimmed_mean_ms": 284.8986400000892,
          "speedup": 1.107053079181335,
          "row_count": 100,
          "rows_match": true,
          "status": "pass",
          "error": ""
        },
        {
          "worker_id": 4,
          "times_ms": [
            360.5920919999335,
            292.9508609995537,
            328.6167109999951,
            282.9027590005353,
            295.43157300031453
          ],
          "trimmed_mean_ms": 305.66638166662113,
          "speedup": 1.0318371125636778,
          "row_count": 100,
          "rows_match": true,
          "status": "pass",
          "error": ""
        }
      ],
      "best_worker_id": 3,
      "best_speedup": 1.107053079181335,
      "exited": false
    },
    "benchmark_iter1": {
      "query_id": "query_99",
      "baseline_times_ms": [
        657.9731620004168,
        401.9636930006527,
        385.8465659996,
        350.3947600001993,
        366.23872100062727
      ],
      "baseline_trimmed_mean_ms": 384.68299333362665,
      "baseline_row_count": 100,
      "workers": [
        {
          "worker_id": 5,
          "times_ms": [
            337.04976300032286,
            373.731133999172,
            351.99160299998766,
            334.43347200045537,
            331.25548800126126
          ],
          "trimmed_mean_ms": 341.1582793335886,
          "speedup": 1.1275792400086502,
          "row_count": 100,
          "rows_match": true,
          "status": "pass",
          "error": ""
        }
      ],
      "best_worker_id": 5,
      "best_speedup": 1.1275792400086502,
      "exited": false
    },
    "benchmark_iter2": {
      "query_id": "query_99",
      "baseline_times_ms": [
        439.87710699911986,
        328.2609549987683,
        311.63901800027816,
        296.6372989994852,
        301.76685200058273
      ],
      "baseline_trimmed_mean_ms": 313.8889416665431,
      "baseline_row_count": 100,
      "workers": [
        {
          "worker_id": 6,
          "times_ms": [
            137.91288400170743,
            143.10646199919574,
            133.53347399970517,
            132.29955099996005,
            131.5923540005315
          ],
          "trimmed_mean_ms": 134.5819696671242,
          "speedup": 2.332325366042106,
          "row_count": 100,
          "rows_match": true,
          "status": "pass",
          "error": ""
        }
      ],
      "best_worker_id": 6,
      "best_speedup": 2.332325366042106,
      "exited": true
    }
  }
}