{
  "query_id": "query_68",
  "baseline_times_ms": [
    749.9302619999071,
    523.7170410000545,
    471.00413799853413,
    508.5060270012036,
    517.6554909994593
  ],
  "baseline_trimmed_mean_ms": 516.6261863335725,
  "baseline_row_count": 100,
  "workers": [
    {
      "worker_id": 6,
      "times_ms": [
        510.88501599951996,
        550.4506010001933,
        527.3610620006366,
        478.51133400035906,
        481.7933490012365
      ],
      "trimmed_mean_ms": 506.67980900046433,
      "speedup": 1.0196304987023848,
      "row_count": 100,
      "rows_match": true,
      "status": "pass",
      "error": ""
    }
  ],
  "best_worker_id": 6,
  "best_speedup": 1.0196304987023848,
  "exited": false
}