{
  "query_id": "query075_multi",
  "baseline_times_ms": [
    4984.549869001057,
    4467.629176000628,
    4621.404453999276,
    4513.180472000386,
    4847.763685997052
  ],
  "baseline_trimmed_mean_ms": 4660.782870665571,
  "baseline_row_count": 2,
  "workers": [
    {
      "worker_id": 6,
      "times_ms": [
        29478.30365199843,
        27637.24665799964,
        28086.233471000014,
        27896.73738300189,
        27813.11309299781
      ],
      "trimmed_mean_ms": 27932.02798233324,
      "speedup": 0.16686159965232294,
      "row_count": 100,
      "rows_match": false,
      "status": "fail",
      "error": ""
    }
  ],
  "best_worker_id": 0,
  "best_speedup": 0.0,
  "exited": false
}