{
  "query_id": "query_4",
  "baseline_times_ms": [
    5734.828556000139,
    4931.921925999632,
    5087.666031000481,
    4850.415341999906,
    4873.865493000267
  ],
  "baseline_trimmed_mean_ms": 4964.48448333346,
  "baseline_row_count": 100,
  "workers": [
    {
      "worker_id": 6,
      "times_ms": [
        3195.6044210000982,
        3037.2604800013505,
        3096.6587769999023,
        3031.701534999229,
        3091.5695910007344
      ],
      "trimmed_mean_ms": 3075.1629493339956,
      "speedup": 1.6143809499293833,
      "row_count": 100,
      "rows_match": true,
      "status": "pass",
      "error": ""
    }
  ],
  "best_worker_id": 6,
  "best_speedup": 1.6143809499293833,
  "exited": false
}