{
  "source": "swarm_w2",
  "original_path": "/mnt/c/Users/jakc9/Documents/QueryTorque_V8/packages/qt-sql/qt_sql/benchmarks/duckdb_tpcds/queries/query_56.sql",
  "optimized_path": "/mnt/c/Users/jakc9/Documents/QueryTorque_V8/packages/qt-sql/qt_sql/benchmarks/duckdb_tpcds/swarm_batch_20260208_102033/query_56/worker_2_sql.sql",
  "benchmark_iters": {
    "benchmark_iter0": {
      "query_id": "query_56",
      "baseline_times_ms": [
        319.84644699969067,
        273.9954349999607,
        253.32497199997306,
        322.77824100037833,
        285.34279500036064
      ],
      "baseline_trimmed_mean_ms": 293.061559000004,
      "baseline_row_count": 100,
      "workers": [
        {
          "worker_id": 1,
          "times_ms": [
            244.26434999986668,
            235.73801400016237,
            253.5238410000602,
            254.09823399968445,
            240.03681099929963
          ],
          "trimmed_mean_ms": 245.94166733307551,
          "speedup": 1.1915897057130815,
          "row_count": 100,
          "rows_match": true,
          "status": "pass",
          "error": ""
        },
        {
          "worker_id": 2,
          "times_ms": [
            245.1027429997339,
            234.9840189999668,
            270.53143399916735,
            292.10146500008705,
            276.9554490005248
          ],
          "trimmed_mean_ms": 264.1965419998087,
          "speedup": 1.1092558471117924,
          "row_count": 100,
          "rows_match": true,
          "status": "pass",
          "error": ""
        },
        {
          "worker_id": 3,
          "times_ms": [
            242.98173099941778,
            242.10739200043463,
            267.9547219995584,
            258.7760630003686,
            234.1570859998683
          ],
          "trimmed_mean_ms": 247.95506200007367,
          "speedup": 1.1819139994000887,
          "row_count": 100,
          "rows_match": true,
          "status": "pass",
          "error": ""
        },
        {
          "worker_id": 4,
          "times_ms": [
            254.55176499963272,
            259.66831100049603,
            289.1245360005996,
            278.7015039994003,
            252.62897500033432
          ],
          "trimmed_mean_ms": 264.3071933331764,
          "speedup": 1.108791460815752,
          "row_count": 100,
          "rows_match": true,
          "status": "pass",
          "error": ""
        }
      ],
      "best_worker_id": 1,
      "best_speedup": 1.1915897057130815,
      "exited": false
    },
    "benchmark_iter1": {
      "query_id": "query_56",
      "baseline_times_ms": [
        433.3672509983444,
        339.56821900028444,
        311.6462899997714,
        338.11448699998436,
        282.07838100024674
      ],
      "baseline_trimmed_mean_ms": 329.7763320000134,
      "baseline_row_count": 100,
      "workers": [
        {
          "worker_id": 5,
          "times_ms": [
            245.16106599912746,
            248.58147099985217,
            237.63836499892932,
            257.30640499932633,
            231.1645640002098
          ],
          "trimmed_mean_ms": 243.79363399930298,
          "speedup": 1.3526863954165276,
          "row_count": 100,
          "rows_match": true,
          "status": "pass",
          "error": ""
        }
      ],
      "best_worker_id": 5,
      "best_speedup": 1.3526863954165276,
      "exited": false
    },
    "benchmark_iter2": {
      "query_id": "query_56",
      "baseline_times_ms": [
        309.9055450002197,
        249.91538699941884,
        240.52532399946358,
        249.26909699934185,
        257.07194700044056
      ],
      "baseline_trimmed_mean_ms": 252.08547699973374,
      "baseline_row_count": 100,
      "workers": [
        {
          "worker_id": 6,
          "times_ms": [],
          "trimmed_mean_ms": 0,
          "speedup": 0,
          "row_count": 0,
          "rows_match": false,
          "status": "error",
          "error": "Binder Error: Referenced table \"i\" not found!\nCandidate tables: \"store_sales\"\n\nLINE 25:   GROUP BY i.i_item_id\n                    ^"
        }
      ],
      "best_worker_id": 0,
      "best_speedup": 0.0,
      "exited": false
    }
  }
}