{
  "query_id": "query_1",
  "baseline_times_ms": [
    304.1219580009056,
    104.5802749995346,
    101.48198799834063,
    108.82823599968106,
    108.6352820002503
  ],
  "baseline_trimmed_mean_ms": 107.34793099982198,
  "baseline_row_count": 100,
  "workers": [
    {
      "worker_id": 6,
      "times_ms": [
        193.289922999611,
        181.4051279998239,
        191.8312279995007,
        177.50847900060762,
        175.5287319992931
      ],
      "trimmed_mean_ms": 183.58161166664408,
      "speedup": 0.5847422845091331,
      "row_count": 100,
      "rows_match": true,
      "status": "pass",
      "error": ""
    }
  ],
  "best_worker_id": 6,
  "best_speedup": 0.5847422845091331,
  "exited": false
}