{
  "query_id": "query_3",
  "baseline_times_ms": [
    207.4249650013371,
    189.18858399956662,
    190.51803500042297,
    214.10583599936217,
    188.3288219996757
  ],
  "baseline_trimmed_mean_ms": 195.71052800044222,
  "baseline_row_count": 67,
  "workers": [
    {
      "worker_id": 6,
      "times_ms": [
        4054.1692009992403,
        4042.0252380008606,
        3800.245645999894,
        3911.1678669996763,
        3901.645166999515
      ],
      "trimmed_mean_ms": 3951.6127573333506,
      "speedup": 0.04952674768985023,
      "row_count": 67,
      "rows_match": true,
      "status": "pass",
      "error": ""
    }
  ],
  "best_worker_id": 6,
  "best_speedup": 0.04952674768985023,
  "exited": false
}