{
  "query_id": "query_62",
  "baseline_times_ms": [
    505.43812299838464,
    236.9645060007315,
    214.95424800014007,
    210.45222300017485,
    212.87679099987145
  ],
  "baseline_trimmed_mean_ms": 221.59851500024766,
  "baseline_row_count": 100,
  "workers": [
    {
      "worker_id": 5,
      "times_ms": [
        208.85690300019633,
        221.46741399956227,
        217.96474099937768,
        206.3406990000658,
        239.1759069996624
      ],
      "trimmed_mean_ms": 216.09635266637875,
      "speedup": 1.0254616159226133,
      "row_count": 100,
      "rows_match": true,
      "status": "pass",
      "error": ""
    }
  ],
  "best_worker_id": 5,
  "best_speedup": 1.0254616159226133,
  "exited": false
}