{
  "query_id": "query_62",
  "baseline_times_ms": [
    227.3798509995686,
    193.66595299834444,
    197.6652829998784,
    196.88010400022904,
    203.04444600151328
  ],
  "baseline_trimmed_mean_ms": 199.19661100054023,
  "baseline_row_count": 100,
  "workers": [
    {
      "worker_id": 6,
      "times_ms": [
        120.76870199962286,
        128.83245199918747,
        120.36338100006105,
        129.66840400076762,
        119.13651199938613
      ],
      "trimmed_mean_ms": 123.32151166629046,
      "speedup": 1.6152624818577372,
      "row_count": 100,
      "rows_match": true,
      "status": "pass",
      "error": ""
    }
  ],
  "best_worker_id": 6,
  "best_speedup": 1.6152624818577372,
  "exited": false
}