{
  "query_id": "query_54",
  "baseline_times_ms": [
    478.7518289995205,
    368.6147879998316,
    308.1749780012615,
    299.6420199997374,
    308.35711200052174
  ],
  "baseline_trimmed_mean_ms": 328.3822926672049,
  "baseline_row_count": 0,
  "workers": [
    {
      "worker_id": 5,
      "times_ms": [
        379.8913979990175,
        353.5973429989099,
        355.6667220000236,
        349.2830129998765,
        344.29865299898665
      ],
      "trimmed_mean_ms": 352.8490259996033,
      "speedup": 0.9306594845682643,
      "row_count": 0,
      "rows_match": true,
      "status": "pass",
      "error": ""
    }
  ],
  "best_worker_id": 5,
  "best_speedup": 0.9306594845682643,
  "exited": false
}