{
  "query_id": "query025_agg",
  "baseline_times_ms": [
    2994.836349000252,
    2178.2793090023915,
    2226.3326109969057,
    2237.543751998601,
    2232.5172669989115
  ],
  "baseline_trimmed_mean_ms": 2232.131209998139,
  "baseline_row_count": 0,
  "workers": [
    {
      "worker_id": 6,
      "times_ms": [
        12616.926206999779,
        13150.90405400042,
        18049.674969999614,
        12925.707189002424,
        13327.102621999074
      ],
      "trimmed_mean_ms": 13134.571288333973,
      "speedup": 0.16994321025009027,
      "row_count": 0,
      "rows_match": true,
      "status": "pass",
      "error": ""
    }
  ],
  "best_worker_id": 6,
  "best_speedup": 0.16994321025009027,
  "exited": false
}