{
  "query_id": "query025_agg",
  "baseline_times_ms": [
    4098.392166000849,
    1967.1620929984783,
    1868.134681997617,
    1893.2574180034862,
    1891.7525309989287
  ],
  "baseline_trimmed_mean_ms": 1917.3906806669645,
  "baseline_row_count": 0,
  "workers": [
    {
      "worker_id": 5,
      "times_ms": [
        4677.72406199947,
        2413.7020239977574,
        2050.5145009992702,
        2391.657528001815,
        3546.1717040016083
      ],
      "trimmed_mean_ms": 2783.8437520003936,
      "speedup": 0.6887565723791719,
      "row_count": 0,
      "rows_match": true,
      "status": "pass",
      "error": ""
    }
  ],
  "best_worker_id": 5,
  "best_speedup": 0.6887565723791719,
  "exited": false
}