{
  "query_id": "query_51",
  "baseline_times_ms": [
    5064.465985000425,
    4860.080065000147,
    4888.665254000443,
    4830.771118000484,
    4855.042283999865
  ],
  "baseline_trimmed_mean_ms": 4867.929201000152,
  "baseline_row_count": 100,
  "workers": [
    {
      "worker_id": 6,
      "times_ms": [
        6444.734033999339,
        6394.644349000373,
        6237.374420999913,
        6280.343696998898,
        5939.259952001521
      ],
      "trimmed_mean_ms": 6304.120822333061,
      "speedup": 0.7721820913956727,
      "row_count": 100,
      "rows_match": true,
      "status": "pass",
      "error": ""
    }
  ],
  "best_worker_id": 6,
  "best_speedup": 0.7721820913956727,
  "exited": false
}