{
  "source": "swarm_w1",
  "original_path": "/mnt/c/Users/jakc9/Documents/QueryTorque_V8/packages/qt-sql/qt_sql/benchmarks/duckdb_tpcds/queries/query_77.sql",
  "optimized_path": "/mnt/c/Users/jakc9/Documents/QueryTorque_V8/packages/qt-sql/qt_sql/benchmarks/duckdb_tpcds/swarm_batch_20260208_102033/query_77/worker_1_sql.sql",
  "benchmark_iters": {
    "benchmark_iter0": {
      "query_id": "query_77",
      "baseline_times_ms": [
        333.47957899968605,
        292.01182199994946,
        292.4319170006129,
        305.79073100034293,
        286.45689399945695
      ],
      "baseline_trimmed_mean_ms": 296.7448233336351,
      "baseline_row_count": 100,
      "workers": [
        {
          "worker_id": 1,
          "times_ms": [
            323.6729589998504,
            321.97990599979676,
            297.2807539999849,
            325.6726430008712,
            325.14102700042713
          ],
          "trimmed_mean_ms": 323.5979640000248,
          "speedup": 0.9170169665641419,
          "row_count": 100,
          "rows_match": true,
          "status": "pass",
          "error": ""
        },
        {
          "worker_id": 2,
          "times_ms": [
            287.84860799987655,
            295.1220680006372,
            296.3397889998305,
            292.5994970000829,
            329.8697979998906
          ],
          "trimmed_mean_ms": 294.68711800018355,
          "speedup": 1.0069826782636975,
          "row_count": 100,
          "rows_match": true,
          "status": "pass",
          "error": ""
        },
        {
          "worker_id": 3,
          "times_ms": [
            281.3482189994829,
            295.84275399975013,
            286.9413260004876,
            292.8947780001181,
            290.91677900032664
          ],
          "trimmed_mean_ms": 290.2509610003108,
          "speedup": 1.0223732672958055,
          "row_count": 100,
          "rows_match": true,
          "status": "pass",
          "error": ""
        },
        {
          "worker_id": 4,
          "times_ms": [
            274.4705300001442,
            276.3395069996477,
            276.8214320003608,
            281.59754799980874,
            307.5367470000856
          ],
          "trimmed_mean_ms": 278.2528289999391,
          "speedup": 1.0664575249788388,
          "row_count": 100,
          "rows_match": true,
          "status": "pass",
          "error": ""
        }
      ],
      "best_worker_id": 4,
      "best_speedup": 1.0664575249788388,
      "exited": false
    },
    "benchmark_iter1": {
      "query_id": "query_77",
      "baseline_times_ms": [
        949.6659209999052,
        335.14323599956697,
        338.62425000006624,
        308.81032000070263,
        314.1001200001483
      ],
      "baseline_trimmed_mean_ms": 329.2892019999272,
      "baseline_row_count": 100,
      "workers": [
        {
          "worker_id": 5,
          "times_ms": [
            403.9605310008483,
            298.309978999896,
            313.4644540004956,
            315.95882900001016,
            299.49742399912793
          ],
          "trimmed_mean_ms": 309.6402356665446,
          "speedup": 1.0634574065966762,
          "row_count": 100,
          "rows_match": true,
          "status": "pass",
          "error": ""
        }
      ],
      "best_worker_id": 5,
      "best_speedup": 1.0634574065966762,
      "exited": false
    },
    "benchmark_iter2": {
      "query_id": "query_77",
      "baseline_times_ms": [
        302.385567998499,
        265.75450000018463,
        284.6272520000639,
        289.5668029996159,
        277.91138800057524
      ],
      "baseline_trimmed_mean_ms": 284.0351476667517,
      "baseline_row_count": 100,
      "workers": [
        {
          "worker_id": 6,
          "times_ms": [],
          "trimmed_mean_ms": 0,
          "speedup": 0,
          "row_count": 0,
          "rows_match": false,
          "status": "error",
          "error": "Binder Error: Referenced column \"sr_store_sk\" not found in FROM clause!\nCandidate bindings: \"ss_store_sk\", \"sr_net_loss\", \"sr_return_amt\", \"ss_net_profit\", \"ss_ext_sales_price\"\n\nLINE 9:     COALESCE(ss_store_sk, sr_store_sk) AS store_sk,\n                                  ^"
        }
      ],
      "best_worker_id": 0,
      "best_speedup": 0.0,
      "exited": false
    }
  }
}