{
  "query_id": "query_26",
  "baseline_times_ms": [
    309.7876379997615,
    198.08114199986449,
    223.1967909992818,
    194.23820600059116,
    213.77677999953448
  ],
  "baseline_trimmed_mean_ms": 211.68490433289358,
  "baseline_row_count": 100,
  "workers": [
    {
      "worker_id": 6,
      "times_ms": [
        988.4222649998264,
        578.2484339997609,
        487.81173399947875,
        452.9142579995096,
        487.0866540004499
      ],
      "trimmed_mean_ms": 517.7156073332299,
      "speedup": 0.40888260144075916,
      "row_count": 100,
      "rows_match": true,
      "status": "pass",
      "error": ""
    }
  ],
  "best_worker_id": 6,
  "best_speedup": 0.40888260144075916,
  "exited": false
}