{
  "query_id": "query040_agg",
  "baseline_times_ms": [
    1217.3432519994094,
    836.2479589995928,
    923.9040940010455,
    1036.4415949989052,
    952.501960000518
  ],
  "baseline_trimmed_mean_ms": 970.9492163334895,
  "baseline_row_count": 2,
  "workers": [
    {
      "worker_id": 1,
      "times_ms": [
        952.9780009979731,
        931.5381109990994,
        969.8558630007028,
        1033.3938990006573,
        1033.6429239978315
      ],
      "trimmed_mean_ms": 985.4092543331111,
      "speedup": 0.9853258552869918,
      "row_count": 2,
      "rows_match": true,
      "status": "pass",
      "error": ""
    },
    {
      "worker_id": 2,
      "times_ms": [
        988.9538890020049,
        999.8722550008097,
        1000.4647610003303,
        1219.25706500042,
        1265.459580001334
      ],
      "trimmed_mean_ms": 1073.19802700052,
      "speedup": 0.9047251223962781,
      "row_count": 100,
      "rows_match": false,
      "status": "fail",
      "error": ""
    },
    {
      "worker_id": 3,
      "times_ms": [
        1282.4049800001376,
        1256.74233600148,
        1067.8410869986692,
        970.8541150030214,
        1017.6250590011477
      ],
      "trimmed_mean_ms": 1114.0694940004323,
      "speedup": 0.8715337970946296,
      "row_count": 100,
      "rows_match": false,
      "status": "fail",
      "error": ""
    },
    {
      "worker_id": 4,
      "times_ms": [
        1144.1587070003152,
        1167.0337349969486,
        859.3165449965454,
        1109.3911869975273,
        1178.5866960017302
      ],
      "trimmed_mean_ms": 1140.1945429982636,
      "speedup": 0.8515645179113686,
      "row_count": 100,
      "rows_match": false,
      "status": "fail",
      "error": ""
    }
  ],
  "best_worker_id": 1,
  "best_speedup": 0.9853258552869918,
  "exited": false
}