{
  "query_id": "query040_agg",
  "baseline_times_ms": [
    1023.6330549996637,
    93.04278299896396,
    117.72838099932414,
    109.58350299915764,
    99.35153300102684
  ],
  "baseline_trimmed_mean_ms": 108.88780566650287,
  "baseline_row_count": 2,
  "workers": [
    {
      "worker_id": 6,
      "times_ms": [
        85.89156599919079,
        85.4715790010232,
        85.03386599841178,
        85.35546900020563,
        86.71160499943653
      ],
      "trimmed_mean_ms": 85.5728713334732,
      "speedup": 1.2724570762873264,
      "row_count": 2,
      "rows_match": true,
      "status": "pass",
      "error": ""
    }
  ],
  "best_worker_id": 6,
  "best_speedup": 1.2724570762873264,
  "exited": false
}