{
  "query_id": "query_33",
  "baseline_times_ms": [
    372.52860099943064,
    319.8901289997593,
    266.472089000672,
    248.42261300000246,
    254.7788389983907
  ],
  "baseline_trimmed_mean_ms": 280.3803523329407,
  "baseline_row_count": 100,
  "workers": [
    {
      "worker_id": 5,
      "times_ms": [
        249.30056199991668,
        233.33540400017228,
        238.20513200007554,
        245.92951299928245,
        248.43683700055408
      ],
      "trimmed_mean_ms": 244.1904939999707,
      "speedup": 1.1482033872005448,
      "row_count": 100,
      "rows_match": true,
      "status": "pass",
      "error": ""
    }
  ],
  "best_worker_id": 5,
  "best_speedup": 1.1482033872005448,
  "exited": false
}