{
  "query_id": "query_33",
  "baseline_times_ms": [
    236.2317240003904,
    224.8918790010066,
    220.85981400050514,
    259.45853000121133,
    238.91422899941972
  ],
  "baseline_trimmed_mean_ms": 233.34594400027223,
  "baseline_row_count": 100,
  "workers": [
    {
      "worker_id": 6,
      "times_ms": [
        229.83279000072798,
        236.78155400011747,
        205.18951899975946,
        211.94941900103004,
        223.17630100042152
      ],
      "trimmed_mean_ms": 221.6528366673932,
      "speedup": 1.0527541515312318,
      "row_count": 100,
      "rows_match": true,
      "status": "pass",
      "error": ""
    }
  ],
  "best_worker_id": 6,
  "best_speedup": 1.0527541515312318,
  "exited": false
}