{
  "query_id": "query_82",
  "baseline_times_ms": [
    175.34831299963116,
    260.62867300061043,
    221.0955020000256,
    169.52728499927616,
    155.6202249994385
  ],
  "baseline_trimmed_mean_ms": 188.65703333297765,
  "baseline_row_count": 9,
  "workers": [
    {
      "worker_id": 5,
      "times_ms": [
        155.3111800003535,
        180.65777700030594,
        168.73624499930884,
        143.57023099910293,
        172.8641890003928
      ],
      "trimmed_mean_ms": 165.63720466668505,
      "speedup": 1.1389774037337557,
      "row_count": 9,
      "rows_match": true,
      "status": "pass",
      "error": ""
    }
  ],
  "best_worker_id": 5,
  "best_speedup": 1.1389774037337557,
  "exited": false
}