{
  "query_id": "query_73",
  "baseline_times_ms": [
    305.08681399987836,
    319.9559519998729,
    328.8037920010538,
    334.52253000177734,
    302.5834380005108
  ],
  "baseline_trimmed_mean_ms": 317.948852666935,
  "baseline_row_count": 15,
  "workers": [
    {
      "worker_id": 6,
      "times_ms": [
        339.5069500002137,
        337.97061999939615,
        353.48739700020815,
        361.0491859999456,
        328.83077999940724
      ],
      "trimmed_mean_ms": 343.65498899993935,
      "speedup": 0.9251978374944853,
      "row_count": 15,
      "rows_match": true,
      "status": "pass",
      "error": ""
    }
  ],
  "best_worker_id": 6,
  "best_speedup": 0.9251978374944853,
  "exited": false
}