{
  "query_id": "query_57",
  "baseline_times_ms": [
    710.7046180008183,
    550.615657999515,
    643.981660999998,
    655.5124900005467,
    690.2508670009411
  ],
  "baseline_trimmed_mean_ms": 663.2483393338285,
  "baseline_row_count": 100,
  "workers": [
    {
      "worker_id": 6,
      "times_ms": [
        521.2981339991529,
        528.3665979986836,
        562.2220909990574,
        511.0099320008885,
        532.357440000851
      ],
      "trimmed_mean_ms": 527.3407239995626,
      "speedup": 1.2577225864588806,
      "row_count": 100,
      "rows_match": true,
      "status": "pass",
      "error": ""
    }
  ],
  "best_worker_id": 6,
  "best_speedup": 1.2577225864588806,
  "exited": false
}