{
  "query_id": "query084_agg",
  "baseline_times_ms": [
    535.8380690013291,
    409.32244199939305,
    398.6411379992205,
    377.2345020006469,
    381.5533870001673
  ],
  "baseline_trimmed_mean_ms": 396.5056556662603,
  "baseline_row_count": 100,
  "workers": [
    {
      "worker_id": 6,
      "times_ms": [
        369.1409359998943,
        363.09187400183873,
        365.4066730014165,
        346.20248200008064,
        354.0733560002991
      ],
      "trimmed_mean_ms": 360.8573010011848,
      "speedup": 1.0987879545908328,
      "row_count": 100,
      "rows_match": true,
      "status": "pass",
      "error": ""
    }
  ],
  "best_worker_id": 6,
  "best_speedup": 1.0987879545908328,
  "exited": false
}