{
  "query_id": "query018_spj_spj",
  "baseline_times_ms": [
    3921.7057440000644,
    3723.5863659989263,
    3648.1744869997783,
    2870.814382997196,
    2419.1617110009247
  ],
  "baseline_trimmed_mean_ms": 3414.191745331967,
  "baseline_row_count": 1,
  "workers": [
    {
      "worker_id": 6,
      "times_ms": [
        2455.2772309980355,
        2414.2247609997867,
        2686.919334999402,
        2786.4447299980384,
        2722.681707000447
      ],
      "trimmed_mean_ms": 2621.626090999295,
      "speedup": 1.3023183424416436,
      "row_count": 1,
      "rows_match": true,
      "status": "pass",
      "error": ""
    }
  ],
  "best_worker_id": 6,
  "best_speedup": 1.3023183424416436,
  "exited": false
}