{
  "query_id": "query_91",
  "baseline_times_ms": [
    45.50997700061998,
    33.62544700030412,
    35.817184000734414,
    32.764374000180396,
    30.6681430001845
  ],
  "baseline_trimmed_mean_ms": 34.069001667072975,
  "baseline_row_count": 21,
  "workers": [
    {
      "worker_id": 1,
      "times_ms": [
        42.29108300023654,
        39.24163000010594,
        41.25962400030403,
        44.518625000819156,
        39.350731000013184
      ],
      "trimmed_mean_ms": 40.967146000184584,
      "speedup": 0.8316176495897339,
      "row_count": 21,
      "rows_match": true,
      "status": "pass",
      "error": ""
    },
    {
      "worker_id": 2,
      "times_ms": [
        45.117135000509734,
        40.02897499958635,
        39.135349999924074,
        41.53700200004096,
        43.52882000057434
      ],
      "trimmed_mean_ms": 41.69826566673388,
      "speedup": 0.8170364191969884,
      "row_count": 21,
      "rows_match": true,
      "status": "pass",
      "error": ""
    },
    {
      "worker_id": 3,
      "times_ms": [
        1516.529546000129,
        1485.8907570005613,
        1417.0676590001676,
        1393.7728340006288,
        1383.9012500002354
      ],
      "trimmed_mean_ms": 1432.2437500004526,
      "speedup": 0.02378715331595073,
      "row_count": 21,
      "rows_match": true,
      "status": "pass",
      "error": ""
    },
    {
      "worker_id": 4,
      "times_ms": [
        61.2987560007241,
        45.98673799955577,
        43.11832300027163,
        51.245001000097545,
        48.94590099956986
      ],
      "trimmed_mean_ms": 48.72587999974106,
      "speedup": 0.6991972575406339,
      "row_count": 12,
      "rows_match": false,
      "status": "fail",
      "error": ""
    }
  ],
  "best_worker_id": 1,
  "best_speedup": 0.8316176495897339,
  "exited": false
}