{
  "query_id": "query_91",
  "baseline_times_ms": [
    39.327071001025615,
    42.621501999747125,
    34.207891001642565,
    58.354224000140675,
    70.32353899921873
  ],
  "baseline_trimmed_mean_ms": 46.76759900030447,
  "baseline_row_count": 21,
  "workers": [
    {
      "worker_id": 5,
      "times_ms": [
        78.10388999860152,
        79.25161800085334,
        91.70247800102516,
        67.88451700049336,
        52.29519000022265
      ],
      "trimmed_mean_ms": 75.08000833331607,
      "speedup": 0.6229034870731597,
      "row_count": 21,
      "rows_match": true,
      "status": "pass",
      "error": ""
    }
  ],
  "best_worker_id": 5,
  "best_speedup": 0.6229034870731597,
  "exited": false
}