{
  "query_id": "query_17",
  "baseline_times_ms": [
    938.6182660000486,
    393.2110780006042,
    389.4132979994538,
    395.6243210004686,
    404.3827909999891
  ],
  "baseline_trimmed_mean_ms": 397.7393966670206,
  "baseline_row_count": 0,
  "workers": [
    {
      "worker_id": 5,
      "times_ms": [
        405.36401999997906,
        363.8918440001362,
        386.5190540000185,
        399.63976799936063,
        382.00869699994655
      ],
      "trimmed_mean_ms": 389.3891729997752,
      "speedup": 1.0214444166562644,
      "row_count": 0,
      "rows_match": true,
      "status": "pass",
      "error": ""
    }
  ],
  "best_worker_id": 5,
  "best_speedup": 1.0214444166562644,
  "exited": false
}