{
  "query_id": "query_82",
  "baseline_times_ms": [
    173.27513999953226,
    130.82937199942535,
    126.17725600011909,
    130.5587930000911,
    143.99993600000016
  ],
  "baseline_trimmed_mean_ms": 135.12936699983888,
  "baseline_row_count": 9,
  "workers": [
    {
      "worker_id": 1,
      "times_ms": [
        145.27092000025732,
        143.60760400086292,
        137.87765800043417,
        139.99371799945948,
        143.85855799991987
      ],
      "trimmed_mean_ms": 142.4866266667474,
      "speedup": 0.9483652617861749,
      "row_count": 9,
      "rows_match": true,
      "status": "pass",
      "error": ""
    },
    {
      "worker_id": 2,
      "times_ms": [
        145.7555830002093,
        146.2324330004776,
        126.69822099996964,
        145.44476500032033,
        136.46454399986396
      ],
      "trimmed_mean_ms": 142.5549640001312,
      "speedup": 0.9479106388726983,
      "row_count": 9,
      "rows_match": true,
      "status": "pass",
      "error": ""
    },
    {
      "worker_id": 3,
      "times_ms": [
        110.4876579993288,
        119.78057800024544,
        113.1073890001062,
        109.5605099999375,
        112.61492399989947
      ],
      "trimmed_mean_ms": 112.06999033311149,
      "speedup": 1.2057587102326572,
      "row_count": 9,
      "rows_match": true,
      "status": "pass",
      "error": ""
    },
    {
      "worker_id": 4,
      "times_ms": [
        303.70866500015836,
        299.1248230000565,
        306.40410800060636,
        287.2747540004639,
        316.5187570002672
      ],
      "trimmed_mean_ms": 303.0791986669404,
      "speedup": 0.4458549699028839,
      "row_count": 9,
      "rows_match": true,
      "status": "pass",
      "error": ""
    }
  ],
  "best_worker_id": 3,
  "best_speedup": 1.2057587102326572,
  "exited": false
}