{
  "source": "swarm_w1",
  "original_path": "/mnt/c/Users/jakc9/Documents/QueryTorque_V8/packages/qt-sql/qt_sql/benchmarks/duckdb_tpcds/queries/query_8.sql",
  "optimized_path": "/mnt/c/Users/jakc9/Documents/QueryTorque_V8/packages/qt-sql/qt_sql/benchmarks/duckdb_tpcds/swarm_batch_20260208_102033/query_8/worker_1_sql.sql",
  "benchmark_iters": {
    "benchmark_iter0": {
      "query_id": "query_8",
      "baseline_times_ms": [
        700.3140910001093,
        730.6255889998283,
        709.9699749996944,
        725.1525379997474,
        681.3627090004957
      ],
      "baseline_trimmed_mean_ms": 711.8122013331837,
      "baseline_row_count": 6,
      "workers": [
        {
          "worker_id": 1,
          "times_ms": [
            719.2607079996378,
            696.9051940004647,
            696.9624530001965,
            712.2969160000139,
            693.7159159997464
          ],
          "trimmed_mean_ms": 702.0548543335584,
          "speedup": 1.0138982686885452,
          "row_count": 6,
          "rows_match": true,
          "status": "pass",
          "error": ""
        },
        {
          "worker_id": 2,
          "times_ms": [
            687.0974260000366,
            664.3813680002495,
            658.6477060000107,
            681.8295570001283,
            657.1833779998997
          ],
          "trimmed_mean_ms": 668.2862103334628,
          "speedup": 1.0651307633266922,
          "row_count": 6,
          "rows_match": true,
          "status": "pass",
          "error": ""
        },
        {
          "worker_id": 3,
          "times_ms": [
            906.2419579995549,
            859.0303699993456,
            882.2209449999718,
            956.7530109998188,
            896.8175390000397
          ],
          "trimmed_mean_ms": 895.0934806665222,
          "speedup": 0.7952378346037556,
          "row_count": 6,
          "rows_match": true,
          "status": "pass",
          "error": ""
        },
        {
          "worker_id": 4,
          "times_ms": [
            816.3033309992898,
            828.8392209997255,
            827.2956499995416,
            798.2118800000535,
            798.0573230006485
          ],
          "trimmed_mean_ms": 813.9369536662949,
          "speedup": 0.8745298983255388,
          "row_count": 6,
          "rows_match": true,
          "status": "pass",
          "error": ""
        }
      ],
      "best_worker_id": 2,
      "best_speedup": 1.0651307633266922,
      "exited": false
    },
    "benchmark_iter1": {
      "query_id": "query_8",
      "baseline_times_ms": [
        952.117195000028,
        800.438956999642,
        810.8773500007374,
        749.3176879997918,
        763.4034650000103
      ],
      "baseline_trimmed_mean_ms": 791.5732573334632,
      "baseline_row_count": 6,
      "workers": [
        {
          "worker_id": 5,
          "times_ms": [
            783.3574209998915,
            785.3169739992154,
            761.2039649993676,
            753.5503759991116,
            763.6161240006913
          ],
          "trimmed_mean_ms": 769.3925033333168,
          "speedup": 1.028828918795089,
          "row_count": 6,
          "rows_match": true,
          "status": "pass",
          "error": ""
        }
      ],
      "best_worker_id": 5,
      "best_speedup": 1.028828918795089,
      "exited": false
    },
    "benchmark_iter2": {
      "query_id": "query_8",
      "baseline_times_ms": [
        700.6245739994483,
        705.0559269991936,
        694.7092849986802,
        687.0325929994578,
        749.9254899994412
      ],
      "baseline_trimmed_mean_ms": 700.1299286657741,
      "baseline_row_count": 6,
      "workers": [
        {
          "worker_id": 6,
          "times_ms": [],
          "trimmed_mean_ms": 0,
          "speedup": 0,
          "row_count": 0,
          "rows_match": false,
          "status": "error",
          "error": "Binder Error: Referenced column \"ss_ss_net_profit\" not found in FROM clause!\nCandidate bindings: \"ss_net_profit\", \"ss_sales_price\", \"ss_store_sk\", \"ss_ext_sales_price\", \"ss_net_paid\"\n\nLINE 6:         SUM(ss_ss_net_profit) AS store_total_profit\n                    ^"
        }
      ],
      "best_worker_id": 0,
      "best_speedup": 0.0,
      "exited": false
    }
  }
}