{
  "query_id": "query_2",
  "baseline_times_ms": [
    1129.43642800019,
    681.7113679999238,
    637.6617209998585,
    609.5777000000453,
    632.1683569995002
  ],
  "baseline_trimmed_mean_ms": 650.5138153330942,
  "baseline_row_count": 2513,
  "workers": [
    {
      "worker_id": 5,
      "times_ms": [
        517.4693600001774,
        557.1499600000607,
        488.2134429999496,
        522.1190480006044,
        541.9506799998999
      ],
      "trimmed_mean_ms": 527.1796960002272,
      "speedup": 1.2339508146247231,
      "row_count": 52,
      "rows_match": false,
      "status": "fail",
      "error": ""
    }
  ],
  "best_worker_id": 0,
  "best_speedup": 0.0,
  "exited": false
}