{
  "query_id": "query_2",
  "baseline_times_ms": [
    1160.4650599992965,
    786.0292839995964,
    736.3147899995965,
    758.553566000046,
    811.2941099998352
  ],
  "baseline_trimmed_mean_ms": 785.2923199998258,
  "baseline_row_count": 2513,
  "workers": [
    {
      "worker_id": 1,
      "times_ms": [
        400.30153800034896,
        411.01469799923507,
        373.72391400003835,
        351.7295040001045,
        356.664857999931
      ],
      "trimmed_mean_ms": 376.8967700001061,
      "speedup": 2.083574024790939,
      "row_count": 52,
      "rows_match": false,
      "status": "fail",
      "error": ""
    },
    {
      "worker_id": 2,
      "times_ms": [
        334.08536200022354,
        331.8120579997412,
        312.7471100006005,
        325.9991479999371,
        309.75397100064583
      ],
      "trimmed_mean_ms": 323.51943866675964,
      "speedup": 2.4273419960051124,
      "row_count": 52,
      "rows_match": false,
      "status": "fail",
      "error": ""
    },
    {
      "worker_id": 3,
      "times_ms": [
        530.694066000251,
        508.778887000517,
        517.6193360002799,
        535.1454310002737,
        512.1686049997152
      ],
      "trimmed_mean_ms": 520.1606690000821,
      "speedup": 1.509711069676631,
      "row_count": 52,
      "rows_match": false,
      "status": "fail",
      "error": ""
    },
    {
      "worker_id": 4,
      "times_ms": [
        316.34387400026753,
        312.7068590001727,
        315.3343300000415,
        360.44388199934474,
        354.23341100067773
      ],
      "trimmed_mean_ms": 328.63720500032895,
      "speedup": 2.3895417440610225,
      "row_count": 52,
      "rows_match": false,
      "status": "fail",
      "error": ""
    }
  ],
  "best_worker_id": 0,
  "best_speedup": 0.0,
  "exited": false
}