{
  "source": "swarm_w4",
  "original_path": "/mnt/c/Users/jakc9/Documents/QueryTorque_V8/packages/qt-sql/qt_sql/benchmarks/duckdb_tpcds/queries/query_66.sql",
  "optimized_path": "/mnt/c/Users/jakc9/Documents/QueryTorque_V8/packages/qt-sql/qt_sql/benchmarks/duckdb_tpcds/swarm_batch_20260208_102033/query_66/worker_4_sql.sql",
  "benchmark_iters": {
    "benchmark_iter0": {
      "query_id": "query_66",
      "baseline_times_ms": [
        376.0804450002979,
        203.04668500011758,
        203.32283700008702,
        203.89095500013354,
        250.27121400034957
      ],
      "baseline_trimmed_mean_ms": 219.1616686668567,
      "baseline_row_count": 10,
      "workers": [
        {
          "worker_id": 1,
          "times_ms": [
            226.49270100009744,
            228.03713199937192,
            213.2388540003376,
            218.60522800034232,
            229.82591099935235
          ],
          "trimmed_mean_ms": 224.37835366660389,
          "speedup": 0.9767504979223688,
          "row_count": 10,
          "rows_match": true,
          "status": "pass",
          "error": ""
        },
        {
          "worker_id": 2,
          "times_ms": [
            290.5236659998991,
            262.6926650000314,
            218.64981900034763,
            187.1142729996791,
            203.30680799997936
          ],
          "trimmed_mean_ms": 228.21643066678612,
          "speedup": 0.9603237945073724,
          "row_count": 10,
          "rows_match": true,
          "status": "pass",
          "error": ""
        },
        {
          "worker_id": 3,
          "times_ms": [
            207.30027799982054,
            214.40710799925,
            198.02344300023833,
            203.34156699937012,
            210.95090100061498
          ],
          "trimmed_mean_ms": 207.1975819999352,
          "speedup": 1.0577424048651554,
          "row_count": 10,
          "rows_match": true,
          "status": "pass",
          "error": ""
        },
        {
          "worker_id": 4,
          "times_ms": [
            225.74088700002903,
            215.4100980005751,
            204.5220390000395,
            188.78782900083024,
            219.13681299974996
          ],
          "trimmed_mean_ms": 213.02298333345485,
          "speedup": 1.0288170094951337,
          "row_count": 10,
          "rows_match": true,
          "status": "pass",
          "error": ""
        }
      ],
      "best_worker_id": 3,
      "best_speedup": 1.0577424048651554,
      "exited": false
    },
    "benchmark_iter1": {
      "query_id": "query_66",
      "baseline_times_ms": [
        683.5431119998248,
        216.48525900127424,
        238.26860100052727,
        212.93214800061833,
        218.1124290000298
      ],
      "baseline_trimmed_mean_ms": 224.28876300061043,
      "baseline_row_count": 10,
      "workers": [
        {
          "worker_id": 5,
          "times_ms": [
            246.8244779993256,
            224.73982000155956,
            190.9686100007093,
            187.62254400098755,
            206.2864740000805
          ],
          "trimmed_mean_ms": 207.33163466744978,
          "speedup": 1.081787462681993,
          "row_count": 10,
          "rows_match": true,
          "status": "pass",
          "error": ""
        }
      ],
      "best_worker_id": 5,
      "best_speedup": 1.081787462681993,
      "exited": false
    },
    "benchmark_iter2": {
      "query_id": "query_66",
      "baseline_times_ms": [
        368.3687090015155,
        194.5436639998661,
        196.528094000314,
        178.54273000011744,
        199.39753400103655
      ],
      "baseline_trimmed_mean_ms": 196.8230973337389,
      "baseline_row_count": 10,
      "workers": [
        {
          "worker_id": 6,
          "times_ms": [
            191.73579000016616,
            203.08904000012262,
            210.36170600018522,
            193.75538200074516,
            195.39065400022082
          ],
          "trimmed_mean_ms": 197.41169200036288,
          "speedup": 0.9970184406979152,
          "row_count": 10,
          "rows_match": true,
          "status": "pass",
          "error": ""
        }
      ],
      "best_worker_id": 6,
      "best_speedup": 0.9970184406979152,
      "exited": false
    }
  }
}