{
  "query_id": "query092_multi",
  "timestamp": "2026-02-09T00:43:02",
  "method": "5x_trimmed_mean_sf10",
  "baseline_ms": 300000.0,
  "baseline_note": "original times out at 300s",
  "total_elapsed_s": 971.0159630775452,
  "workers": {
    "W1": {
      "worker_id": 1,
      "strategy": "conservative_join_restructure",
      "transforms": [
        "decorrelate",
        "date_cte_isolate",
        "dimension_cte_isolate"
      ],
      "status": "WIN",
      "speedup_5x": 8.553749955554775,
      "trimmed_mean_ms": 35072.33687666788,
      "all_runs_ms": [
        35327.40521300002,
        35119.08202199993,
        34770.52339500369,
        31372.442603998934,
        43955.349533003755
      ],
      "explain_cost": 26849.14,
      "cost_ratio": 0.7863734182919826
    },
    "W3": {
      "worker_id": 3,
      "strategy": "aggressive_prefetch_materialize",
      "transforms": [
        "decorrelate",
        "date_cte_isolate",
        "dimension_cte_isolate"
      ],
      "status": "WIN",
      "speedup_5x": 18.973235853368376,
      "trimmed_mean_ms": 15811.74673200197,
      "all_runs_ms": [
        16115.573631999723,
        15889.433816002565,
        21301.656941002875,
        15430.232748003618,
        15325.645673998224
      ],
      "explain_cost": 174236.55,
      "cost_ratio": 0.12117692872132743
    },
    "W4": {
      "worker_id": 4,
      "strategy": "novel_correlation_elimination",
      "transforms": [
        "decorrelate",
        "date_cte_isolate",
        "dimension_cte_isolate"
      ],
      "status": "WIN",
      "speedup_5x": 4428.315186610831,
      "trimmed_mean_ms": 67.74585533275967,
      "all_runs_ms": [
        680.7003740032087,
        58.52108500403119,
        74.08936000138056,
        63.713866999023594,
        65.43433899787487
      ],
      "explain_cost": 16127.44,
      "cost_ratio": 1.3091631405852386
    }
  }
}