{
  "query_id": "query019_agg",
  "baseline_times_ms": [
    905.0259790019481,
    76.7611589981243,
    97.3577459990338,
    101.18309999961639,
    85.88137199694756
  ],
  "baseline_trimmed_mean_ms": 94.80740599853259,
  "baseline_row_count": 3,
  "workers": [
    {
      "worker_id": 6,
      "times_ms": [
        84.0203260013368,
        75.89159499912057,
        78.6724960016727,
        91.7180600008578,
        100.26458599895705
      ],
      "trimmed_mean_ms": 84.80362733462243,
      "speedup": 1.1179640420855672,
      "row_count": 3,
      "rows_match": true,
      "status": "pass",
      "error": ""
    }
  ],
  "best_worker_id": 6,
  "best_speedup": 1.1179640420855672,
  "exited": false
}