{
  "query_id": "query019_agg",
  "baseline_times_ms": [
    773.2603359982022,
    83.45575199928135,
    75.6180440002936,
    67.30312600120669,
    80.19036000041524
  ],
  "baseline_trimmed_mean_ms": 79.7547186666634,
  "baseline_row_count": 3,
  "workers": [
    {
      "worker_id": 5,
      "times_ms": [
        89.25601400187588,
        91.82577799947467,
        81.1161740020907,
        74.78437200188637,
        76.01388399780262
      ],
      "trimmed_mean_ms": 82.12869066725641,
      "speedup": 0.9710944862105358,
      "row_count": 3,
      "rows_match": true,
      "status": "pass",
      "error": ""
    }
  ],
  "best_worker_id": 5,
  "best_speedup": 0.9710944862105358,
  "exited": false
}