{
  "query_id": "query_29",
  "baseline_times_ms": [
    867.9908670001169,
    440.5822540011286,
    442.3513109995838,
    455.00575099868,
    457.4413399986952
  ],
  "baseline_trimmed_mean_ms": 451.59946733231965,
  "baseline_row_count": 4,
  "workers": [
    {
      "worker_id": 6,
      "times_ms": [
        1608.995798000251,
        1456.1291710015212,
        1454.8416240013466,
        1509.4245670006785,
        1488.4363829987706
      ],
      "trimmed_mean_ms": 1484.66337366699,
      "speedup": 0.30417633743931327,
      "row_count": 4,
      "rows_match": true,
      "status": "pass",
      "error": ""
    }
  ],
  "best_worker_id": 6,
  "best_speedup": 0.30417633743931327,
  "exited": false
}