{
  "query_id": "query_46",
  "baseline_times_ms": [
    701.3170280006307,
    626.643759000217,
    600.3090349986451,
    636.7711849998159,
    656.8610560007073
  ],
  "baseline_trimmed_mean_ms": 640.0920000002467,
  "baseline_row_count": 100,
  "workers": [
    {
      "worker_id": 5,
      "times_ms": [
        606.4250060007907,
        665.3144900010375,
        633.3733409992419,
        619.3004399992788,
        632.2615709996171
      ],
      "trimmed_mean_ms": 628.3117839993793,
      "speedup": 1.0187489973940693,
      "row_count": 100,
      "rows_match": true,
      "status": "pass",
      "error": ""
    }
  ],
  "best_worker_id": 5,
  "best_speedup": 1.0187489973940693,
  "exited": false
}