{
  "query_id": "query_58",
  "baseline_times_ms": [
    206.69043899943063,
    172.87675399984437,
    175.69111600005272,
    173.94942700047977,
    190.6144230006248
  ],
  "baseline_trimmed_mean_ms": 180.08498866705244,
  "baseline_row_count": 5,
  "workers": [
    {
      "worker_id": 1,
      "times_ms": [
        185.06900099964696,
        215.1549510008408,
        187.1142569998483,
        202.34661199992843,
        187.5653400002193
      ],
      "trimmed_mean_ms": 192.34206966666534,
      "speedup": 0.9362745705042335,
      "row_count": 5,
      "rows_match": true,
      "status": "pass",
      "error": ""
    },
    {
      "worker_id": 2,
      "times_ms": [],
      "trimmed_mean_ms": 0,
      "speedup": 0,
      "row_count": 0,
      "rows_match": false,
      "status": "error",
      "error": "Binder Error: Ambiguous reference to column name \"d_week_seq\" (use: \"date_dim.d_week_seq\" or \"target_week.d_week_seq\")"
    },
    {
      "worker_id": 3,
      "times_ms": [
        186.54555900047853,
        196.3196959995912,
        173.91297700032737,
        198.80087199999252,
        235.94960499940498
      ],
      "trimmed_mean_ms": 193.88870900002075,
      "speedup": 0.9288059608826069,
      "row_count": 5,
      "rows_match": true,
      "status": "pass",
      "error": ""
    },
    {
      "worker_id": 4,
      "times_ms": [
        174.74138799934735,
        175.80339199957962,
        170.09387599955517,
        177.1754889996373,
        176.10078600046108
      ],
      "trimmed_mean_ms": 175.548521999796,
      "speedup": 1.0258416682497715,
      "row_count": 5,
      "rows_match": true,
      "status": "pass",
      "error": ""
    }
  ],
  "best_worker_id": 4,
  "best_speedup": 1.0258416682497715,
  "exited": false
}