{
  "query_id": "query_58",
  "baseline_times_ms": [
    210.24346400008653,
    235.47494299964455,
    211.4738070013118,
    177.91306000071927,
    184.39486799979932
  ],
  "baseline_trimmed_mean_ms": 202.0373796670659,
  "baseline_row_count": 5,
  "workers": [
    {
      "worker_id": 5,
      "times_ms": [
        157.35281599882,
        197.20375500037335,
        165.32256999926176,
        170.48819699994056,
        172.79207699903054
      ],
      "trimmed_mean_ms": 169.53428133274429,
      "speedup": 1.191719916932481,
      "row_count": 5,
      "rows_match": true,
      "status": "pass",
      "error": ""
    }
  ],
  "best_worker_id": 5,
  "best_speedup": 1.191719916932481,
  "exited": false
}