{
  "query_id": "query_56",
  "baseline_times_ms": [
    319.84644699969067,
    273.9954349999607,
    253.32497199997306,
    322.77824100037833,
    285.34279500036064
  ],
  "baseline_trimmed_mean_ms": 293.061559000004,
  "baseline_row_count": 100,
  "workers": [
    {
      "worker_id": 1,
      "times_ms": [
        244.26434999986668,
        235.73801400016237,
        253.5238410000602,
        254.09823399968445,
        240.03681099929963
      ],
      "trimmed_mean_ms": 245.94166733307551,
      "speedup": 1.1915897057130815,
      "row_count": 100,
      "rows_match": true,
      "status": "pass",
      "error": ""
    },
    {
      "worker_id": 2,
      "times_ms": [
        245.1027429997339,
        234.9840189999668,
        270.53143399916735,
        292.10146500008705,
        276.9554490005248
      ],
      "trimmed_mean_ms": 264.1965419998087,
      "speedup": 1.1092558471117924,
      "row_count": 100,
      "rows_match": true,
      "status": "pass",
      "error": ""
    },
    {
      "worker_id": 3,
      "times_ms": [
        242.98173099941778,
        242.10739200043463,
        267.9547219995584,
        258.7760630003686,
        234.1570859998683
      ],
      "trimmed_mean_ms": 247.95506200007367,
      "speedup": 1.1819139994000887,
      "row_count": 100,
      "rows_match": true,
      "status": "pass",
      "error": ""
    },
    {
      "worker_id": 4,
      "times_ms": [
        254.55176499963272,
        259.66831100049603,
        289.1245360005996,
        278.7015039994003,
        252.62897500033432
      ],
      "trimmed_mean_ms": 264.3071933331764,
      "speedup": 1.108791460815752,
      "row_count": 100,
      "rows_match": true,
      "status": "pass",
      "error": ""
    }
  ],
  "best_worker_id": 1,
  "best_speedup": 1.1915897057130815,
  "exited": false
}