{
  "query_id": "query_56",
  "baseline_times_ms": [
    433.3672509983444,
    339.56821900028444,
    311.6462899997714,
    338.11448699998436,
    282.07838100024674
  ],
  "baseline_trimmed_mean_ms": 329.7763320000134,
  "baseline_row_count": 100,
  "workers": [
    {
      "worker_id": 5,
      "times_ms": [
        245.16106599912746,
        248.58147099985217,
        237.63836499892932,
        257.30640499932633,
        231.1645640002098
      ],
      "trimmed_mean_ms": 243.79363399930298,
      "speedup": 1.3526863954165276,
      "row_count": 100,
      "rows_match": true,
      "status": "pass",
      "error": ""
    }
  ],
  "best_worker_id": 5,
  "best_speedup": 1.3526863954165276,
  "exited": false
}