{
  "source": "swarm2_w4",
  "original_path": "/mnt/c/Users/jakc9/Documents/QueryTorque_V8/packages/qt-sql/qt_sql/benchmarks/postgres_dsb/queries/query023_multi.sql",
  "optimized_path": "/mnt/c/Users/jakc9/Documents/QueryTorque_V8/packages/qt-sql/qt_sql/benchmarks/postgres_dsb/swarm_batch_20260208_142643/query023_multi/worker_4_sql.sql",
  "validation": {
    "query_id": "query023_multi",
    "status": "WIN",
    "best_speedup": 66.33,
    "best_worker": 4,
    "best_iteration": 0
  },
  "benchmark_iters": {
    "benchmark_iter0": {
      "query_id": "query023_multi",
      "baseline_times_ms": [
        7471.689696001704,
        5542.546901000605,
        5060.103879997769,
        9404.308459001186,
        12204.781264998019
      ],
      "baseline_trimmed_mean_ms": 7472.848352001165,
      "baseline_row_count": 1,
      "workers": [
        {
          "worker_id": 1,
          "times_ms": [],
          "trimmed_mean_ms": 0,
          "speedup": 0,
          "row_count": 0,
          "rows_match": false,
          "status": "error",
          "error": "column \"i_item_desc\" does not exist\nLINE 23:   GROUP BY i_item_sk, SUBSTRING(i_item_desc FROM 1 FOR 30), ...\n                                         ^\nHINT:  Perhaps you meant to reference the column \"filtered_items.i_item_sk\".\n"
        },
        {
          "worker_id": 2,
          "times_ms": [
            8910.276065998914,
            7465.100040000834,
            6465.65944699978,
            6480.752588999167,
            6513.497518000804
          ],
          "trimmed_mean_ms": 6819.783382333601,
          "speedup": 1.0957603684831552,
          "row_count": 1,
          "rows_match": true,
          "status": "pass",
          "error": ""
        },
        {
          "worker_id": 3,
          "times_ms": [
            124.30027399750543,
            111.32707599972491,
            113.97522300103446,
            121.9896719994722,
            110.45808400012902
          ],
          "trimmed_mean_ms": 115.76399033341052,
          "speedup": 64.55244269378329,
          "row_count": 1,
          "rows_match": true,
          "status": "pass",
          "error": ""
        },
        {
          "worker_id": 4,
          "times_ms": [
            154.82441799758817,
            116.30453999896417,
            115.69087399766431,
            106.01365699767484,
            103.324330997566
          ],
          "trimmed_mean_ms": 112.66969033143444,
          "speedup": 66.32527638993845,
          "row_count": 1,
          "rows_match": true,
          "status": "pass",
          "error": ""
        }
      ],
      "best_worker_id": 4,
      "best_speedup": 66.32527638993845,
      "exited": true
    }
  }
}