{
  "query_id": "query_52",
  "baseline_times_ms": [
    177.55368899997848,
    223.9107650002552,
    160.90233199975046,
    155.74016000027768,
    172.10825999973167
  ],
  "baseline_trimmed_mean_ms": 170.18809366648688,
  "baseline_row_count": 100,
  "workers": [
    {
      "worker_id": 5,
      "times_ms": [
        156.05492600116122,
        165.677273998881,
        166.1478360001638,
        154.52334099973086,
        151.0710789989389
      ],
      "trimmed_mean_ms": 158.75184699992437,
      "speedup": 1.0720385109381938,
      "row_count": 100,
      "rows_match": true,
      "status": "pass",
      "error": ""
    }
  ],
  "best_worker_id": 5,
  "best_speedup": 1.0720385109381938,
  "exited": false
}