{
  "query_id": "query_40",
  "baseline_times_ms": [
    113.76025800018397,
    83.33004300038738,
    77.52354200056288,
    74.97240500015323,
    74.96896700013167
  ],
  "baseline_trimmed_mean_ms": 78.60866333370116,
  "baseline_row_count": 100,
  "workers": [
    {
      "worker_id": 1,
      "times_ms": [
        82.09306400021887,
        91.90344000035111,
        78.6570459995346,
        70.85974799974792,
        84.24282099986158
      ],
      "trimmed_mean_ms": 81.66431033320502,
      "speedup": 0.9625828346919691,
      "row_count": 100,
      "rows_match": true,
      "status": "pass",
      "error": ""
    },
    {
      "worker_id": 2,
      "times_ms": [
        78.2820399999764,
        84.27906399992935,
        78.664951999599,
        96.19115099940245,
        84.93805099988094
      ],
      "trimmed_mean_ms": 82.62735566646977,
      "speedup": 0.9513636579513655,
      "row_count": 100,
      "rows_match": true,
      "status": "pass",
      "error": ""
    },
    {
      "worker_id": 3,
      "times_ms": [
        13.843303999237833,
        14.587862000553287,
        15.885727000750194,
        15.236944000207586,
        15.246068999658746
      ],
      "trimmed_mean_ms": 15.023625000139873,
      "speedup": 5.232336625346366,
      "row_count": 100,
      "rows_match": true,
      "status": "pass",
      "error": ""
    },
    {
      "worker_id": 4,
      "times_ms": [
        93.40088000044489,
        75.10626800012687,
        96.71974600041722,
        95.4661629994007,
        82.96711399998458
      ],
      "trimmed_mean_ms": 90.61138566661005,
      "speedup": 0.8675362677150643,
      "row_count": 100,
      "rows_match": true,
      "status": "pass",
      "error": ""
    }
  ],
  "best_worker_id": 3,
  "best_speedup": 5.232336625346366,
  "exited": true
}