{
  "query_id": "query099_agg",
  "baseline_times_ms": [
    186.68726999749197,
    33.38064899799065,
    32.86529700199026,
    32.1431449992815,
    33.88714800166781
  ],
  "baseline_trimmed_mean_ms": 33.37769800054957,
  "baseline_row_count": 3,
  "workers": [
    {
      "worker_id": 6,
      "times_ms": [
        10007.821877999959,
        8194.995384001231,
        8494.055523002316,
        8678.890574999969,
        8367.353641999216
      ],
      "trimmed_mean_ms": 8513.433246667168,
      "speedup": 0.0039205919672437965,
      "row_count": 9,
      "rows_match": false,
      "status": "fail",
      "error": ""
    }
  ],
  "best_worker_id": 0,
  "best_speedup": 0.0,
  "exited": false
}