{
  "query_id": "query_89",
  "baseline_times_ms": [
    329.2871000003288,
    369.60641800033045,
    336.1772119997113,
    376.1204100001123,
    374.36941400028445
  ],
  "baseline_trimmed_mean_ms": 360.0510146667754,
  "baseline_row_count": 100,
  "workers": [
    {
      "worker_id": 1,
      "times_ms": [
        349.8270500003855,
        389.7115979998489,
        405.99610000026587,
        356.8362199994226,
        332.3922909994508
      ],
      "trimmed_mean_ms": 365.458289333219,
      "speedup": 0.9852041263688144,
      "row_count": 100,
      "rows_match": true,
      "status": "pass",
      "error": ""
    },
    {
      "worker_id": 2,
      "times_ms": [
        345.24322699962795,
        338.90384700043796,
        368.9332519998061,
        340.5760370005737,
        329.576688999623
      ],
      "trimmed_mean_ms": 341.57437033354654,
      "speedup": 1.054092595750631,
      "row_count": 100,
      "rows_match": true,
      "status": "pass",
      "error": ""
    },
    {
      "worker_id": 3,
      "times_ms": [
        352.3176089993285,
        337.1579909999127,
        328.38999000068725,
        345.73651299979247,
        357.3875770007362
      ],
      "trimmed_mean_ms": 345.07070433301124,
      "speedup": 1.04341229245386,
      "row_count": 100,
      "rows_match": true,
      "status": "pass",
      "error": ""
    },
    {
      "worker_id": 4,
      "times_ms": [],
      "trimmed_mean_ms": 0,
      "speedup": 0,
      "row_count": 0,
      "rows_match": false,
      "status": "error",
      "error": "Binder Error: Values list \"d\" does not have a column named \"d_moy\"\n\nLINE 41:     d.d_moy\n             ^"
    }
  ],
  "best_worker_id": 2,
  "best_speedup": 1.054092595750631,
  "exited": false
}