{
  "query_id": "query_89",
  "baseline_times_ms": [
    380.3933319995849,
    320.00945399886405,
    329.9488230004499,
    330.88488499925006,
    351.8499840010918
  ],
  "baseline_trimmed_mean_ms": 337.5612306669306,
  "baseline_row_count": 100,
  "workers": [
    {
      "worker_id": 6,
      "times_ms": [
        377.5110630012932,
        371.56228399908287,
        357.67002499960654,
        394.6109830012574,
        333.1725190000725
      ],
      "trimmed_mean_ms": 368.91445733332756,
      "speedup": 0.9150122039319587,
      "row_count": 100,
      "rows_match": true,
      "status": "pass",
      "error": ""
    }
  ],
  "best_worker_id": 6,
  "best_speedup": 0.9150122039319587,
  "exited": false
}