{
  "query_id": "query_44",
  "baseline_times_ms": [
    4.321727999922587,
    3.9810170001146616,
    2.5614440000936156,
    5.362972000511945,
    2.687111000341247
  ],
  "baseline_trimmed_mean_ms": 3.6632853334594984,
  "baseline_row_count": 0,
  "workers": [
    {
      "worker_id": 5,
      "times_ms": [
        3.0431510003836593,
        2.894668999942951,
        2.940098000181024,
        3.4142039985454176,
        3.5761700000875862
      ],
      "trimmed_mean_ms": 3.1324843330367003,
      "speedup": 1.1694504884907846,
      "row_count": 0,
      "rows_match": true,
      "status": "pass",
      "error": ""
    }
  ],
  "best_worker_id": 5,
  "best_speedup": 1.1694504884907846,
  "exited": false
}