{
  "query_id": "query_18",
  "baseline_times_ms": [
    566.18309499936,
    329.8501790013688,
    277.49503799896047,
    300.08832099883875,
    274.51065899913374
  ],
  "baseline_trimmed_mean_ms": 302.47784599972266,
  "baseline_row_count": 100,
  "workers": [
    {
      "worker_id": 6,
      "times_ms": [
        289.67019700030505,
        284.98673499962024,
        296.38361199977226,
        289.7159109998029,
        294.8379820008995
      ],
      "trimmed_mean_ms": 291.4080300003358,
      "speedup": 1.0379873402918034,
      "row_count": 100,
      "rows_match": true,
      "status": "pass",
      "error": ""
    }
  ],
  "best_worker_id": 6,
  "best_speedup": 1.0379873402918034,
  "exited": false
}