{
  "query_id": "query_96",
  "baseline_times_ms": [
    180.71269099891651,
    186.49354800072615,
    180.23106699911295,
    191.0327679997863,
    190.23170500076958
  ],
  "baseline_trimmed_mean_ms": 185.81264800013741,
  "baseline_row_count": 1,
  "workers": [
    {
      "worker_id": 6,
      "times_ms": [
        1190.167692000614,
        1041.7179870000837,
        979.6532899999875,
        1033.4624009992694,
        1043.4374699998443
      ],
      "trimmed_mean_ms": 1039.5392859997326,
      "speedup": 0.1787451907807794,
      "row_count": 1,
      "rows_match": true,
      "status": "pass",
      "error": ""
    }
  ],
  "best_worker_id": 6,
  "best_speedup": 0.1787451907807794,
  "exited": false
}