{
  "query_id": "query102_spj_spj",
  "baseline_times_ms": [
    7694.33263099927,
    7777.40016199823,
    7558.3256790014275,
    7185.181470998941,
    6801.887543002522
  ],
  "baseline_trimmed_mean_ms": 7479.2799269998795,
  "baseline_row_count": 1,
  "workers": [
    {
      "worker_id": 1,
      "times_ms": [
        6078.50750900252,
        6577.589706001163,
        6624.5167319975735,
        6302.743276999536,
        6382.56992999959
      ],
      "trimmed_mean_ms": 6420.967637666763,
      "speedup": 1.1648213087268702,
      "row_count": 1,
      "rows_match": true,
      "status": "pass",
      "error": ""
    },
    {
      "worker_id": 2,
      "times_ms": [
        6992.185940998752,
        7247.2883599984925,
        7629.150510998443,
        7595.448027001112,
        8187.727303000429
      ],
      "trimmed_mean_ms": 7490.628965999349,
      "speedup": 0.9984849017284151,
      "row_count": 1,
      "rows_match": true,
      "status": "pass",
      "error": ""
    },
    {
      "worker_id": 3,
      "times_ms": [],
      "trimmed_mean_ms": 0,
      "speedup": 0,
      "row_count": 0,
      "rows_match": false,
      "status": "error",
      "error": "column inv.inv_quantity_on_hand does not exist\nLINE 65:       AND inv.inv_quantity_on_hand >= ss.ss_quantity\n                   ^\n"
    },
    {
      "worker_id": 4,
      "times_ms": [
        9180.766224002582,
        6297.420806000446,
        6888.971889999084,
        5792.701422000391,
        5872.38921899916
      ],
      "trimmed_mean_ms": 6352.927304999564,
      "speedup": 1.1772966331778911,
      "row_count": 1,
      "rows_match": true,
      "status": "pass",
      "error": ""
    }
  ],
  "best_worker_id": 4,
  "best_speedup": 1.1772966331778911,
  "exited": false
}