{
  "query_id": "query102_spj_spj",
  "baseline_times_ms": [
    6257.481149001251,
    5770.225043001119,
    5482.545188999211,
    5407.88534999956,
    5823.343413001567
  ],
  "baseline_trimmed_mean_ms": 5692.037881667299,
  "baseline_row_count": 1,
  "workers": [
    {
      "worker_id": 5,
      "times_ms": [
        4853.048331002356,
        4712.2957479987235,
        4596.836443997745,
        4673.174823998124,
        4960.256993999792
      ],
      "trimmed_mean_ms": 4746.172967666401,
      "speedup": 1.1992900217595654,
      "row_count": 1,
      "rows_match": true,
      "status": "pass",
      "error": ""
    }
  ],
  "best_worker_id": 5,
  "best_speedup": 1.1992900217595654,
  "exited": false
}