{
  "query_id": "query_27",
  "baseline_times_ms": [
    1146.6816089996428,
    674.8591069999748,
    657.8956739995192,
    710.7252270006938,
    806.2307779991897
  ],
  "baseline_trimmed_mean_ms": 730.6050373332861,
  "baseline_row_count": 100,
  "workers": [
    {
      "worker_id": 1,
      "times_ms": [
        497.4098060001779,
        534.9088780003513,
        488.2345850001002,
        461.9979150002109,
        444.2735160000666
      ],
      "trimmed_mean_ms": 482.54743533349637,
      "speedup": 1.5140584817912317,
      "row_count": 100,
      "rows_match": true,
      "status": "pass",
      "error": ""
    },
    {
      "worker_id": 2,
      "times_ms": [
        452.79871899947466,
        464.54094300042925,
        467.0876069994847,
        476.9300119996842,
        439.4750080000449
      ],
      "trimmed_mean_ms": 461.47575633312954,
      "speedup": 1.5831926754693433,
      "row_count": 100,
      "rows_match": true,
      "status": "pass",
      "error": ""
    },
    {
      "worker_id": 3,
      "times_ms": [
        469.0106319994811,
        450.63331199980894,
        489.82216300009895,
        475.292107000314,
        464.1309139997247
      ],
      "trimmed_mean_ms": 469.4778843331733,
      "speedup": 1.5562075695450637,
      "row_count": 100,
      "rows_match": true,
      "status": "pass",
      "error": ""
    },
    {
      "worker_id": 4,
      "times_ms": [],
      "trimmed_mean_ms": 0,
      "speedup": 0,
      "row_count": 0,
      "rows_match": false,
      "status": "error",
      "error": "Binder Error: Values list \"sb\" does not have a column named \"ss_sold_date_sk\"\n\nLINE 111: JOIN filtered_date_dim fd ON sb.ss_sold_date_sk = fd.d_date_sk\n                                       ^"
    }
  ],
  "best_worker_id": 2,
  "best_speedup": 1.5831926754693433,
  "exited": false
}