{
  "query_id": "query_54",
  "baseline_times_ms": [
    248.33366099937848,
    251.22752700008277,
    234.6182849996694,
    263.9347619997352,
    287.292327000614
  ],
  "baseline_trimmed_mean_ms": 254.49864999973215,
  "baseline_row_count": 0,
  "workers": [
    {
      "worker_id": 1,
      "times_ms": [],
      "trimmed_mean_ms": 0,
      "speedup": 0,
      "row_count": 0,
      "rows_match": false,
      "status": "error",
      "error": "Binder Error: Ambiguous reference to column name \"d_date_sk\" (use: \"date_dim.d_date_sk\" or \"may_date.d_date_sk\")"
    },
    {
      "worker_id": 2,
      "times_ms": [
        237.13535699971544,
        247.6613400003771,
        242.5987119995625,
        278.06902499924036,
        225.3788030002397
      ],
      "trimmed_mean_ms": 242.46513633321834,
      "speedup": 1.0496298719415735,
      "row_count": 0,
      "rows_match": true,
      "status": "pass",
      "error": ""
    },
    {
      "worker_id": 3,
      "times_ms": [],
      "trimmed_mean_ms": 0,
      "speedup": 0,
      "row_count": 0,
      "rows_match": false,
      "status": "error",
      "error": "Binder Error: Ambiguous reference to column name \"d_month_seq\" (use: \"date_dim.d_month_seq\" or \"base_month_seq.d_month_seq\")"
    },
    {
      "worker_id": 4,
      "times_ms": [
        277.43794700018043,
        265.33552599994437,
        242.5938429996677,
        265.98932500019146,
        247.9696589998639
      ],
      "trimmed_mean_ms": 259.76483666666655,
      "speedup": 0.9797270995777922,
      "row_count": 0,
      "rows_match": true,
      "status": "pass",
      "error": ""
    }
  ],
  "best_worker_id": 2,
  "best_speedup": 1.0496298719415735,
  "exited": false
}