{
  "query_id": "query_80",
  "baseline_times_ms": [
    1182.4489819991868,
    816.926274999787,
    817.1327019990713,
    798.4167390004586,
    756.4586019998387
  ],
  "baseline_trimmed_mean_ms": 810.825238666439,
  "baseline_row_count": 100,
  "workers": [
    {
      "worker_id": 5,
      "times_ms": [
        803.5382269990805,
        810.5789249984809,
        877.9226879996713,
        788.6670530006086,
        798.5427180010447
      ],
      "trimmed_mean_ms": 804.219956666202,
      "speedup": 1.0082132779042419,
      "row_count": 100,
      "rows_match": true,
      "status": "pass",
      "error": ""
    }
  ],
  "best_worker_id": 5,
  "best_speedup": 1.0082132779042419,
  "exited": false
}