{
  "query_id": "query_36",
  "baseline_times_ms": [
    976.8781189995934,
    946.8871600001876,
    923.405528999865,
    914.3308849997993,
    876.9825639992632
  ],
  "baseline_trimmed_mean_ms": 928.2078579999506,
  "baseline_row_count": 100,
  "workers": [
    {
      "worker_id": 5,
      "times_ms": [
        869.3126990001474,
        859.7045110000181,
        935.0919799999247,
        879.1373310014023,
        892.3359509990405
      ],
      "trimmed_mean_ms": 880.2619936668634,
      "speedup": 1.0544677206082265,
      "row_count": 100,
      "rows_match": true,
      "status": "pass",
      "error": ""
    }
  ],
  "best_worker_id": 5,
  "best_speedup": 1.0544677206082265,
  "exited": false
}