{
  "source": "swarm_w3",
  "original_path": "/mnt/c/Users/jakc9/Documents/QueryTorque_V8/packages/qt-sql/qt_sql/benchmarks/duckdb_tpcds/queries/query_91.sql",
  "optimized_path": "/mnt/c/Users/jakc9/Documents/QueryTorque_V8/packages/qt-sql/qt_sql/benchmarks/duckdb_tpcds/swarm_batch_20260208_102033/query_91/worker_3_sql.sql",
  "benchmark_iters": {
    "benchmark_iter0": {
      "query_id": "query_91",
      "baseline_times_ms": [
        45.50997700061998,
        33.62544700030412,
        35.817184000734414,
        32.764374000180396,
        30.6681430001845
      ],
      "baseline_trimmed_mean_ms": 34.069001667072975,
      "baseline_row_count": 21,
      "workers": [
        {
          "worker_id": 1,
          "times_ms": [
            42.29108300023654,
            39.24163000010594,
            41.25962400030403,
            44.518625000819156,
            39.350731000013184
          ],
          "trimmed_mean_ms": 40.967146000184584,
          "speedup": 0.8316176495897339,
          "row_count": 21,
          "rows_match": true,
          "status": "pass",
          "error": ""
        },
        {
          "worker_id": 2,
          "times_ms": [
            45.117135000509734,
            40.02897499958635,
            39.135349999924074,
            41.53700200004096,
            43.52882000057434
          ],
          "trimmed_mean_ms": 41.69826566673388,
          "speedup": 0.8170364191969884,
          "row_count": 21,
          "rows_match": true,
          "status": "pass",
          "error": ""
        },
        {
          "worker_id": 3,
          "times_ms": [
            1516.529546000129,
            1485.8907570005613,
            1417.0676590001676,
            1393.7728340006288,
            1383.9012500002354
          ],
          "trimmed_mean_ms": 1432.2437500004526,
          "speedup": 0.02378715331595073,
          "row_count": 21,
          "rows_match": true,
          "status": "pass",
          "error": ""
        },
        {
          "worker_id": 4,
          "times_ms": [
            61.2987560007241,
            45.98673799955577,
            43.11832300027163,
            51.245001000097545,
            48.94590099956986
          ],
          "trimmed_mean_ms": 48.72587999974106,
          "speedup": 0.6991972575406339,
          "row_count": 12,
          "rows_match": false,
          "status": "fail",
          "error": ""
        }
      ],
      "best_worker_id": 1,
      "best_speedup": 0.8316176495897339,
      "exited": false
    },
    "benchmark_iter1": {
      "query_id": "query_91",
      "baseline_times_ms": [
        39.327071001025615,
        42.621501999747125,
        34.207891001642565,
        58.354224000140675,
        70.32353899921873
      ],
      "baseline_trimmed_mean_ms": 46.76759900030447,
      "baseline_row_count": 21,
      "workers": [
        {
          "worker_id": 5,
          "times_ms": [
            78.10388999860152,
            79.25161800085334,
            91.70247800102516,
            67.88451700049336,
            52.29519000022265
          ],
          "trimmed_mean_ms": 75.08000833331607,
          "speedup": 0.6229034870731597,
          "row_count": 21,
          "rows_match": true,
          "status": "pass",
          "error": ""
        }
      ],
      "best_worker_id": 5,
      "best_speedup": 0.6229034870731597,
      "exited": false
    },
    "benchmark_iter2": {
      "query_id": "query_91",
      "baseline_times_ms": [
        40.41148699980113,
        32.334055000319495,
        36.800279000090086,
        30.51841299929947,
        32.44891199938138
      ],
      "baseline_trimmed_mean_ms": 33.86108199993032,
      "baseline_row_count": 21,
      "workers": [
        {
          "worker_id": 6,
          "times_ms": [
            45.060845999614685,
            45.54993000056129,
            42.047390999869094,
            48.6658419995365,
            41.37344300033874
          ],
          "trimmed_mean_ms": 44.21938900001502,
          "speedup": 0.7657519193654806,
          "row_count": 21,
          "rows_match": true,
          "status": "pass",
          "error": ""
        }
      ],
      "best_worker_id": 6,
      "best_speedup": 0.7657519193654806,
      "exited": false
    }
  }
}