{
  "source": "swarm_w3",
  "original_path": "/mnt/c/Users/jakc9/Documents/QueryTorque_V8/packages/qt-sql/qt_sql/benchmarks/duckdb_tpcds/queries/query_44.sql",
  "optimized_path": "/mnt/c/Users/jakc9/Documents/QueryTorque_V8/packages/qt-sql/qt_sql/benchmarks/duckdb_tpcds/swarm_batch_20260208_102033/query_44/worker_3_sql.sql",
  "benchmark_iters": {
    "benchmark_iter0": {
      "query_id": "query_44",
      "baseline_times_ms": [
        4.824715999347973,
        3.6493019997578813,
        3.8123419999465114,
        3.4334170004513,
        3.5199080002712435
      ],
      "baseline_trimmed_mean_ms": 3.660517333325212,
      "baseline_row_count": 0,
      "workers": [
        {
          "worker_id": 1,
          "times_ms": [
            4.83299299958162,
            3.13981999988755,
            3.036683000573248,
            3.1814670001040213,
            5.19203300063964
          ],
          "trimmed_mean_ms": 3.7180933331910637,
          "speedup": 0.9845146437417597,
          "row_count": 0,
          "rows_match": true,
          "status": "pass",
          "error": ""
        },
        {
          "worker_id": 2,
          "times_ms": [],
          "trimmed_mean_ms": 0,
          "speedup": 0,
          "row_count": 0,
          "rows_match": false,
          "status": "error",
          "error": "Binder Error: WHERE clause cannot contain window functions!\n\nLINE 22:     RANK() OVER (ORDER BY rank_col ASC) AS rnk\n             ^"
        },
        {
          "worker_id": 3,
          "times_ms": [
            3.23176300025807,
            2.996152999912738,
            3.0204119993868517,
            3.037002999917604,
            3.118033000646392
          ],
          "trimmed_mean_ms": 3.0584826666502827,
          "speedup": 1.1968409607938995,
          "row_count": 0,
          "rows_match": true,
          "status": "pass",
          "error": ""
        },
        {
          "worker_id": 4,
          "times_ms": [
            2.9631050001626136,
            2.735031000156596,
            2.639114999510639,
            3.4014860002571368,
            3.3329899997625034
          ],
          "trimmed_mean_ms": 3.010375333360571,
          "speedup": 1.2159670898043362,
          "row_count": 0,
          "rows_match": true,
          "status": "pass",
          "error": ""
        }
      ],
      "best_worker_id": 4,
      "best_speedup": 1.2159670898043362,
      "exited": false
    },
    "benchmark_iter1": {
      "query_id": "query_44",
      "baseline_times_ms": [
        4.321727999922587,
        3.9810170001146616,
        2.5614440000936156,
        5.362972000511945,
        2.687111000341247
      ],
      "baseline_trimmed_mean_ms": 3.6632853334594984,
      "baseline_row_count": 0,
      "workers": [
        {
          "worker_id": 5,
          "times_ms": [
            3.0431510003836593,
            2.894668999942951,
            2.940098000181024,
            3.4142039985454176,
            3.5761700000875862
          ],
          "trimmed_mean_ms": 3.1324843330367003,
          "speedup": 1.1694504884907846,
          "row_count": 0,
          "rows_match": true,
          "status": "pass",
          "error": ""
        }
      ],
      "best_worker_id": 5,
      "best_speedup": 1.1694504884907846,
      "exited": false
    },
    "benchmark_iter2": {
      "query_id": "query_44",
      "baseline_times_ms": [
        3.9411870002368232,
        2.619660999698681,
        3.4018679998553125,
        3.017525999894133,
        2.53011800123204
      ],
      "baseline_trimmed_mean_ms": 3.0130183331493754,
      "baseline_row_count": 0,
      "workers": [
        {
          "worker_id": 6,
          "times_ms": [
            4.40880600035598,
            4.203299000437255,
            4.4449500001064735,
            4.451360000530258,
            4.372233001049608
          ],
          "trimmed_mean_ms": 4.408663000504021,
          "speedup": 0.6834313107635834,
          "row_count": 0,
          "rows_match": true,
          "status": "pass",
          "error": ""
        }
      ],
      "best_worker_id": 6,
      "best_speedup": 0.6834313107635834,
      "exited": false
    }
  }
}