{
  "query_id": "query_78",
  "baseline_times_ms": [
    3869.470938001541,
    3258.746561999942,
    3481.701412998518,
    3440.959045999989,
    3677.5502929995127
  ],
  "baseline_trimmed_mean_ms": 3533.40358399934,
  "baseline_row_count": 100,
  "workers": [
    {
      "worker_id": 5,
      "times_ms": [
        4715.4646899998625,
        5505.26562199957,
        6576.765538000473,
        5546.288190998894,
        5095.63440599959
      ],
      "trimmed_mean_ms": 5382.396072999351,
      "speedup": 0.6564740937079243,
      "row_count": 100,
      "rows_match": true,
      "status": "pass",
      "error": ""
    }
  ],
  "best_worker_id": 5,
  "best_speedup": 0.6564740937079243,
  "exited": false
}