{
  "query_id": "query_23a",
  "baseline_times_ms": [
    8513.486558000295,
    8065.168552999239,
    7088.586937999935,
    7311.60031500076,
    7364.620661999652
  ],
  "baseline_trimmed_mean_ms": 7580.463176666551,
  "baseline_row_count": 1,
  "workers": [
    {
      "worker_id": 5,
      "times_ms": [
        6321.084471999711,
        6138.05875000071,
        6225.076374999844,
        5920.341134999035,
        5545.442962000379
      ],
      "trimmed_mean_ms": 6094.49208666653,
      "speedup": 1.243821973819773,
      "row_count": 1,
      "rows_match": true,
      "status": "pass",
      "error": ""
    }
  ],
  "best_worker_id": 5,
  "best_speedup": 1.243821973819773,
  "exited": false
}