{
  "query_id": "query_23a",
  "baseline_times_ms": [
    8254.683699999987,
    6894.562782000321,
    7168.926008000199,
    7498.756803000106,
    7291.554393000297
  ],
  "baseline_trimmed_mean_ms": 7319.745734666867,
  "baseline_row_count": 1,
  "workers": [
    {
      "worker_id": 1,
      "times_ms": [
        6569.820365999476,
        6778.247217000171,
        6454.421413999626,
        6243.886508999822,
        6105.226138000035
      ],
      "trimmed_mean_ms": 6422.709429666308,
      "speedup": 1.139666337832002,
      "row_count": 1,
      "rows_match": true,
      "status": "pass",
      "error": ""
    },
    {
      "worker_id": 2,
      "times_ms": [],
      "trimmed_mean_ms": 0,
      "speedup": 0,
      "row_count": 0,
      "rows_match": false,
      "status": "error",
      "error": "Binder Error: Referenced column \"d_date\" not found in FROM clause!\nCandidate bindings: \"d_date_sk\", \"ss_sold_date_sk\", \"i_category\", \"i_category_id\", \"i_item_sk\"\n\nLINE 22:     d_date\n             ^"
    },
    {
      "worker_id": 3,
      "times_ms": [],
      "trimmed_mean_ms": 0,
      "speedup": 0,
      "row_count": 0,
      "rows_match": false,
      "status": "error",
      "error": "Binder Error: Referenced column \"d_date\" not found in FROM clause!\nCandidate bindings: \"d_date_sk\", \"i_category\", \"i_category_id\", \"i_item_sk\", \"i_item_id\"\n\nLINE 33:     d_date\n             ^"
    },
    {
      "worker_id": 4,
      "times_ms": [
        6086.597390999486,
        6060.584036999899,
        5853.28936499991,
        6074.056334000488,
        5965.963533000831
      ],
      "trimmed_mean_ms": 6033.534634667073,
      "speedup": 1.2131770475981971,
      "row_count": 1,
      "rows_match": true,
      "status": "pass",
      "error": ""
    }
  ],
  "best_worker_id": 4,
  "best_speedup": 1.2131770475981971,
  "exited": false
}