{
  "query_id": "query100_agg",
  "baseline_times_ms": [
    19344.749037998554,
    19352.341652000177,
    19740.58368799888,
    19812.873220002075,
    19626.801186001103
  ],
  "baseline_trimmed_mean_ms": 19573.242175333387,
  "baseline_row_count": 111,
  "workers": [
    {
      "worker_id": 6,
      "times_ms": [
        11278.784473000997,
        11106.701804001204,
        11069.800221997866,
        11116.06088299959,
        11112.981872996897
      ],
      "trimmed_mean_ms": 11111.914853332564,
      "speedup": 1.7614643770837746,
      "row_count": 40,
      "rows_match": false,
      "status": "fail",
      "error": ""
    }
  ],
  "best_worker_id": 0,
  "best_speedup": 0.0,
  "exited": false
}