{
  "query_id": "query072_spj_spj",
  "baseline_times_ms": [
    2222.022639001807,
    2226.3530919990444,
    2192.7179129997967,
    2208.155666001403,
    2057.65109999993
  ],
  "baseline_trimmed_mean_ms": 2207.632072667669,
  "baseline_row_count": 1,
  "workers": [
    {
      "worker_id": 6,
      "times_ms": [
        9109.637675002887,
        8604.977948998567,
        8586.747198998637,
        8703.873572001612,
        8599.906051997095
      ],
      "trimmed_mean_ms": 8636.252524332425,
      "speedup": 0.25562384453763026,
      "row_count": 1,
      "rows_match": true,
      "status": "pass",
      "error": ""
    }
  ],
  "best_worker_id": 6,
  "best_speedup": 0.25562384453763026,
  "exited": false
}