{
  "query_id": "query_65",
  "baseline_times_ms": [
    1380.1592139989225,
    1485.047365000355,
    1363.592398000037,
    1450.8940989999246,
    1376.3859989994671
  ],
  "baseline_trimmed_mean_ms": 1402.4797706661047,
  "baseline_row_count": 100,
  "workers": [
    {
      "worker_id": 6,
      "times_ms": [
        804.2796720001206,
        827.5888330008456,
        872.5390159997914,
        759.487827999692,
        786.5904319987749
      ],
      "trimmed_mean_ms": 806.1529789999137,
      "speedup": 1.7397191441331323,
      "row_count": 100,
      "rows_match": true,
      "status": "pass",
      "error": ""
    }
  ],
  "best_worker_id": 6,
  "best_speedup": 1.7397191441331323,
  "exited": false
}