{
  "query_id": "query_64",
  "baseline_times_ms": [
    2232.9494360001263,
    1452.2612860000663,
    1398.6120459994709,
    1408.9422410015686,
    1375.0469690003229
  ],
  "baseline_trimmed_mean_ms": 1419.938524333702,
  "baseline_row_count": 3,
  "workers": [
    {
      "worker_id": 6,
      "times_ms": [
        790.0394779990165,
        828.2599809990643,
        868.4266939999361,
        889.8073359996488,
        926.1242619995755
      ],
      "trimmed_mean_ms": 862.164670332883,
      "speedup": 1.6469458482745085,
      "row_count": 3,
      "rows_match": true,
      "status": "pass",
      "error": ""
    }
  ],
  "best_worker_id": 6,
  "best_speedup": 1.6469458482745085,
  "exited": false
}