{
  "query_id": "query102_spj_spj",
  "baseline_times_ms": [
    7358.282434997818,
    7161.005469999509,
    7287.328048001655,
    7181.853541998862,
    7381.563743001607
  ],
  "baseline_trimmed_mean_ms": 7275.821341666112,
  "baseline_row_count": 1,
  "workers": [
    {
      "worker_id": 6,
      "times_ms": [
        13511.17997899928,
        10425.230119002663,
        10644.72825700068,
        10120.075548999012,
        10037.411025998153
      ],
      "trimmed_mean_ms": 10396.677975000784,
      "speedup": 0.6998217468273141,
      "row_count": 1,
      "rows_match": true,
      "status": "pass",
      "error": ""
    }
  ],
  "best_worker_id": 6,
  "best_speedup": 0.6998217468273141,
  "exited": false
}