{
  "query_id": "query_43",
  "baseline_times_ms": [
    456.1366590005491,
    368.9457829987077,
    389.20933900044474,
    398.3276010003465,
    380.6066239994834
  ],
  "baseline_trimmed_mean_ms": 389.3811880000915,
  "baseline_row_count": 18,
  "workers": [
    {
      "worker_id": 5,
      "times_ms": [
        395.1758079983847,
        391.8176040006074,
        383.6913420000201,
        359.58226600087073,
        368.5176609997143
      ],
      "trimmed_mean_ms": 381.34220233344723,
      "speedup": 1.0210807658251655,
      "row_count": 18,
      "rows_match": true,
      "status": "pass",
      "error": ""
    }
  ],
  "best_worker_id": 5,
  "best_speedup": 1.0210807658251655,
  "exited": false
}