{
  "generated_at": "2026-02-13 22:42:33",
  "dsn": "postgresql://***:***@127.0.0.1:5434/dsb_sf10?sslmode=disable",
  "queries": [
    "query010_multi",
    "query023_multi",
    "query069_multi",
    "query081_multi"
  ],
  "levels": [
    1,
    2,
    4,
    6,
    8
  ],
  "rounds": 4,
  "warmup_rounds": 1,
  "degrade_threshold_pct": 10.0,
  "baseline_p50_ms": {
    "query010_multi": 40.97921100037638,
    "query023_multi": 1270.7313080027234,
    "query069_multi": 100.9746654999617,
    "query081_multi": 403.82463300193194
  },
  "level_summaries": {
    "1": {
      "per_query": {
        "query010_multi": {
          "p50_ms": 40.97921100037638,
          "n_ok": 4,
          "n_err": 0,
          "degrade_pct_vs_l1": 0.0
        },
        "query023_multi": {
          "p50_ms": 1270.7313080027234,
          "n_ok": 4,
          "n_err": 0,
          "degrade_pct_vs_l1": 0.0
        },
        "query069_multi": {
          "p50_ms": 100.9746654999617,
          "n_ok": 4,
          "n_err": 0,
          "degrade_pct_vs_l1": 0.0
        },
        "query081_multi": {
          "p50_ms": 403.82463300193194,
          "n_ok": 4,
          "n_err": 0,
          "degrade_pct_vs_l1": 0.0
        }
      },
      "total_errors": 0,
      "worst_degrade_pct": 0.0,
      "median_degrade_pct": 0.0
    },
    "2": {
      "per_query": {
        "query010_multi": {
          "p50_ms": 49.166837001394015,
          "n_ok": 8,
          "n_err": 0,
          "degrade_pct_vs_l1": 19.97995032393971
        },
        "query023_multi": {
          "p50_ms": 1297.289259498939,
          "n_ok": 8,
          "n_err": 0,
          "degrade_pct_vs_l1": 2.0899738071266993
        },
        "query069_multi": {
          "p50_ms": 106.39659950174973,
          "n_ok": 8,
          "n_err": 0,
          "degrade_pct_vs_l1": 5.369598378902363
        },
        "query081_multi": {
          "p50_ms": 436.08017000588006,
          "n_ok": 8,
          "n_err": 0,
          "degrade_pct_vs_l1": 7.987511005499703
        }
      },
      "total_errors": 0,
      "worst_degrade_pct": 19.97995032393971,
      "median_degrade_pct": 6.678554692201033
    },
    "4": {
      "per_query": {
        "query010_multi": {
          "p50_ms": 46.248543501860695,
          "n_ok": 16,
          "n_err": 0,
          "degrade_pct_vs_l1": 12.858550403608104
        },
        "query023_multi": {
          "p50_ms": 1588.029373997415,
          "n_ok": 16,
          "n_err": 0,
          "degrade_pct_vs_l1": 24.96972129327686
        },
        "query069_multi": {
          "p50_ms": 112.2770234978816,
          "n_ok": 16,
          "n_err": 0,
          "degrade_pct_vs_l1": 11.193261143236155
        },
        "query081_multi": {
          "p50_ms": 463.5907755000517,
          "n_ok": 16,
          "n_err": 0,
          "degrade_pct_vs_l1": 14.800023974226907
        }
      },
      "total_errors": 0,
      "worst_degrade_pct": 24.96972129327686,
      "median_degrade_pct": 13.829287188917505
    },
    "6": {
      "per_query": {
        "query010_multi": {
          "p50_ms": 51.63285649905447,
          "n_ok": 24,
          "n_err": 0,
          "degrade_pct_vs_l1": 25.997683309667032
        },
        "query023_multi": {
          "p50_ms": 1694.3959210038884,
          "n_ok": 24,
          "n_err": 0,
          "degrade_pct_vs_l1": 33.3402199452425
        },
        "query069_multi": {
          "p50_ms": 143.96600199688692,
          "n_ok": 24,
          "n_err": 0,
          "degrade_pct_vs_l1": 42.57635941061029
        },
        "query081_multi": {
          "p50_ms": 496.6841240020585,
          "n_ok": 24,
          "n_err": 0,
          "degrade_pct_vs_l1": 22.995004120930474
        }
      },
      "total_errors": 0,
      "worst_degrade_pct": 42.57635941061029,
      "median_degrade_pct": 29.668951627454767
    },
    "8": {
      "per_query": {
        "query010_multi": {
          "p50_ms": 55.025411002134206,
          "n_ok": 32,
          "n_err": 0,
          "degrade_pct_vs_l1": 34.27640420316735
        },
        "query023_multi": {
          "p50_ms": 1915.1663490010833,
          "n_ok": 32,
          "n_err": 0,
          "degrade_pct_vs_l1": 50.71371398027904
        },
        "query069_multi": {
          "p50_ms": 234.00655900331913,
          "n_ok": 32,
          "n_err": 0,
          "degrade_pct_vs_l1": 131.74779321592095
        },
        "query081_multi": {
          "p50_ms": 663.1997709991992,
          "n_ok": 32,
          "n_err": 0,
          "degrade_pct_vs_l1": 64.22964742619513
        }
      },
      "total_errors": 0,
      "worst_degrade_pct": 131.74779321592095,
      "median_degrade_pct": 57.471680703237084
    }
  },
  "max_safe_parallelism": 1
}