{
  "generated_at": "2026-02-13 22:43:47",
  "dsn": "postgresql://***:***@127.0.0.1:5434/dsb_sf10?sslmode=disable",
  "queries": [
    "query023_multi",
    "query081_multi",
    "query101_spj_spj"
  ],
  "levels": [
    1,
    2,
    4,
    6,
    8
  ],
  "rounds": 3,
  "warmup_rounds": 1,
  "degrade_threshold_pct": 10.0,
  "baseline_p50_ms": {
    "query023_multi": 1132.9097199995886,
    "query081_multi": 359.6263529980206,
    "query101_spj_spj": 302.97160999907646
  },
  "level_summaries": {
    "1": {
      "per_query": {
        "query023_multi": {
          "p50_ms": 1132.9097199995886,
          "n_ok": 3,
          "n_err": 0,
          "degrade_pct_vs_l1": 0.0
        },
        "query081_multi": {
          "p50_ms": 359.6263529980206,
          "n_ok": 3,
          "n_err": 0,
          "degrade_pct_vs_l1": 0.0
        },
        "query101_spj_spj": {
          "p50_ms": 302.97160999907646,
          "n_ok": 3,
          "n_err": 0,
          "degrade_pct_vs_l1": 0.0
        }
      },
      "total_errors": 0,
      "worst_degrade_pct": 0.0,
      "median_degrade_pct": 0.0
    },
    "2": {
      "per_query": {
        "query023_multi": {
          "p50_ms": 1271.5885055004037,
          "n_ok": 6,
          "n_err": 0,
          "degrade_pct_vs_l1": 12.240938801448852
        },
        "query081_multi": {
          "p50_ms": 449.821347501711,
          "n_ok": 6,
          "n_err": 0,
          "degrade_pct_vs_l1": 25.080196084569707
        },
        "query101_spj_spj": {
          "p50_ms": 450.6198300005053,
          "n_ok": 6,
          "n_err": 0,
          "degrade_pct_vs_l1": 48.73335161729475
        }
      },
      "total_errors": 0,
      "worst_degrade_pct": 48.73335161729475,
      "median_degrade_pct": 25.080196084569707
    },
    "4": {
      "per_query": {
        "query023_multi": {
          "p50_ms": 1643.719546500506,
          "n_ok": 12,
          "n_err": 0,
          "degrade_pct_vs_l1": 45.088308228223426
        },
        "query081_multi": {
          "p50_ms": 462.8917200025171,
          "n_ok": 12,
          "n_err": 0,
          "degrade_pct_vs_l1": 28.714627319056586
        },
        "query101_spj_spj": {
          "p50_ms": 383.80284950108035,
          "n_ok": 12,
          "n_err": 0,
          "degrade_pct_vs_l1": 26.679476503508127
        }
      },
      "total_errors": 0,
      "worst_degrade_pct": 45.088308228223426,
      "median_degrade_pct": 28.714627319056586
    },
    "6": {
      "per_query": {
        "query023_multi": {
          "p50_ms": 1766.9649894996837,
          "n_ok": 18,
          "n_err": 0,
          "degrade_pct_vs_l1": 55.966972328591666
        },
        "query081_multi": {
          "p50_ms": 539.495925000665,
          "n_ok": 18,
          "n_err": 0,
          "degrade_pct_vs_l1": 50.015681693836946
        },
        "query101_spj_spj": {
          "p50_ms": 430.2241680015868,
          "n_ok": 18,
          "n_err": 0,
          "degrade_pct_vs_l1": 42.00147928147402
        }
      },
      "total_errors": 0,
      "worst_degrade_pct": 55.966972328591666,
      "median_degrade_pct": 50.015681693836946
    },
    "8": {
      "per_query": {
        "query023_multi": {
          "p50_ms": 1916.2657995038899,
          "n_ok": 24,
          "n_err": 0,
          "degrade_pct_vs_l1": 69.14549903452023
        },
        "query081_multi": {
          "p50_ms": 665.498051999748,
          "n_ok": 24,
          "n_err": 0,
          "degrade_pct_vs_l1": 85.0526376756964
        },
        "query101_spj_spj": {
          "p50_ms": 440.34207849836093,
          "n_ok": 24,
          "n_err": 0,
          "degrade_pct_vs_l1": 45.34103657425301
        }
      },
      "total_errors": 0,
      "worst_degrade_pct": 85.0526376756964,
      "median_degrade_pct": 69.14549903452023
    }
  },
  "max_safe_parallelism": 1
}