{
  "query_templates_total": 37,
  "query_templates_with_winner": 37,
  "coverage_pct": 100.0,
  "qt_wins": 31,
  "rbot_wins": 6,
  "qt_win_rate_pct": 83.78378378378379,
  "gmean_rbot_over_qt_ratio": 2.4280333722693532,
  "median_qt_faster_pct_vs_rbot": 39.33643386104085
}