{
  "source": "swarm2_w3",
  "original_path": "/mnt/c/Users/jakc9/Documents/QueryTorque_V8/packages/qt-sql/qt_sql/benchmarks/postgres_dsb/queries/query065_multi.sql",
  "optimized_path": "/mnt/c/Users/jakc9/Documents/QueryTorque_V8/packages/qt-sql/qt_sql/benchmarks/postgres_dsb/swarm_batch_20260208_142643/query065_multi/worker_3_sql.sql",
  "validation": {
    "query_id": "query065_multi",
    "status": "IMPROVED",
    "best_speedup": 1.95,
    "best_worker": 6,
    "best_iteration": 2
  },
  "benchmark_iters": {
    "benchmark_iter0": {
      "query_id": "query065_multi",
      "baseline_times_ms": [
        4298.955844999,
        3795.439796998835,
        3810.339275998558,
        3839.9882710000384,
        3812.747328000114
      ],
      "baseline_trimmed_mean_ms": 3821.0249583329037,
      "baseline_row_count": 0,
      "workers": [
        {
          "worker_id": 1,
          "times_ms": [
            2133.7777899971115,
            1922.9900690006616,
            2210.207429001457,
            2238.8403240001935,
            2400.2686069979973
          ],
          "trimmed_mean_ms": 2194.2751809995875,
          "speedup": 1.7413608791729855,
          "row_count": 0,
          "rows_match": true,
          "status": "pass",
          "error": ""
        },
        {
          "worker_id": 2,
          "times_ms": [
            2424.7709549999854,
            2525.569297999027,
            2628.120098001091,
            2441.99080999897,
            2537.60484400118
          ],
          "trimmed_mean_ms": 2501.721650666392,
          "speedup": 1.52735815246076,
          "row_count": 0,
          "rows_match": true,
          "status": "pass",
          "error": ""
        },
        {
          "worker_id": 3,
          "times_ms": [
            2936.134002000472,
            3011.954287001572,
            2933.171348999167,
            2779.4859479981824,
            2312.852942999598
          ],
          "trimmed_mean_ms": 2882.9304329992738,
          "speedup": 1.3253961714080202,
          "row_count": 0,
          "rows_match": true,
          "status": "pass",
          "error": ""
        },
        {
          "worker_id": 4,
          "times_ms": [
            2317.149875998439,
            2056.676026000787,
            1957.9105399971013,
            2217.582223001955,
            2647.560249999515
          ],
          "trimmed_mean_ms": 2197.13604166706,
          "speedup": 1.7390934770856203,
          "row_count": 0,
          "rows_match": true,
          "status": "pass",
          "error": ""
        }
      ],
      "best_worker_id": 1,
      "best_speedup": 1.7413608791729855,
      "exited": false
    },
    "benchmark_iter1": {
      "query_id": "query065_multi",
      "baseline_times_ms": [
        4694.494088998908,
        4042.998434000765,
        4057.872101999237,
        3955.153233000601,
        3339.7728039999492
      ],
      "baseline_trimmed_mean_ms": 4018.6745896668676,
      "baseline_row_count": 0,
      "workers": [
        {
          "worker_id": 5,
          "times_ms": [
            2056.2835939999786,
            2079.4760070020857,
            2104.3624310004816,
            2081.443171999126,
            2105.5332839969196
          ],
          "trimmed_mean_ms": 2088.427203333898,
          "speedup": 1.9242588792425155,
          "row_count": 0,
          "rows_match": true,
          "status": "pass",
          "error": ""
        }
      ],
      "best_worker_id": 5,
      "best_speedup": 1.9242588792425155,
      "exited": false
    },
    "benchmark_iter2": {
      "query_id": "query065_multi",
      "baseline_times_ms": [
        3341.890575000434,
        3167.5117099985073,
        3215.652819002571,
        3206.718176999857,
        3240.5048250002437
      ],
      "baseline_trimmed_mean_ms": 3220.9586070008904,
      "baseline_row_count": 0,
      "workers": [
        {
          "worker_id": 6,
          "times_ms": [
            1653.2740229995397,
            1643.8469879976765,
            1644.657829998323,
            1659.2157820014108,
            1651.9577199978812
          ],
          "trimmed_mean_ms": 1649.9631909985812,
          "speedup": 1.9521396747351196,
          "row_count": 0,
          "rows_match": true,
          "status": "pass",
          "error": ""
        }
      ],
      "best_worker_id": 6,
      "best_speedup": 1.9521396747351196,
      "exited": false
    }
  }
}