{
  "source": "swarm_w3",
  "original_path": "/mnt/c/Users/jakc9/Documents/QueryTorque_V8/packages/qt-sql/qt_sql/benchmarks/duckdb_tpcds/queries/query_23.sql",
  "optimized_path": "/mnt/c/Users/jakc9/Documents/QueryTorque_V8/packages/qt-sql/qt_sql/benchmarks/duckdb_tpcds/swarm_batch_20260208_102033/query_23/worker_3_sql.sql",
  "benchmark_iters": {
    "benchmark_iter0": {
      "query_id": "query_23",
      "baseline_times_ms": [
        16245.375792000232,
        16337.95784099948,
        17583.16923500024,
        15959.627250999802,
        15612.79320199992
      ],
      "baseline_trimmed_mean_ms": 16180.98696133317,
      "baseline_row_count": 5,
      "workers": [
        {
          "worker_id": 1,
          "times_ms": [
            6425.875658000223,
            6282.116078999934,
            6151.819099000022,
            6019.930107999244,
            5876.171152000097
          ],
          "trimmed_mean_ms": 6151.2884286664,
          "speedup": 2.630503698367662,
          "row_count": 1,
          "rows_match": false,
          "status": "fail",
          "error": ""
        },
        {
          "worker_id": 2,
          "times_ms": [
            7896.57932099999,
            8262.655736999477,
            8726.029681,
            8778.114317000473,
            8037.685500000407
          ],
          "trimmed_mean_ms": 8342.123639333295,
          "speedup": 1.9396723976901353,
          "row_count": 1,
          "rows_match": false,
          "status": "fail",
          "error": ""
        },
        {
          "worker_id": 3,
          "times_ms": [
            5723.456026000349,
            5252.444304999699,
            5098.242437999943,
            5005.295799999658,
            5154.357978999542
          ],
          "trimmed_mean_ms": 5168.348240666394,
          "speedup": 3.13078496414298,
          "row_count": 1,
          "rows_match": false,
          "status": "fail",
          "error": ""
        },
        {
          "worker_id": 4,
          "times_ms": [
            5813.367509000273,
            5542.9392779997215,
            5369.189149999329,
            5762.499008999839,
            5785.127825000018
          ],
          "trimmed_mean_ms": 5696.855370666526,
          "speedup": 2.840336625825207,
          "row_count": 1,
          "rows_match": false,
          "status": "fail",
          "error": ""
        }
      ],
      "best_worker_id": 0,
      "best_speedup": 0.0,
      "exited": false
    },
    "benchmark_iter1": {
      "query_id": "query_23",
      "baseline_times_ms": [
        18308.97475799975,
        15215.433092999774,
        15086.989866000295,
        16528.697293999357,
        15183.768953998879
      ],
      "baseline_trimmed_mean_ms": 15642.633113666003,
      "baseline_row_count": 5,
      "workers": [
        {
          "worker_id": 5,
          "times_ms": [
            5255.998811999234,
            5314.784684000188,
            5296.976318999441,
            5595.591703000537,
            5736.457484999846
          ],
          "trimmed_mean_ms": 5402.450902000055,
          "speedup": 2.8954697409420054,
          "row_count": 1,
          "rows_match": false,
          "status": "fail",
          "error": ""
        }
      ],
      "best_worker_id": 0,
      "best_speedup": 0.0,
      "exited": false
    },
    "benchmark_iter2": {
      "query_id": "query_23",
      "baseline_times_ms": [
        13540.726189999987,
        12665.369614000156,
        12539.425074999599,
        12753.28316500054,
        12845.111717000691
      ],
      "baseline_trimmed_mean_ms": 12754.588165333795,
      "baseline_row_count": 5,
      "workers": [
        {
          "worker_id": 6,
          "times_ms": [],
          "trimmed_mean_ms": 0,
          "speedup": 0,
          "row_count": 0,
          "rows_match": false,
          "status": "error",
          "error": "Binder Error: Referenced column \"d_date\" not found in FROM clause!\nCandidate bindings: \"i_category\", \"i_category_id\", \"i_item_sk\", \"i_item_id\", \"ss_item_sk\"\n\nLINE 21:     GROUP BY i_item_sk, SUBSTRING(i_item_desc, 1, 30), d_date\n                                                                ^"
        }
      ],
      "best_worker_id": 0,
      "best_speedup": 0.0,
      "exited": false
    }
  }
}