{
  "query_id": "query_37",
  "baseline_times_ms": [
    145.32760200017947,
    79.80668999971385,
    79.1147740001179,
    85.04815499964025,
    97.67480000027717
  ],
  "baseline_trimmed_mean_ms": 87.50988166654376,
  "baseline_row_count": 3,
  "workers": [
    {
      "worker_id": 1,
      "times_ms": [
        80.75962600014464,
        77.958502999536,
        78.55839300009393,
        74.98756400036655,
        74.24756199998228
      ],
      "trimmed_mean_ms": 77.16815333333216,
      "speedup": 1.1340154958553943,
      "row_count": 3,
      "rows_match": true,
      "status": "pass",
      "error": ""
    },
    {
      "worker_id": 2,
      "times_ms": [
        90.23118899949623,
        106.19127900008607,
        96.49237600024207,
        89.13974499955657,
        100.88792199985619
      ],
      "trimmed_mean_ms": 95.8704956665315,
      "speedup": 0.9127926277854175,
      "row_count": 3,
      "rows_match": true,
      "status": "pass",
      "error": ""
    },
    {
      "worker_id": 3,
      "times_ms": [
        97.38674099935452,
        83.81315100086795,
        90.78106299966748,
        77.41800600069837,
        77.32637700064515
      ],
      "trimmed_mean_ms": 84.0040733337446,
      "speedup": 1.0417337897279186,
      "row_count": 3,
      "rows_match": true,
      "status": "pass",
      "error": ""
    },
    {
      "worker_id": 4,
      "times_ms": [
        80.39898700008052,
        78.03136799975618,
        79.6246150002844,
        96.31279899986112,
        73.83429400033492
      ],
      "trimmed_mean_ms": 79.35165666670703,
      "speedup": 1.102811023014969,
      "row_count": 3,
      "rows_match": true,
      "status": "pass",
      "error": ""
    }
  ],
  "best_worker_id": 1,
  "best_speedup": 1.1340154958553943,
  "exited": false
}