{
  "source": "swarm_w4",
  "original_path": "/mnt/c/Users/jakc9/Documents/QueryTorque_V8/packages/qt-sql/qt_sql/benchmarks/duckdb_tpcds/queries/query_83.sql",
  "optimized_path": "/mnt/c/Users/jakc9/Documents/QueryTorque_V8/packages/qt-sql/qt_sql/benchmarks/duckdb_tpcds/swarm_batch_20260208_102033/query_83/worker_4_sql.sql",
  "benchmark_iters": {
    "benchmark_iter0": {
      "query_id": "query_83",
      "baseline_times_ms": [
        63.52959700052452,
        51.07684199992946,
        58.01608000001579,
        53.12815100023727,
        57.59669800045231
      ],
      "baseline_trimmed_mean_ms": 56.246976333568455,
      "baseline_row_count": 100,
      "workers": [
        {
          "worker_id": 1,
          "times_ms": [
            52.12341500009643,
            44.15464300018357,
            52.7686100003848,
            52.54506900018896,
            52.15324800064991
          ],
          "trimmed_mean_ms": 52.27391066697843,
          "speedup": 1.0760047529617833,
          "row_count": 100,
          "rows_match": true,
          "status": "pass",
          "error": ""
        },
        {
          "worker_id": 2,
          "times_ms": [
            53.46311799985415,
            50.76025299968023,
            56.93490900011966,
            54.09610100014106,
            48.04813800001284
          ],
          "trimmed_mean_ms": 52.77315733322515,
          "speedup": 1.0658254911376364,
          "row_count": 100,
          "rows_match": true,
          "status": "pass",
          "error": ""
        },
        {
          "worker_id": 3,
          "times_ms": [
            45.16097800023999,
            46.438572000624845,
            50.99985100059712,
            47.16444699988642,
            44.62189300011232
          ],
          "trimmed_mean_ms": 46.254665666917084,
          "speedup": 1.2160281675930091,
          "row_count": 100,
          "rows_match": true,
          "status": "pass",
          "error": ""
        },
        {
          "worker_id": 4,
          "times_ms": [
            47.38955699940561,
            47.02077799993276,
            46.527471000445075,
            56.14727200008929,
            47.64859599981719
          ],
          "trimmed_mean_ms": 47.35297699971852,
          "speedup": 1.1878234463253028,
          "row_count": 100,
          "rows_match": true,
          "status": "pass",
          "error": ""
        }
      ],
      "best_worker_id": 3,
      "best_speedup": 1.2160281675930091,
      "exited": false
    },
    "benchmark_iter1": {
      "query_id": "query_83",
      "baseline_times_ms": [
        78.42452499971841,
        88.80181399945286,
        116.08101499950862,
        112.51448399889341,
        140.67820700074662
      ],
      "baseline_trimmed_mean_ms": 105.7991043326183,
      "baseline_row_count": 100,
      "workers": [
        {
          "worker_id": 5,
          "times_ms": [
            115.55953800052521,
            122.76516600104515,
            80.65902300040761,
            81.02740200047265,
            62.22697200064431
          ],
          "trimmed_mean_ms": 92.4153210004685,
          "speedup": 1.1448221267562546,
          "row_count": 100,
          "rows_match": true,
          "status": "pass",
          "error": ""
        }
      ],
      "best_worker_id": 5,
      "best_speedup": 1.1448221267562546,
      "exited": false
    },
    "benchmark_iter2": {
      "query_id": "query_83",
      "baseline_times_ms": [
        51.82595900078013,
        45.71233900060179,
        45.256150000568596,
        45.38311199939926,
        56.20446099965193
      ],
      "baseline_trimmed_mean_ms": 47.64047000026039,
      "baseline_row_count": 100,
      "workers": [
        {
          "worker_id": 6,
          "times_ms": [
            48.51895999854605,
            53.86461299895018,
            47.34366900083842,
            45.666099000300164,
            44.651125999735086
          ],
          "trimmed_mean_ms": 47.17624266656154,
          "speedup": 1.0098402778063522,
          "row_count": 100,
          "rows_match": true,
          "status": "pass",
          "error": ""
        }
      ],
      "best_worker_id": 6,
      "best_speedup": 1.0098402778063522,
      "exited": false
    }
  }
}