{
  "query": 1,
  "worker_id": 3,
  "status": "pass",
  "speedup": 1.5164652438772084,
  "error": null,
  "elapsed": 40.99156165122986
}