{
  "query_id": "query_94",
  "baseline_times_ms": [
    145.67054200051643,
    93.0303980003373,
    86.50129299894616,
    91.28364299976965,
    86.92784499908157
  ],
  "baseline_trimmed_mean_ms": 90.41396199972951,
  "baseline_row_count": 1,
  "workers": [
    {
      "worker_id": 6,
      "times_ms": [
        130.34223999966343,
        126.59778099987307,
        128.3116369995696,
        121.12252699989767,
        138.44352299929596
      ],
      "trimmed_mean_ms": 128.41721933303538,
      "speedup": 0.7040641626513594,
      "row_count": 1,
      "rows_match": true,
      "status": "pass",
      "error": ""
    }
  ],
  "best_worker_id": 6,
  "best_speedup": 0.7040641626513594,
  "exited": false
}