{
  "A_baseline": 4656.930911499785,
  "B_ssd_tuning": 3940.8716220000315,
  "B_parallel_boost": 4539.399060000051,
  "B_ssd_plus_parallel": 4008.128374500302,
  "B_full_kitchen_sink": 3925.0942880003095,
  "C_rewrite_only": 7059.775418500067,
  "D_ssd_tuning": 4066.1440235003283,
  "D_parallel_boost": 6515.98783899999,
  "D_ssd_plus_parallel": 4030.9322820003217,
  "D_full_kitchen_sink": 4067.3621414998706
}