{
  "query_id": "query_50",
  "baseline_times_ms": [
    834.2197189995204,
    722.9411600001185,
    748.7764360012079,
    718.9670209991164,
    741.8544719985221
  ],
  "baseline_trimmed_mean_ms": 737.8573559999495,
  "baseline_row_count": 51,
  "workers": [
    {
      "worker_id": 5,
      "times_ms": [
        768.5357700011082,
        740.9625190011866,
        703.8949729994783,
        719.1498100000899,
        646.1732990010205
      ],
      "trimmed_mean_ms": 721.335767333585,
      "speedup": 1.0229041583885914,
      "row_count": 51,
      "rows_match": true,
      "status": "pass",
      "error": ""
    }
  ],
  "best_worker_id": 5,
  "best_speedup": 1.0229041583885914,
  "exited": false
}