{
  "query_id": "query_18",
  "baseline_times_ms": [
    512.656189000154,
    315.99477700001444,
    290.6247339997208,
    290.5177779994119,
    279.4714459996612
  ],
  "baseline_trimmed_mean_ms": 299.0457629997157,
  "baseline_row_count": 100,
  "workers": [
    {
      "worker_id": 5,
      "times_ms": [
        275.3496199993606,
        280.34069200020895,
        319.67926299967075,
        315.6207900001391,
        304.6398410006077
      ],
      "trimmed_mean_ms": 300.20044100031856,
      "speedup": 0.9961536432233234,
      "row_count": 100,
      "rows_match": true,
      "status": "pass",
      "error": ""
    }
  ],
  "best_worker_id": 5,
  "best_speedup": 0.9961536432233234,
  "exited": false
}