{
  "query_id": "query_74",
  "baseline_times_ms": [
    2794.6636809992924,
    2245.630893999987,
    2168.0364710000504,
    2302.1244339997793,
    2223.8579790000585
  ],
  "baseline_trimmed_mean_ms": 2257.2044356666083,
  "baseline_row_count": 100,
  "workers": [
    {
      "worker_id": 1,
      "times_ms": [],
      "trimmed_mean_ms": 0,
      "speedup": 0,
      "row_count": 0,
      "rows_match": false,
      "status": "error",
      "error": "Binder Error: Referenced column \"ss_ss_net_paid\" not found in FROM clause!\nCandidate bindings: \"ss_net_paid\", \"ss_sold_date_sk\", \"ss_sales_price\", \"ss_ext_sales_price\", \"ss_ext_discount_amt\"\n\nLINE 7:         STDDEV_SAMP(ss_ss_net_paid) AS year_total\n                            ^"
    },
    {
      "worker_id": 2,
      "times_ms": [
        1889.9238639996838,
        1845.216740000069,
        1872.3381820000213,
        1921.4105949995428,
        1835.291433999373
      ],
      "trimmed_mean_ms": 1869.159595333258,
      "speedup": 1.2076039099615592,
      "row_count": 100,
      "rows_match": true,
      "status": "pass",
      "error": ""
    },
    {
      "worker_id": 3,
      "times_ms": [],
      "trimmed_mean_ms": 0,
      "speedup": 0,
      "row_count": 0,
      "rows_match": false,
      "status": "error",
      "error": "Binder Error: Referenced column \"d_year\" not found in FROM clause!\nCandidate bindings: \"c_email_address\", \"d_date_sk\", \"ss_addr_sk\", \"ss_ext_tax\", \"ss_net_paid\"\n\nLINE 21:     d_year\n             ^"
    },
    {
      "worker_id": 4,
      "times_ms": [
        1849.2335820001244,
        1842.4639300001218,
        1839.3863330002205,
        1877.3534290003226,
        1931.755384999633
      ],
      "trimmed_mean_ms": 1856.3503136668562,
      "speedup": 1.215936679110929,
      "row_count": 100,
      "rows_match": true,
      "status": "pass",
      "error": ""
    }
  ],
  "best_worker_id": 4,
  "best_speedup": 1.215936679110929,
  "exited": false
}