{
  "source": "swarm2_snipe",
  "original_path": "/mnt/c/Users/jakc9/Documents/QueryTorque_V8/packages/qt-sql/qt_sql/benchmarks/postgres_dsb/queries/query038_multi.sql",
  "optimized_path": "/mnt/c/Users/jakc9/Documents/QueryTorque_V8/packages/qt-sql/qt_sql/benchmarks/postgres_dsb/swarm_batch_20260208_142643/query038_multi/snipe_worker_sql.sql",
  "validation": {
    "query_id": "query038_multi",
    "status": "REGRESSION",
    "best_speedup": 0.77,
    "best_worker": 5,
    "best_iteration": 1
  },
  "benchmark_iters": {
    "benchmark_iter0": {
      "query_id": "query038_multi",
      "baseline_times_ms": [
        19399.918244002038,
        9572.749154998746,
        9727.612522001436,
        9402.647938000882,
        9183.448122999835
      ],
      "baseline_trimmed_mean_ms": 9567.669871667022,
      "baseline_row_count": 1,
      "workers": [
        {
          "worker_id": 1,
          "times_ms": [
            16924.561469000764,
            18795.661707001273,
            14895.89486100158,
            15271.158103001653,
            21270.273825000913
          ],
          "trimmed_mean_ms": 16997.12709300123,
          "speedup": 0.5628992369896807,
          "row_count": 1,
          "rows_match": true,
          "status": "pass",
          "error": ""
        },
        {
          "worker_id": 2,
          "times_ms": [
            17466.851055000006,
            21492.321932000777,
            16971.56137500133,
            14987.289056000009,
            14167.239826001605
          ],
          "trimmed_mean_ms": 16475.233828667115,
          "speedup": 0.5807304449311763,
          "row_count": 1,
          "rows_match": true,
          "status": "pass",
          "error": ""
        },
        {
          "worker_id": 3,
          "times_ms": [
            19931.18882699855,
            15279.628372998559,
            14088.33614499963,
            14821.848792002129,
            20011.700413000653
          ],
          "trimmed_mean_ms": 16677.55533066641,
          "speedup": 0.5736853922513541,
          "row_count": 1,
          "rows_match": true,
          "status": "pass",
          "error": ""
        },
        {
          "worker_id": 4,
          "times_ms": [
            26471.320173001004,
            14725.306820000696,
            14790.313569999853,
            16480.348302000493,
            16338.216314998135
          ],
          "trimmed_mean_ms": 15869.626062332827,
          "speedup": 0.6028919543590417,
          "row_count": 1,
          "rows_match": true,
          "status": "pass",
          "error": ""
        }
      ],
      "best_worker_id": 4,
      "best_speedup": 0.6028919543590417,
      "exited": false
    },
    "benchmark_iter1": {
      "query_id": "query038_multi",
      "baseline_times_ms": [
        15454.263840998465,
        10602.887003999058,
        12273.32607900098,
        10556.722700999671,
        10433.20136499824
      ],
      "baseline_trimmed_mean_ms": 11144.311927999903,
      "baseline_row_count": 1,
      "workers": [
        {
          "worker_id": 5,
          "times_ms": [
            16069.895584998449,
            14641.092855999887,
            13821.643382998445,
            14472.791596999741,
            14503.148667998175
          ],
          "trimmed_mean_ms": 14539.011040332602,
          "speedup": 0.766511002507978,
          "row_count": 1,
          "rows_match": true,
          "status": "pass",
          "error": ""
        }
      ],
      "best_worker_id": 5,
      "best_speedup": 0.766511002507978,
      "exited": false
    },
    "benchmark_iter2": {
      "query_id": "query038_multi",
      "baseline_times_ms": [
        8836.704854002164,
        7946.859406998556,
        7926.365313000133,
        7835.374223002873,
        8088.037330999214
      ],
      "baseline_trimmed_mean_ms": 7987.087350332634,
      "baseline_row_count": 1,
      "workers": [
        {
          "worker_id": 6,
          "times_ms": [
            12608.223129998805,
            15262.138916998083,
            13626.474073997088,
            13107.541230998322,
            11884.654888999648
          ],
          "trimmed_mean_ms": 13114.079478331405,
          "speedup": 0.6090467396914759,
          "row_count": 1,
          "rows_match": true,
          "status": "pass",
          "error": ""
        }
      ],
      "best_worker_id": 6,
      "best_speedup": 0.6090467396914759,
      "exited": false
    }
  }
}