{
  "mean": [
    3.6363636363636362,
    3.6363636363636362,
    2.8585858585858586,
    5.515151515151516,
    1.3636363636363635,
    0.1111111111111111,
    1.0909090909090908,
    0.8484848484848485,
    0.30303030303030304,
    0.6363636363636364,
    0.35353535353535354,
    1.4747474747474747,
    44.484848484848484,
    8.353535353535353,
    7.454545454545454,
    11.070707070707071,
    1.0,
    0.13131313131313133,
    0.09090909090909091,
    0.47474747474747475,
    0.09090909090909091,
    1.0707070707070707,
    0.010101010101010102,
    1.505050505050505,
    10.131313131313131,
    1.0,
    0.1414141414141414,
    0.21212121212121213,
    0.0,
    3.2626262626262625,
    0.6868686868686869,
    0.7575757575757576,
    0.0,
    0.09090909090909091,
    0.0,
    0.9191919191919192,
    1.303030303030303,
    0.2727272727272727,
    0.0,
    0.15151515151515152,
    13.919191919191919,
    0.6868686868686869,
    1.0707070707070707,
    0.6060606060606061,
    0.8080808080808081,
    8.353535353535353,
    14.090909090909092,
    15.222222222222221,
    5.515151515151516,
    0.6363636363636364,
    1.4747474747474747,
    5.202020202020202,
    0.2727272727272727,
    0.35353535353535354,
    1.303030303030303,
    0.30303030303030304,
    0.18181818181818182,
    0.16161616161616163,
    0.5252525252525253,
    0.5252525252525253,
    0.8686868686868687,
    0.8282828282828283,
    0.0707070707070707,
    0.15151515151515152,
    0.6464646464646465,
    0.0,
    0.09090909090909091,
    0.08080808080808081,
    0.09090909090909091,
    0.8484848484848485,
    0.898989898989899,
    1.0,
    0.08080808080808081,
    0.3939393939393939,
    0.050505050505050504,
    0.030303030303030304,
    0.010101010101010102,
    0.47474747474747475,
    0.29292929292929293,
    0.21212121212121213,
    0.0707070707070707,
    0.9494949494949495,
    0.9696969696969697,
    0.1919191919191919,
    0.08080808080808081,
    230.76767676767676,
    1.7282835052470968,
    11.272727272727273,
    14.090909090909092,
    2.8282828282828283
  ],
  "std": [
    3.4712514712794142,
    3.4712514712794142,
    2.4163170113199057,
    4.088326906722979,
    1.2098463501622498,
    0.4469625634310616,
    0.8656276883082247,
    0.3585502898848253,
    0.45956820873039683,
    1.1411012353795598,
    0.8682169271492648,
    2.4591344225048313,
    33.23663660564695,
    5.707186912198542,
    11.968200903819943,
    10.610888751943053,
    1.9488406291895184,
    0.5622189919222527,
    0.4515049825985257,
    2.5478984580223396,
    0.2874797872880344,
    1.8762337368794304,
    0.0999948983496128,
    3.11844864750828,
    8.943872643975078,
    3.698211415910085,
    0.6197115818253721,
    0.8677467311076579,
    1.0,
    8.696435887370676,
    1.738723929193127,
    1.7927514494241268,
    1.0,
    0.6370847285342018,
    1.0,
    2.7142600147763116,
    5.001928002936116,
    0.8386880304907905,
    1.0,
    0.687017215076038,
    4.30333853877761,
    0.799576461703568,
    0.3257477878100426,
    0.9191364174607937,
    1.801664593258515,
    5.707186912198542,
    15.287871279693022,
    15.658963648226397,
    4.088326906722979,
    1.1411012353795598,
    2.4591344225048313,
    8.893284037367122,
    0.8386880304907905,
    0.8682169271492648,
    5.001928002936116,
    0.45956820873039683,
    0.38569460791993526,
    0.3680983264300728,
    0.4993619028003344,
    0.4993619028003344,
    0.3377424948949594,
    0.37713443843625194,
    0.2563348998070606,
    0.3585502898848254,
    0.4780670531797671,
    1.0,
    0.2874797872880344,
    0.27254015279256655,
    0.28747978728803425,
    0.3585502898848253,
    0.3013420987914406,
    1.0,
    0.2725401527925666,
    0.4886216817150634,
    0.2189846806937251,
    0.17141982574219342,
    0.0999948983496128,
    0.4993619028003342,
    0.45510627580075985,
    0.4088102291888497,
    0.2563348998070609,
    0.218984680693725,
    0.17141982574219333,
    0.3938098725175337,
    0.2725401527925667,
    170.27024439674076,
    0.4854045012841183,
    11.270609119995283,
    15.287871279693022,
    12.443034158577374
  ],
  "zero_std_indices": [
    28,
    32,
    34,
    38,
    65,
    71
  ],
  "num_queries": 99,
  "num_features": 90,
  "description": "Z-score normalization statistics computed from all 99 TPC-DS queries"
}