{
  "query_id": "query_16",
  "baseline_times_ms": [
    73.82871600020735,
    20.619796000573842,
    20.10051400066004,
    26.779335999890463,
    26.09303099961835
  ],
  "baseline_trimmed_mean_ms": 24.49738766669422,
  "baseline_row_count": 1,
  "workers": [
    {
      "worker_id": 5,
      "times_ms": [
        19.968732000052114,
        23.536212999715644,
        19.084865999502654,
        19.615558000623423,
        18.352234000303724
      ],
      "trimmed_mean_ms": 19.55638533339273,
      "speedup": 1.2526541714671922,
      "row_count": 1,
      "rows_match": true,
      "status": "pass",
      "error": ""
    }
  ],
  "best_worker_id": 5,
  "best_speedup": 1.2526541714671922,
  "exited": false
}