{
  "query_id": "query_16",
  "baseline_times_ms": [
    86.51536499928625,
    20.026247000714648,
    20.242378999682842,
    28.25391700025648,
    26.7985239988775
  ],
  "baseline_trimmed_mean_ms": 25.09827333293894,
  "baseline_row_count": 1,
  "workers": [
    {
      "worker_id": 6,
      "times_ms": [
        54.489865999130416,
        52.10753199935425,
        47.75099700054852,
        48.27932199987117,
        55.03723599940713
      ],
      "trimmed_mean_ms": 51.62557333278528,
      "speedup": 0.48615970172674206,
      "row_count": 1,
      "rows_match": true,
      "status": "pass",
      "error": ""
    }
  ],
  "best_worker_id": 6,
  "best_speedup": 0.48615970172674206,
  "exited": false
}