{
  "query_id": "query102_agg",
  "baseline_times_ms": [
    9219.826546999684,
    9238.944114000333,
    9297.013302999403,
    9242.215872000088,
    9111.889425999834
  ],
  "baseline_trimmed_mean_ms": 9233.662177666702,
  "baseline_row_count": 0,
  "workers": [
    {
      "worker_id": 6,
      "times_ms": [
        127564.808713003,
        89760.01286199971,
        82850.84336899672,
        95281.6168069985,
        86053.45829599901
      ],
      "trimmed_mean_ms": 90365.02932166574,
      "speedup": 0.10218180912439384,
      "row_count": 0,
      "rows_match": true,
      "status": "pass",
      "error": ""
    }
  ],
  "best_worker_id": 6,
  "best_speedup": 0.10218180912439384,
  "exited": false
}