{
  "query_id": "query102_agg",
  "baseline_times_ms": [
    15256.246922999708,
    12363.676197001041,
    11788.784016000136,
    13922.236285001418,
    12107.06675199981
  ],
  "baseline_trimmed_mean_ms": 12797.659744667422,
  "baseline_row_count": 0,
  "workers": [
    {
      "worker_id": 1,
      "times_ms": [],
      "trimmed_mean_ms": 0,
      "speedup": 0,
      "row_count": 0,
      "rows_match": false,
      "status": "error",
      "error": "operator does not exist: integer = character\nLINE 29: JOIN store ON inv_warehouse_sk = s_state\n                                        ^\nHINT:  No operator matches the given name and argument types. You might need to add explicit type casts.\n"
    },
    {
      "worker_id": 2,
      "times_ms": [
        16951.367180001398,
        12834.419183000136,
        7700.469392999366,
        7614.341634998709,
        7281.960966000042
      ],
      "trimmed_mean_ms": 9383.076736999405,
      "speedup": 1.3639086733889336,
      "row_count": 0,
      "rows_match": true,
      "status": "pass",
      "error": ""
    },
    {
      "worker_id": 3,
      "times_ms": [
        7529.056368002784,
        6722.484844001883,
        8909.811040000932,
        9144.399189000978,
        7887.436181001249
      ],
      "trimmed_mean_ms": 8108.767863001655,
      "speedup": 1.5782496133672843,
      "row_count": 0,
      "rows_match": true,
      "status": "pass",
      "error": ""
    },
    {
      "worker_id": 4,
      "times_ms": [
        15033.219410001038,
        10189.14527099696,
        9701.677826000378,
        13932.02236200159,
        10515.368624000985
      ],
      "trimmed_mean_ms": 11545.51208566651,
      "speedup": 1.1084531937353757,
      "row_count": 0,
      "rows_match": true,
      "status": "pass",
      "error": ""
    }
  ],
  "best_worker_id": 3,
  "best_speedup": 1.5782496133672843,
  "exited": false
}