{
  "query_id": "query102_agg",
  "baseline_times_ms": [
    11853.279184997518,
    10366.771606000839,
    11885.23882500158,
    11484.723600002326,
    11797.770807999768
  ],
  "baseline_trimmed_mean_ms": 11711.924530999871,
  "baseline_row_count": 0,
  "workers": [
    {
      "worker_id": 5,
      "times_ms": [
        8037.151540000195,
        7861.093031999189,
        9439.683155997045,
        9300.771416001226,
        5173.754404000647
      ],
      "trimmed_mean_ms": 8399.671996000203,
      "speedup": 1.3943311758574517,
      "row_count": 0,
      "rows_match": true,
      "status": "pass",
      "error": ""
    }
  ],
  "best_worker_id": 5,
  "best_speedup": 1.3943311758574517,
  "exited": false
}