{
  "query_id": "query_66",
  "baseline_times_ms": [
    368.3687090015155,
    194.5436639998661,
    196.528094000314,
    178.54273000011744,
    199.39753400103655
  ],
  "baseline_trimmed_mean_ms": 196.8230973337389,
  "baseline_row_count": 10,
  "workers": [
    {
      "worker_id": 6,
      "times_ms": [
        191.73579000016616,
        203.08904000012262,
        210.36170600018522,
        193.75538200074516,
        195.39065400022082
      ],
      "trimmed_mean_ms": 197.41169200036288,
      "speedup": 0.9970184406979152,
      "row_count": 10,
      "rows_match": true,
      "status": "pass",
      "error": ""
    }
  ],
  "best_worker_id": 6,
  "best_speedup": 0.9970184406979152,
  "exited": false
}