{
  "source": "swarm_w2",
  "original_path": "/mnt/c/Users/jakc9/Documents/QueryTorque_V8/packages/qt-sql/qt_sql/benchmarks/duckdb_tpcds/queries/query_11.sql",
  "optimized_path": "/mnt/c/Users/jakc9/Documents/QueryTorque_V8/packages/qt-sql/qt_sql/benchmarks/duckdb_tpcds/swarm_batch_20260208_102033/query_11/worker_2_sql.sql",
  "benchmark_iters": {
    "benchmark_iter0": {
      "query_id": "query_11",
      "baseline_times_ms": [
        4883.54878500013,
        3325.0301050002236,
        3017.4794739996287,
        2981.7716019997533,
        2987.9229309999573
      ],
      "baseline_trimmed_mean_ms": 3110.1441699999364,
      "baseline_row_count": 100,
      "workers": [
        {
          "worker_id": 1,
          "times_ms": [
            2803.862841999944,
            3094.3776119993345,
            2842.460145999212,
            2881.985056999838,
            2856.945493999774
          ],
          "trimmed_mean_ms": 2860.4635656662745,
          "speedup": 1.0872867626529286,
          "row_count": 100,
          "rows_match": true,
          "status": "pass",
          "error": ""
        },
        {
          "worker_id": 2,
          "times_ms": [
            3064.35649299965,
            2958.3404960003463,
            2995.801164000113,
            2943.3470809999562,
            2945.762193000519
          ],
          "trimmed_mean_ms": 2966.6346176669927,
          "speedup": 1.0483745289960251,
          "row_count": 100,
          "rows_match": true,
          "status": "pass",
          "error": ""
        },
        {
          "worker_id": 3,
          "times_ms": [
            2398.4313579994705,
            2446.248344000196,
            2446.726354999555,
            2609.1066669996508,
            2460.1862660001643
          ],
          "trimmed_mean_ms": 2451.053654999972,
          "speedup": 1.2689008923388794,
          "row_count": 100,
          "rows_match": true,
          "status": "pass",
          "error": ""
        },
        {
          "worker_id": 4,
          "times_ms": [
            7161.45760299969,
            7205.1431139998385,
            6698.304380999616,
            6655.192678000276,
            6704.403407999962
          ],
          "trimmed_mean_ms": 6854.721797333089,
          "speedup": 0.45372288795293997,
          "row_count": 100,
          "rows_match": true,
          "status": "pass",
          "error": ""
        }
      ],
      "best_worker_id": 3,
      "best_speedup": 1.2689008923388794,
      "exited": false
    },
    "benchmark_iter1": {
      "query_id": "query_11",
      "baseline_times_ms": [
        5120.587692999834,
        3033.869276000587,
        3209.9405680000928,
        2981.134929000291,
        2980.7045850002396
      ],
      "baseline_trimmed_mean_ms": 3074.9815910003235,
      "baseline_row_count": 100,
      "workers": [
        {
          "worker_id": 5,
          "times_ms": [
            2456.4641530005247,
            2343.873416999486,
            2517.091576999519,
            2462.4484949999896,
            2499.0641159993174
          ],
          "trimmed_mean_ms": 2472.6589213332772,
          "speedup": 1.2435931071893527,
          "row_count": 100,
          "rows_match": true,
          "status": "pass",
          "error": ""
        }
      ],
      "best_worker_id": 5,
      "best_speedup": 1.2435931071893527,
      "exited": false
    },
    "benchmark_iter2": {
      "query_id": "query_11",
      "baseline_times_ms": [
        5791.675411999677,
        3937.913571999161,
        3511.4596970015555,
        3166.8265530006465,
        3125.2508070010663
      ],
      "baseline_trimmed_mean_ms": 3538.7332740004545,
      "baseline_row_count": 100,
      "workers": [
        {
          "worker_id": 6,
          "times_ms": [
            39257.8582820006,
            41023.26044599977,
            38509.49218599999,
            38418.58601700005,
            38888.51086499926
          ],
          "trimmed_mean_ms": 38885.28711099995,
          "speedup": 0.09100442704457776,
          "row_count": 100,
          "rows_match": true,
          "status": "pass",
          "error": ""
        }
      ],
      "best_worker_id": 6,
      "best_speedup": 0.09100442704457776,
      "exited": false
    }
  }
}