{
  "source": "swarm_snipe",
  "original_path": "/mnt/c/Users/jakc9/Documents/QueryTorque_V8/packages/qt-sql/qt_sql/benchmarks/duckdb_tpcds/queries/query_62.sql",
  "optimized_path": "/mnt/c/Users/jakc9/Documents/QueryTorque_V8/packages/qt-sql/qt_sql/benchmarks/duckdb_tpcds/swarm_batch_20260208_102033/query_62/snipe_worker_sql.sql",
  "benchmark_iters": {
    "benchmark_iter0": {
      "query_id": "query_62",
      "baseline_times_ms": [
        335.10291499987943,
        243.1663560000743,
        211.91671900032816,
        220.23888999956398,
        211.10139600023103
      ],
      "baseline_trimmed_mean_ms": 225.10732166665548,
      "baseline_row_count": 100,
      "workers": [
        {
          "worker_id": 1,
          "times_ms": [
            218.4755270000096,
            216.5579879992947,
            217.61312099988572,
            208.08338999995613,
            213.84825499990257
          ],
          "trimmed_mean_ms": 216.006454666361,
          "speedup": 1.0421323844898593,
          "row_count": 100,
          "rows_match": true,
          "status": "pass",
          "error": ""
        },
        {
          "worker_id": 2,
          "times_ms": [
            214.68874299989693,
            218.45787100028247,
            226.30246999960946,
            216.59200500016595,
            225.04748699975607
          ],
          "trimmed_mean_ms": 220.0324543334015,
          "speedup": 1.0230641763672024,
          "row_count": 100,
          "rows_match": true,
          "status": "pass",
          "error": ""
        },
        {
          "worker_id": 3,
          "times_ms": [
            219.65298400027677,
            210.89107699935994,
            215.27355200032616,
            200.55951099948288,
            203.3054980001907
          ],
          "trimmed_mean_ms": 209.8233756666256,
          "speedup": 1.0728419602986157,
          "row_count": 100,
          "rows_match": true,
          "status": "pass",
          "error": ""
        },
        {
          "worker_id": 4,
          "times_ms": [
            203.26161299999512,
            216.22210099940276,
            250.98105400047643,
            222.28209799959586,
            280.3753409998535
          ],
          "trimmed_mean_ms": 229.82841766649167,
          "speedup": 0.9794581712402203,
          "row_count": 100,
          "rows_match": true,
          "status": "pass",
          "error": ""
        }
      ],
      "best_worker_id": 3,
      "best_speedup": 1.0728419602986157,
      "exited": false
    },
    "benchmark_iter1": {
      "query_id": "query_62",
      "baseline_times_ms": [
        505.43812299838464,
        236.9645060007315,
        214.95424800014007,
        210.45222300017485,
        212.87679099987145
      ],
      "baseline_trimmed_mean_ms": 221.59851500024766,
      "baseline_row_count": 100,
      "workers": [
        {
          "worker_id": 5,
          "times_ms": [
            208.85690300019633,
            221.46741399956227,
            217.96474099937768,
            206.3406990000658,
            239.1759069996624
          ],
          "trimmed_mean_ms": 216.09635266637875,
          "speedup": 1.0254616159226133,
          "row_count": 100,
          "rows_match": true,
          "status": "pass",
          "error": ""
        }
      ],
      "best_worker_id": 5,
      "best_speedup": 1.0254616159226133,
      "exited": false
    },
    "benchmark_iter2": {
      "query_id": "query_62",
      "baseline_times_ms": [
        227.3798509995686,
        193.66595299834444,
        197.6652829998784,
        196.88010400022904,
        203.04444600151328
      ],
      "baseline_trimmed_mean_ms": 199.19661100054023,
      "baseline_row_count": 100,
      "workers": [
        {
          "worker_id": 6,
          "times_ms": [
            120.76870199962286,
            128.83245199918747,
            120.36338100006105,
            129.66840400076762,
            119.13651199938613
          ],
          "trimmed_mean_ms": 123.32151166629046,
          "speedup": 1.6152624818577372,
          "row_count": 100,
          "rows_match": true,
          "status": "pass",
          "error": ""
        }
      ],
      "best_worker_id": 6,
      "best_speedup": 1.6152624818577372,
      "exited": false
    }
  }
}