{
  "query_id": "query085_spj_spj",
  "baseline_times_ms": [
    2398.154535996582,
    2264.1209100002015,
    2330.744758997753,
    2182.384796000406,
    1792.0286910011782
  ],
  "baseline_trimmed_mean_ms": 2259.0834883327866,
  "baseline_row_count": 1,
  "workers": [
    {
      "worker_id": 5,
      "times_ms": [
        10765.946149000229,
        10752.910375998908,
        10379.912194999633,
        10406.5354259983,
        8687.986623001052
      ],
      "trimmed_mean_ms": 10513.11933233228,
      "speedup": 0.21488232149949552,
      "row_count": 1,
      "rows_match": true,
      "status": "pass",
      "error": ""
    }
  ],
  "best_worker_id": 5,
  "best_speedup": 0.21488232149949552,
  "exited": false
}