{
  "query_id": "query_90",
  "baseline_times_ms": [
    142.76664399949368,
    81.8897070003004,
    135.63548599995556,
    175.1268150001124,
    177.97265499939385
  ],
  "baseline_trimmed_mean_ms": 151.17631499985387,
  "baseline_row_count": 1,
  "workers": [
    {
      "worker_id": 5,
      "times_ms": [
        1462.6349390000541,
        1268.9046790001157,
        1305.9889469986956,
        1366.5677169992705,
        1377.8859510002803
      ],
      "trimmed_mean_ms": 1350.1475383327488,
      "speedup": 0.11197021859295196,
      "row_count": 1,
      "rows_match": true,
      "status": "pass",
      "error": ""
    }
  ],
  "best_worker_id": 5,
  "best_speedup": 0.11197021859295196,
  "exited": false
}