{
  "query_id": "query_90",
  "baseline_times_ms": [
    122.63702999916859,
    75.19937799952459,
    67.28575600027398,
    72.83946699863009,
    77.4335459991562
  ],
  "baseline_trimmed_mean_ms": 75.1574636657703,
  "baseline_row_count": 1,
  "workers": [
    {
      "worker_id": 6,
      "times_ms": [
        48.864938000406255,
        44.51428699940152,
        44.18057200018666,
        43.95189800015942,
        51.58630500045547
      ],
      "trimmed_mean_ms": 45.85326566666481,
      "speedup": 1.639086389443567,
      "row_count": 1,
      "rows_match": true,
      "status": "pass",
      "error": ""
    }
  ],
  "best_worker_id": 6,
  "best_speedup": 1.639086389443567,
  "exited": false
}