{
  "query_id": "query_90",
  "baseline_times_ms": [
    127.65373199999885,
    75.56630399994901,
    73.66719499987084,
    77.45538300059707,
    68.353849000232
  ],
  "baseline_trimmed_mean_ms": 75.56296066680564,
  "baseline_row_count": 1,
  "workers": [
    {
      "worker_id": 1,
      "times_ms": [
        75.65672100008669,
        80.23790500010364,
        81.96827500069048,
        75.98107800004072,
        69.83977500021865
      ],
      "trimmed_mean_ms": 77.29190133341035,
      "speedup": 0.977631024249919,
      "row_count": 1,
      "rows_match": true,
      "status": "pass",
      "error": ""
    },
    {
      "worker_id": 2,
      "times_ms": [
        84.32875200014678,
        66.67422500049724,
        79.91974099968502,
        69.48407999971096,
        72.74020400018344
      ],
      "trimmed_mean_ms": 74.04800833319314,
      "speedup": 1.0204590557898017,
      "row_count": 1,
      "rows_match": true,
      "status": "pass",
      "error": ""
    },
    {
      "worker_id": 3,
      "times_ms": [
        1253.523588000462,
        1183.1970410003123,
        1121.4082389997202,
        1108.7849409996124,
        1124.9989190000633
      ],
      "trimmed_mean_ms": 1143.2013996666985,
      "speedup": 0.06609768032897448,
      "row_count": 1,
      "rows_match": true,
      "status": "pass",
      "error": ""
    },
    {
      "worker_id": 4,
      "times_ms": [],
      "trimmed_mean_ms": 0,
      "speedup": 0,
      "row_count": 0,
      "rows_match": false,
      "status": "error",
      "error": "Binder Error: Referenced column \"ws_sold_time_sk\" not found in FROM clause!\nCandidate bindings: \"t_time\", \"t_meal_time\", \"t_time_sk\", \"t_time_id\", \"t_am_pm\"\n\nLINE 3:         ws_sold_time_sk,\n                ^"
    }
  ],
  "best_worker_id": 2,
  "best_speedup": 1.0204590557898017,
  "exited": false
}