{
  "query_id": "query085_spj_spj",
  "baseline_times_ms": [
    1909.3008039999404,
    1543.0821910013037,
    1421.4759079986834,
    1366.3670850000926,
    1297.1302429978095
  ],
  "baseline_trimmed_mean_ms": 1443.6417280000267,
  "baseline_row_count": 1,
  "workers": [
    {
      "worker_id": 1,
      "times_ms": [],
      "trimmed_mean_ms": 0,
      "speedup": 0,
      "row_count": 0,
      "rows_match": false,
      "status": "error",
      "error": "column \"ca_state\" does not exist\nLINE 56:       ca_state IN ('IA', 'PA', 'TX')\n               ^\n"
    },
    {
      "worker_id": 2,
      "times_ms": [
        4636.379857001884,
        4319.77014199947,
        4269.193637999706,
        4312.736367999605,
        4334.174607000023
      ],
      "trimmed_mean_ms": 4322.227038999699,
      "speedup": 0.33400414068348694,
      "row_count": 1,
      "rows_match": true,
      "status": "pass",
      "error": ""
    },
    {
      "worker_id": 3,
      "times_ms": [],
      "trimmed_mean_ms": 0,
      "speedup": 0,
      "row_count": 0,
      "rows_match": false,
      "status": "error",
      "error": "canceling statement due to statement timeout\n"
    },
    {
      "worker_id": 4,
      "times_ms": [
        3145.00305600086,
        2937.4776929980726,
        2965.826758998446,
        2892.761683000572,
        2960.2758280016133
      ],
      "trimmed_mean_ms": 2954.526759999377,
      "speedup": 0.48862029193478385,
      "row_count": 1,
      "rows_match": true,
      "status": "pass",
      "error": ""
    }
  ],
  "best_worker_id": 4,
  "best_speedup": 0.48862029193478385,
  "exited": false
}