{
  "query_id": "query_93",
  "baseline_times_ms": [
    1123.9173579997441,
    1010.2920999997878,
    1035.662006000166,
    1017.4708440008544,
    1042.4476800008051
  ],
  "baseline_trimmed_mean_ms": 1031.8601766672753,
  "baseline_row_count": 100,
  "workers": [
    {
      "worker_id": 1,
      "times_ms": [
        1259.1530139998213,
        1280.0224949996846,
        1271.2090239992904,
        1277.254009999524,
        1216.545201000372
      ],
      "trimmed_mean_ms": 1269.2053493328785,
      "speedup": 0.8129970277935269,
      "row_count": 100,
      "rows_match": true,
      "status": "pass",
      "error": ""
    },
    {
      "worker_id": 2,
      "times_ms": [],
      "trimmed_mean_ms": 0,
      "speedup": 0,
      "row_count": 0,
      "rows_match": false,
      "status": "error",
      "error": "Binder Error: Values list \"t\" does not have a column named \"sr_reason_sk\"\n\nLINE 26:     WHERE t.sr_reason_sk = fr.r_reason_sk\n                   ^"
    },
    {
      "worker_id": 3,
      "times_ms": [
        1358.8290349998715,
        1336.9742860004408,
        1298.5848000007536,
        1345.0201710002148,
        1352.0129339995037
      ],
      "trimmed_mean_ms": 1344.6691303333864,
      "speedup": 0.7673710605756556,
      "row_count": 100,
      "rows_match": true,
      "status": "pass",
      "error": ""
    },
    {
      "worker_id": 4,
      "times_ms": [
        1273.4489170006782,
        1315.1671360001274,
        1286.2299789994722,
        1271.0978500008423,
        1316.626680999434
      ],
      "trimmed_mean_ms": 1291.6153440000926,
      "speedup": 0.7988912344999219,
      "row_count": 100,
      "rows_match": true,
      "status": "pass",
      "error": ""
    }
  ],
  "best_worker_id": 1,
  "best_speedup": 0.8129970277935269,
  "exited": false
}