{
  "query_id": "query_41",
  "baseline_times_ms": [
    27.67678700001852,
    12.966088001121534,
    16.784546000053524,
    17.729462999341195,
    12.810694001018419
  ],
  "baseline_trimmed_mean_ms": 15.826699000172084,
  "baseline_row_count": 16,
  "workers": [
    {
      "worker_id": 6,
      "times_ms": [
        8.282855000288691,
        8.5593029998563,
        12.24659400031669,
        13.351503001103993,
        8.455539000351564
      ],
      "trimmed_mean_ms": 9.753812000174852,
      "speedup": 1.6226167779211211,
      "row_count": 1,
      "rows_match": false,
      "status": "fail",
      "error": ""
    }
  ],
  "best_worker_id": 0,
  "best_speedup": 0.0,
  "exited": false
}