{
  "query_id": "query_41",
  "baseline_times_ms": [
    15.050065998366335,
    14.847390999420895,
    18.4571509998932,
    17.367713999192347,
    14.164964999508811
  ],
  "baseline_trimmed_mean_ms": 15.755056998993192,
  "baseline_row_count": 16,
  "workers": [
    {
      "worker_id": 5,
      "times_ms": [
        13.706992998777423,
        12.171481999757816,
        16.883962000065367,
        11.758855000152835,
        12.756086000081268
      ],
      "trimmed_mean_ms": 12.878186999538835,
      "speedup": 1.223390916715014,
      "row_count": 16,
      "rows_match": true,
      "status": "pass",
      "error": ""
    }
  ],
  "best_worker_id": 5,
  "best_speedup": 1.223390916715014,
  "exited": false
}