{
  "query_id": "query_96",
  "baseline_times_ms": [
    232.9616819988587,
    303.4321260001889,
    276.67769500112627,
    196.54441199963912,
    194.80257999930473
  ],
  "baseline_trimmed_mean_ms": 235.39459633320803,
  "baseline_row_count": 1,
  "workers": [
    {
      "worker_id": 5,
      "times_ms": [
        194.34111900045536,
        252.5788900002226,
        217.37449700049183,
        303.02108000068984,
        245.1062260006438
      ],
      "trimmed_mean_ms": 238.35320433378607,
      "speedup": 0.987587295044564,
      "row_count": 1,
      "rows_match": true,
      "status": "pass",
      "error": ""
    }
  ],
  "best_worker_id": 5,
  "best_speedup": 0.987587295044564,
  "exited": false
}