{
  "source": "swarm_final",
  "original_path": "/mnt/c/Users/jakc9/Documents/QueryTorque_V8/packages/qt-sql/qt_sql/benchmarks/duckdb_tpcds/queries/query_57.sql",
  "optimized_path": "/mnt/c/Users/jakc9/Documents/QueryTorque_V8/packages/qt-sql/qt_sql/benchmarks/duckdb_tpcds/swarm_batch_20260208_102033/query_57/final_worker_sql.sql",
  "benchmark_iters": {
    "benchmark_iter0": {
      "query_id": "query_57",
      "baseline_times_ms": [
        801.5098719997695,
        664.1894799995498,
        734.9207320003188,
        796.922829000323,
        649.3533689999822
      ],
      "baseline_trimmed_mean_ms": 732.0110136667305,
      "baseline_row_count": 100,
      "workers": [
        {
          "worker_id": 1,
          "times_ms": [
            679.1129410003123,
            652.1850810004253,
            604.2336939999586,
            605.6678720005948,
            632.8717890000917
          ],
          "trimmed_mean_ms": 630.2415806670373,
          "speedup": 1.1614768623993075,
          "row_count": 100,
          "rows_match": true,
          "status": "pass",
          "error": ""
        },
        {
          "worker_id": 2,
          "times_ms": [
            695.3688179992241,
            689.0809970000191,
            617.1112530000755,
            675.1531820000309,
            624.105774999407
          ],
          "trimmed_mean_ms": 662.7799846664857,
          "speedup": 1.1044555215937641,
          "row_count": 100,
          "rows_match": true,
          "status": "pass",
          "error": ""
        },
        {
          "worker_id": 3,
          "times_ms": [
            744.368337999731,
            617.34172999968,
            691.8494869996721,
            763.0820169997605,
            676.2317189995883
          ],
          "trimmed_mean_ms": 704.1498479996638,
          "speedup": 1.0395670974668447,
          "row_count": 100,
          "rows_match": true,
          "status": "pass",
          "error": ""
        },
        {
          "worker_id": 4,
          "times_ms": [
            1047.9772499993487,
            1019.4045469997945,
            1035.827118999805,
            1012.237350999385,
            1001.6893560004974
          ],
          "trimmed_mean_ms": 1022.4896723329948,
          "speedup": 0.7159104228373429,
          "row_count": 100,
          "rows_match": true,
          "status": "pass",
          "error": ""
        }
      ],
      "best_worker_id": 1,
      "best_speedup": 1.1614768623993075,
      "exited": false
    },
    "benchmark_iter1": {
      "query_id": "query_57",
      "baseline_times_ms": [
        884.3148819996713,
        682.0744090000517,
        629.2013569982373,
        624.0027469993947,
        699.4483119997312
      ],
      "baseline_trimmed_mean_ms": 670.2413593326734,
      "baseline_row_count": 100,
      "workers": [
        {
          "worker_id": 5,
          "times_ms": [
            456.77295699897513,
            507.34872600150993,
            443.77528599943616,
            424.6420389990817,
            451.71320700137585
          ],
          "trimmed_mean_ms": 450.7538166665957,
          "speedup": 1.4869344075425184,
          "row_count": 100,
          "rows_match": true,
          "status": "pass",
          "error": ""
        }
      ],
      "best_worker_id": 5,
      "best_speedup": 1.4869344075425184,
      "exited": false
    },
    "benchmark_iter2": {
      "query_id": "query_57",
      "baseline_times_ms": [
        710.7046180008183,
        550.615657999515,
        643.981660999998,
        655.5124900005467,
        690.2508670009411
      ],
      "baseline_trimmed_mean_ms": 663.2483393338285,
      "baseline_row_count": 100,
      "workers": [
        {
          "worker_id": 6,
          "times_ms": [
            521.2981339991529,
            528.3665979986836,
            562.2220909990574,
            511.0099320008885,
            532.357440000851
          ],
          "trimmed_mean_ms": 527.3407239995626,
          "speedup": 1.2577225864588806,
          "row_count": 100,
          "rows_match": true,
          "status": "pass",
          "error": ""
        }
      ],
      "best_worker_id": 6,
      "best_speedup": 1.2577225864588806,
      "exited": false
    }
  }
}