{
  "query_id": "query_86",
  "baseline_times_ms": [
    127.81745100073749,
    128.0884560001141,
    128.92425000063668,
    137.97569000053045,
    143.19054200132086
  ],
  "baseline_trimmed_mean_ms": 131.66279866709374,
  "baseline_row_count": 100,
  "workers": [
    {
      "worker_id": 6,
      "times_ms": [
        91.80197700152348,
        121.55688399980136,
        90.26782299952174,
        101.55536199999915,
        90.95696499935002
      ],
      "trimmed_mean_ms": 94.77143466695755,
      "speedup": 1.3892667039364608,
      "row_count": 100,
      "rows_match": true,
      "status": "pass",
      "error": ""
    }
  ],
  "best_worker_id": 6,
  "best_speedup": 1.3892667039364608,
  "exited": false
}