{
  "query_id": "query_31",
  "baseline_times_ms": [
    619.3725449993508,
    540.6465719988773,
    436.3305759998184,
    443.0826649986557,
    423.31142500006536
  ],
  "baseline_trimmed_mean_ms": 473.3532709991171,
  "baseline_row_count": 307,
  "workers": [
    {
      "worker_id": 5,
      "times_ms": [
        598.2824120001169,
        600.7919349995063,
        562.7466669993737,
        543.3724409995193,
        600.6662920008239
      ],
      "trimmed_mean_ms": 587.2317903334382,
      "speedup": 0.8060756907086735,
      "row_count": 307,
      "rows_match": true,
      "status": "pass",
      "error": ""
    }
  ],
  "best_worker_id": 5,
  "best_speedup": 0.8060756907086735,
  "exited": false
}