{
  "query_id": "query075_multi",
  "baseline_times_ms": [
    6741.584577001049,
    5982.247048999852,
    5492.929251999158,
    4964.177497000492,
    4963.048990997777
  ],
  "baseline_trimmed_mean_ms": 5479.7845993331675,
  "baseline_row_count": 2,
  "workers": [
    {
      "worker_id": 5,
      "times_ms": [
        27552.73892599871,
        27433.78462700275,
        27491.220025000075,
        25765.073799000675,
        25758.35084999926
      ],
      "trimmed_mean_ms": 26896.692817001167,
      "speedup": 0.20373451251484134,
      "row_count": 100,
      "rows_match": false,
      "status": "fail",
      "error": ""
    }
  ],
  "best_worker_id": 0,
  "best_speedup": 0.0,
  "exited": false
}