{
  "query_id": "query075_multi",
  "baseline_times_ms": [
    6312.963517000753,
    5708.379268002318,
    5841.463259999728,
    5846.509890998277,
    5809.3992519970925
  ],
  "baseline_trimmed_mean_ms": 5832.457467665033,
  "baseline_row_count": 2,
  "workers": [
    {
      "worker_id": 1,
      "times_ms": [
        28678.48475700157,
        28289.149553002062,
        27975.85548400093,
        25026.93344600266,
        23820.101258999784
      ],
      "trimmed_mean_ms": 27097.31282766855,
      "speedup": 0.21524117556445013,
      "row_count": 100,
      "rows_match": false,
      "status": "fail",
      "error": ""
    },
    {
      "worker_id": 2,
      "times_ms": [
        24153.002926002955,
        23802.31728400031,
        23921.738426000957,
        23811.8791779998,
        23915.611467000417
      ],
      "trimmed_mean_ms": 23883.07635700039,
      "speedup": 0.24420880210247603,
      "row_count": 100,
      "rows_match": false,
      "status": "fail",
      "error": ""
    },
    {
      "worker_id": 3,
      "times_ms": [
        23739.515201999893,
        20985.609497998666,
        21034.08669700002,
        20780.896891999873,
        21038.28215899921
      ],
      "trimmed_mean_ms": 21019.3261179993,
      "speedup": 0.27748070679918585,
      "row_count": 100,
      "rows_match": false,
      "status": "fail",
      "error": ""
    },
    {
      "worker_id": 4,
      "times_ms": [],
      "trimmed_mean_ms": 0,
      "speedup": 0,
      "row_count": 0,
      "rows_match": false,
      "status": "error",
      "error": "column \"d_year\" does not exist\nLINE 18:         d_year,\n                 ^\n"
    }
  ],
  "best_worker_id": 0,
  "best_speedup": 0.0,
  "exited": false
}