{
  "source": "swarm2_w2",
  "original_path": "/mnt/c/Users/jakc9/Documents/QueryTorque_V8/packages/qt-sql/qt_sql/benchmarks/postgres_dsb/queries/query084_spj_spj.sql",
  "optimized_path": "/mnt/c/Users/jakc9/Documents/QueryTorque_V8/packages/qt-sql/qt_sql/benchmarks/postgres_dsb/swarm_batch_20260208_142643/query084_spj_spj/worker_2_sql.sql",
  "validation": {
    "query_id": "query084_spj_spj",
    "status": "WIN",
    "best_speedup": 2.1,
    "best_worker": 4,
    "best_iteration": 0
  },
  "benchmark_iters": {
    "benchmark_iter0": {
      "query_id": "query084_spj_spj",
      "baseline_times_ms": [
        319.8442159991828,
        377.140672000678,
        318.68526399921393,
        299.06118900180445,
        229.6061320012086
      ],
      "baseline_trimmed_mean_ms": 312.53022300006705,
      "baseline_row_count": 1,
      "workers": [
        {
          "worker_id": 1,
          "times_ms": [
            220.32252700228128,
            225.60310200060485,
            210.8921819999523,
            218.83631400123704,
            231.80335799770546
          ],
          "trimmed_mean_ms": 221.5873143347077,
          "speedup": 1.4104156816846927,
          "row_count": 1,
          "rows_match": true,
          "status": "pass",
          "error": ""
        },
        {
          "worker_id": 2,
          "times_ms": [
            188.2341379969148,
            197.41400400016573,
            200.7745610026177,
            203.63840900245123,
            180.25086900161114
          ],
          "trimmed_mean_ms": 195.47423433323274,
          "speedup": 1.598830782308037,
          "row_count": 1,
          "rows_match": true,
          "status": "pass",
          "error": ""
        },
        {
          "worker_id": 3,
          "times_ms": [
            164.41590700196684,
            164.217647001351,
            167.97403800228494,
            163.35256299862522,
            156.4995929984434
          ],
          "trimmed_mean_ms": 163.995372333981,
          "speedup": 1.9057258662371936,
          "row_count": 1,
          "rows_match": true,
          "status": "pass",
          "error": ""
        },
        {
          "worker_id": 4,
          "times_ms": [
            161.65454699876136,
            153.23788299792795,
            145.94160100023146,
            146.6707520012278,
            138.8286600013089
          ],
          "trimmed_mean_ms": 148.61674533312907,
          "speedup": 2.102927380757268,
          "row_count": 1,
          "rows_match": true,
          "status": "pass",
          "error": ""
        }
      ],
      "best_worker_id": 4,
      "best_speedup": 2.102927380757268,
      "exited": true
    }
  }
}