{
  "query_id": "query_33",
  "baseline_times_ms": [
    251.695791000202,
    235.1591639999242,
    217.80045499963308,
    235.08611299985205,
    228.11611099950824
  ],
  "baseline_trimmed_mean_ms": 232.78712933309484,
  "baseline_row_count": 100,
  "workers": [
    {
      "worker_id": 1,
      "times_ms": [
        238.8819580000927,
        243.67440900005022,
        244.69419199976983,
        231.75606499989954,
        222.42876500058628
      ],
      "trimmed_mean_ms": 238.10414400001414,
      "speedup": 0.9776693736715519,
      "row_count": 100,
      "rows_match": true,
      "status": "pass",
      "error": ""
    },
    {
      "worker_id": 2,
      "times_ms": [
        273.8934580002024,
        293.16850599934696,
        251.59052100025292,
        231.90307299955748,
        216.66909899977327
      ],
      "trimmed_mean_ms": 252.46235066667091,
      "speedup": 0.9220667110100963,
      "row_count": 100,
      "rows_match": true,
      "status": "pass",
      "error": ""
    },
    {
      "worker_id": 3,
      "times_ms": [
        221.22916899934353,
        240.30814999969152,
        225.45608399923367,
        216.14346700062015,
        227.018790999864
      ],
      "trimmed_mean_ms": 224.56801466614706,
      "speedup": 1.036599667495688,
      "row_count": 100,
      "rows_match": true,
      "status": "pass",
      "error": ""
    },
    {
      "worker_id": 4,
      "times_ms": [
        274.6853059998102,
        250.74572599987732,
        245.104282000284,
        252.6742510008262,
        237.5346550006725
      ],
      "trimmed_mean_ms": 249.5080863336625,
      "speedup": 0.932984308259224,
      "row_count": 100,
      "rows_match": true,
      "status": "pass",
      "error": ""
    }
  ],
  "best_worker_id": 3,
  "best_speedup": 1.036599667495688,
  "exited": false
}