{
  "query_id": "query_91",
  "baseline_times_ms": [
    40.41148699980113,
    32.334055000319495,
    36.800279000090086,
    30.51841299929947,
    32.44891199938138
  ],
  "baseline_trimmed_mean_ms": 33.86108199993032,
  "baseline_row_count": 21,
  "workers": [
    {
      "worker_id": 6,
      "times_ms": [
        45.060845999614685,
        45.54993000056129,
        42.047390999869094,
        48.6658419995365,
        41.37344300033874
      ],
      "trimmed_mean_ms": 44.21938900001502,
      "speedup": 0.7657519193654806,
      "row_count": 21,
      "rows_match": true,
      "status": "pass",
      "error": ""
    }
  ],
  "best_worker_id": 6,
  "best_speedup": 0.7657519193654806,
  "exited": false
}