{
  "query_id": "query_23",
  "baseline_times_ms": [
    16245.375792000232,
    16337.95784099948,
    17583.16923500024,
    15959.627250999802,
    15612.79320199992
  ],
  "baseline_trimmed_mean_ms": 16180.98696133317,
  "baseline_row_count": 5,
  "workers": [
    {
      "worker_id": 1,
      "times_ms": [
        6425.875658000223,
        6282.116078999934,
        6151.819099000022,
        6019.930107999244,
        5876.171152000097
      ],
      "trimmed_mean_ms": 6151.2884286664,
      "speedup": 2.630503698367662,
      "row_count": 1,
      "rows_match": false,
      "status": "fail",
      "error": ""
    },
    {
      "worker_id": 2,
      "times_ms": [
        7896.57932099999,
        8262.655736999477,
        8726.029681,
        8778.114317000473,
        8037.685500000407
      ],
      "trimmed_mean_ms": 8342.123639333295,
      "speedup": 1.9396723976901353,
      "row_count": 1,
      "rows_match": false,
      "status": "fail",
      "error": ""
    },
    {
      "worker_id": 3,
      "times_ms": [
        5723.456026000349,
        5252.444304999699,
        5098.242437999943,
        5005.295799999658,
        5154.357978999542
      ],
      "trimmed_mean_ms": 5168.348240666394,
      "speedup": 3.13078496414298,
      "row_count": 1,
      "rows_match": false,
      "status": "fail",
      "error": ""
    },
    {
      "worker_id": 4,
      "times_ms": [
        5813.367509000273,
        5542.9392779997215,
        5369.189149999329,
        5762.499008999839,
        5785.127825000018
      ],
      "trimmed_mean_ms": 5696.855370666526,
      "speedup": 2.840336625825207,
      "row_count": 1,
      "rows_match": false,
      "status": "fail",
      "error": ""
    }
  ],
  "best_worker_id": 0,
  "best_speedup": 0.0,
  "exited": false
}