{
  "query_id": "query_34",
  "baseline_times_ms": [
    379.14910600011353,
    331.844889000422,
    329.62668700020004,
    338.2702799990511,
    335.79249200010963
  ],
  "baseline_trimmed_mean_ms": 335.30255366652756,
  "baseline_row_count": 4543,
  "workers": [
    {
      "worker_id": 5,
      "times_ms": [
        337.0501770004921,
        372.82623700048134,
        431.1258239995368,
        373.0200200006948,
        368.3649289996538
      ],
      "trimmed_mean_ms": 371.4037286669433,
      "speedup": 0.9027980275534887,
      "row_count": 4543,
      "rows_match": true,
      "status": "pass",
      "error": ""
    }
  ],
  "best_worker_id": 5,
  "best_speedup": 0.9027980275534887,
  "exited": false
}