{
  "query_id": "query018_agg",
  "baseline_times_ms": [
    4569.792426998902,
    2384.048960000655,
    2028.3775349998905,
    2162.4784500017995,
    2300.6356220030284
  ],
  "baseline_trimmed_mean_ms": 2282.387677335161,
  "baseline_row_count": 1,
  "workers": [
    {
      "worker_id": 1,
      "times_ms": [
        2255.615221998596,
        2305.766664001567,
        2398.432276000676,
        2416.740567998204,
        2339.619610000227
      ],
      "trimmed_mean_ms": 2347.93951666749,
      "speedup": 0.9720811209713915,
      "row_count": 1,
      "rows_match": true,
      "status": "pass",
      "error": ""
    },
    {
      "worker_id": 2,
      "times_ms": [
        2263.278503996844,
        2276.2838630005717,
        2380.796442001156,
        2370.391387001291,
        2387.584293002874
      ],
      "trimmed_mean_ms": 2342.490564001006,
      "speedup": 0.9743423142916791,
      "row_count": 1,
      "rows_match": true,
      "status": "pass",
      "error": ""
    },
    {
      "worker_id": 3,
      "times_ms": [
        2395.795527998416,
        2384.411674000148,
        2377.873924000596,
        2266.8046840008174,
        2228.6878469967633
      ],
      "trimmed_mean_ms": 2343.0300940005204,
      "speedup": 0.9741179522957736,
      "row_count": 1,
      "rows_match": true,
      "status": "pass",
      "error": ""
    },
    {
      "worker_id": 4,
      "times_ms": [
        2234.705732000293,
        2267.079320998164,
        2257.2273240002687,
        2257.4972699985665,
        2246.187419998023
      ],
      "trimmed_mean_ms": 2253.6373379989527,
      "speedup": 1.012757305202325,
      "row_count": 1,
      "rows_match": true,
      "status": "pass",
      "error": ""
    }
  ],
  "best_worker_id": 4,
  "best_speedup": 1.012757305202325,
  "exited": false
}