{
  "query_id": "query_6",
  "baseline_times_ms": [
    213.18633800001408,
    192.17016900074668,
    194.45015899873397,
    208.52168800047366,
    185.64594000054058
  ],
  "baseline_trimmed_mean_ms": 198.38067199998477,
  "baseline_row_count": 51,
  "workers": [
    {
      "worker_id": 6,
      "times_ms": [
        166.38774700004433,
        165.55798599983973,
        164.04270100065332,
        173.24532299971906,
        168.1741320007859
      ],
      "trimmed_mean_ms": 166.70662166689,
      "speedup": 1.1899987535971144,
      "row_count": 51,
      "rows_match": true,
      "status": "pass",
      "error": ""
    }
  ],
  "best_worker_id": 6,
  "best_speedup": 1.1899987535971144,
  "exited": false
}