{
  "query_id": "query_6",
  "baseline_times_ms": [
    263.17150999966543,
    252.43258999944373,
    217.92046199880133,
    229.62573500080907,
    220.72704099991824
  ],
  "baseline_trimmed_mean_ms": 234.26178866672367,
  "baseline_row_count": 51,
  "workers": [
    {
      "worker_id": 5,
      "times_ms": [
        190.1477880001039,
        170.76164599893673,
        197.5474699993356,
        190.5187880001904,
        190.2844019987242
      ],
      "trimmed_mean_ms": 190.3169926663395,
      "speedup": 1.2309031652125118,
      "row_count": 51,
      "rows_match": true,
      "status": "pass",
      "error": ""
    }
  ],
  "best_worker_id": 5,
  "best_speedup": 1.2309031652125118,
  "exited": false
}