{
  "query_id": "query_20",
  "baseline_times_ms": [
    46.10009899988654,
    34.844128000258934,
    36.39539399955538,
    34.468455998649006,
    39.56777100029285
  ],
  "baseline_trimmed_mean_ms": 36.93576433336906,
  "baseline_row_count": 100,
  "workers": [
    {
      "worker_id": 6,
      "times_ms": [
        55.70229200020549,
        47.915664999891305,
        50.37173299933784,
        54.029860999435186,
        52.574176999769406
      ],
      "trimmed_mean_ms": 52.325256999514146,
      "speedup": 0.7058878723464658,
      "row_count": 100,
      "rows_match": true,
      "status": "pass",
      "error": ""
    }
  ],
  "best_worker_id": 6,
  "best_speedup": 0.7058878723464658,
  "exited": false
}