{
  "query_id": "query_72",
  "baseline_times_ms": [
    979.1831389993604,
    644.4904829995721,
    594.9072330004128,
    617.4481790003483,
    585.1112139998804
  ],
  "baseline_trimmed_mean_ms": 618.9486316667777,
  "baseline_row_count": 100,
  "workers": [
    {
      "worker_id": 1,
      "times_ms": [
        563.7702709991572,
        513.7656300003073,
        550.3535299994837,
        557.8896369997892,
        533.5575169992808
      ],
      "trimmed_mean_ms": 547.2668946661846,
      "speedup": 1.1309813140521074,
      "row_count": 100,
      "rows_match": true,
      "status": "pass",
      "error": ""
    },
    {
      "worker_id": 2,
      "times_ms": [],
      "trimmed_mean_ms": 0,
      "speedup": 0,
      "row_count": 0,
      "rows_match": false,
      "status": "error",
      "error": "Binder Error: Values list \"base\" does not have a column named \"cs_ship_date_sk\"\n\nLINE 82: JOIN filtered_d3 d3 ON base.cs_ship_date_sk = d3.d_date_sk\n                                ^"
    },
    {
      "worker_id": 3,
      "times_ms": [
        1758.5061050003787,
        1501.8386009996902,
        1416.2928620007733,
        1474.5273999997153,
        1499.8862209995423
      ],
      "trimmed_mean_ms": 1492.0840739996493,
      "speedup": 0.4148215522518359,
      "row_count": 100,
      "rows_match": true,
      "status": "pass",
      "error": ""
    },
    {
      "worker_id": 4,
      "times_ms": [
        597.7928040001643,
        535.9680620003928,
        578.2840669999132,
        567.83618999998,
        550.0799499995992
      ],
      "trimmed_mean_ms": 565.4000689998308,
      "speedup": 1.0947091548143462,
      "row_count": 100,
      "rows_match": true,
      "status": "pass",
      "error": ""
    }
  ],
  "best_worker_id": 1,
  "best_speedup": 1.1309813140521074,
  "exited": false
}