{
  "query": 2,
  "worker_id": 5,
  "status": "pass",
  "speedup": 0.97029013684475,
  "error": null,
  "elapsed": 84.28603339195251
}