{
  "source": "swarm2_w1",
  "original_path": "/mnt/c/Users/jakc9/Documents/QueryTorque_V8/packages/qt-sql/qt_sql/benchmarks/postgres_dsb/queries/query018_agg.sql",
  "optimized_path": "/mnt/c/Users/jakc9/Documents/QueryTorque_V8/packages/qt-sql/qt_sql/benchmarks/postgres_dsb/swarm_batch_20260208_142643/query018_agg/worker_1_sql.sql",
  "validation": {
    "query_id": "query018_agg",
    "status": "NEUTRAL",
    "best_speedup": 1.01,
    "best_worker": 4,
    "best_iteration": 0
  },
  "benchmark_iters": {
    "benchmark_iter0": {
      "query_id": "query018_agg",
      "baseline_times_ms": [
        4569.792426998902,
        2384.048960000655,
        2028.3775349998905,
        2162.4784500017995,
        2300.6356220030284
      ],
      "baseline_trimmed_mean_ms": 2282.387677335161,
      "baseline_row_count": 1,
      "workers": [
        {
          "worker_id": 1,
          "times_ms": [
            2255.615221998596,
            2305.766664001567,
            2398.432276000676,
            2416.740567998204,
            2339.619610000227
          ],
          "trimmed_mean_ms": 2347.93951666749,
          "speedup": 0.9720811209713915,
          "row_count": 1,
          "rows_match": true,
          "status": "pass",
          "error": ""
        },
        {
          "worker_id": 2,
          "times_ms": [
            2263.278503996844,
            2276.2838630005717,
            2380.796442001156,
            2370.391387001291,
            2387.584293002874
          ],
          "trimmed_mean_ms": 2342.490564001006,
          "speedup": 0.9743423142916791,
          "row_count": 1,
          "rows_match": true,
          "status": "pass",
          "error": ""
        },
        {
          "worker_id": 3,
          "times_ms": [
            2395.795527998416,
            2384.411674000148,
            2377.873924000596,
            2266.8046840008174,
            2228.6878469967633
          ],
          "trimmed_mean_ms": 2343.0300940005204,
          "speedup": 0.9741179522957736,
          "row_count": 1,
          "rows_match": true,
          "status": "pass",
          "error": ""
        },
        {
          "worker_id": 4,
          "times_ms": [
            2234.705732000293,
            2267.079320998164,
            2257.2273240002687,
            2257.4972699985665,
            2246.187419998023
          ],
          "trimmed_mean_ms": 2253.6373379989527,
          "speedup": 1.012757305202325,
          "row_count": 1,
          "rows_match": true,
          "status": "pass",
          "error": ""
        }
      ],
      "best_worker_id": 4,
      "best_speedup": 1.012757305202325,
      "exited": false
    },
    "benchmark_iter1": {
      "query_id": "query018_agg",
      "baseline_times_ms": [
        4783.807312000135,
        2348.553058000107,
        2392.633665000176,
        2344.443803001923,
        2361.120016001223
      ],
      "baseline_trimmed_mean_ms": 2367.4355796671684,
      "baseline_row_count": 1,
      "workers": [
        {
          "worker_id": 5,
          "times_ms": [
            3126.3030340014666,
            3293.687918001524,
            3271.690966001188,
            3459.522000001016,
            2575.421990997711
          ],
          "trimmed_mean_ms": 3230.560639334726,
          "speedup": 0.7328249935449896,
          "row_count": 1,
          "rows_match": true,
          "status": "pass",
          "error": ""
        }
      ],
      "best_worker_id": 5,
      "best_speedup": 0.7328249935449896,
      "exited": false
    },
    "benchmark_iter2": {
      "query_id": "query018_agg",
      "baseline_times_ms": [
        2690.275045999442,
        2652.5262409995776,
        2780.4816140014736,
        2848.152618000313,
        2868.564618001983
      ],
      "baseline_trimmed_mean_ms": 2772.969759333743,
      "baseline_row_count": 1,
      "workers": [
        {
          "worker_id": 6,
          "times_ms": [
            2843.0782670002372,
            2907.096681999974,
            2880.918220998865,
            2848.458069998742,
            3473.786864997237
          ],
          "trimmed_mean_ms": 2878.824324332527,
          "speedup": 0.9632299324053658,
          "row_count": 1,
          "rows_match": true,
          "status": "pass",
          "error": ""
        }
      ],
      "best_worker_id": 6,
      "best_speedup": 0.9632299324053658,
      "exited": false
    }
  }
}