{
  "query_id": "query064_multi",
  "baseline_times_ms": [
    20975.38247099874,
    18930.56610500207,
    16271.233078001387,
    16110.114310999052,
    16257.973539999512
  ],
  "baseline_trimmed_mean_ms": 17153.257574334322,
  "baseline_row_count": 0,
  "workers": [
    {
      "worker_id": 5,
      "times_ms": [
        40930.19241299771,
        33801.347235999856,
        31606.788626999332,
        31173.526553000556,
        30127.462067001034
      ],
      "trimmed_mean_ms": 32193.887471999915,
      "speedup": 0.5328110061033504,
      "row_count": 0,
      "rows_match": true,
      "status": "pass",
      "error": ""
    }
  ],
  "best_worker_id": 5,
  "best_speedup": 0.5328110061033504,
  "exited": false
}