{
  "query_id": "query_23a",
  "baseline_times_ms": [
    6521.035394000137,
    6466.5681709993805,
    6283.703197999785,
    6302.542612000252,
    6432.148608000716
  ],
  "baseline_trimmed_mean_ms": 6400.419797000116,
  "baseline_row_count": 1,
  "workers": [
    {
      "worker_id": 6,
      "times_ms": [
        6279.237750999528,
        5613.1234299991775,
        5324.605759999031,
        5439.1255079990515,
        5676.262196999232
      ],
      "trimmed_mean_ms": 5576.170378332487,
      "speedup": 1.1478163977683398,
      "row_count": 1,
      "rows_match": true,
      "status": "pass",
      "error": ""
    }
  ],
  "best_worker_id": 6,
  "best_speedup": 1.1478163977683398,
  "exited": false
}