{
  "query_id": "query_4",
  "baseline_times_ms": [
    6166.155648001222,
    5343.16309300084,
    5259.190463999403,
    5247.782811000434,
    5200.114597999345
  ],
  "baseline_trimmed_mean_ms": 5283.378789333558,
  "baseline_row_count": 100,
  "workers": [
    {
      "worker_id": 5,
      "times_ms": [
        4299.145476999911,
        4045.926230999612,
        4185.033242001737,
        4346.250714999769,
        4353.513458001544
      ],
      "trimmed_mean_ms": 4276.809811333806,
      "speedup": 1.2353550946624476,
      "row_count": 100,
      "rows_match": true,
      "status": "pass",
      "error": ""
    }
  ],
  "best_worker_id": 5,
  "best_speedup": 1.2353550946624476,
  "exited": false
}