{
  "source": "swarm2_w2",
  "original_path": "/mnt/c/Users/jakc9/Documents/QueryTorque_V8/packages/qt-sql/qt_sql/benchmarks/postgres_dsb/queries/query050_agg.sql",
  "optimized_path": "/mnt/c/Users/jakc9/Documents/QueryTorque_V8/packages/qt-sql/qt_sql/benchmarks/postgres_dsb/swarm_batch_20260208_142643/query050_agg/worker_2_sql.sql",
  "validation": {
    "query_id": "query050_agg",
    "status": "IMPROVED",
    "best_speedup": 1.91,
    "best_worker": 4,
    "best_iteration": 0
  },
  "benchmark_iters": {
    "benchmark_iter0": {
      "query_id": "query050_agg",
      "baseline_times_ms": [
        9572.103174999938,
        4911.384101000294,
        4358.126294002432,
        2728.3308149999357,
        3853.096511000331
      ],
      "baseline_trimmed_mean_ms": 4374.202302001019,
      "baseline_row_count": 17,
      "workers": [
        {
          "worker_id": 1,
          "times_ms": [
            5831.92777399745,
            3671.472160000121,
            2799.757395998313,
            2684.0674619998026,
            2435.105634998763
          ],
          "trimmed_mean_ms": 3051.765672666079,
          "speedup": 1.433334918594728,
          "row_count": 17,
          "rows_match": true,
          "status": "pass",
          "error": ""
        },
        {
          "worker_id": 2,
          "times_ms": [
            2532.666330000211,
            2370.096915998147,
            2394.644170002721,
            2394.773336000071,
            2417.2872669987555
          ],
          "trimmed_mean_ms": 2402.234924333849,
          "speedup": 1.820888647355756,
          "row_count": 17,
          "rows_match": true,
          "status": "pass",
          "error": ""
        },
        {
          "worker_id": 3,
          "times_ms": [
            2373.1471089995466,
            2400.2223850002338,
            2406.5668330003973,
            2395.660392998252,
            2422.065486000065
          ],
          "trimmed_mean_ms": 2400.8165369996277,
          "speedup": 1.8219644169344114,
          "row_count": 17,
          "rows_match": true,
          "status": "pass",
          "error": ""
        },
        {
          "worker_id": 4,
          "times_ms": [
            2310.516720001033,
            2312.9652160023397,
            2282.0617299985315,
            2279.1468649993476,
            2260.850112001208
          ],
          "trimmed_mean_ms": 2290.5751049996375,
          "speedup": 1.9096524241678212,
          "row_count": 17,
          "rows_match": true,
          "status": "pass",
          "error": ""
        }
      ],
      "best_worker_id": 4,
      "best_speedup": 1.9096524241678212,
      "exited": false
    },
    "benchmark_iter1": {
      "query_id": "query050_agg",
      "baseline_times_ms": [
        9062.96773899885,
        4308.143837002717,
        2721.129719997407,
        3100.990709997859,
        4115.641959000641
      ],
      "baseline_trimmed_mean_ms": 3841.592168667072,
      "baseline_row_count": 17,
      "workers": [
        {
          "worker_id": 5,
          "times_ms": [
            4244.747902997915,
            3130.6006089980656,
            2832.0103400001244,
            3569.6254530012084,
            2254.417354000907
          ],
          "trimmed_mean_ms": 3177.4121339997996,
          "speedup": 1.2090317549808018,
          "row_count": 17,
          "rows_match": true,
          "status": "pass",
          "error": ""
        }
      ],
      "best_worker_id": 5,
      "best_speedup": 1.2090317549808018,
      "exited": false
    },
    "benchmark_iter2": {
      "query_id": "query050_agg",
      "baseline_times_ms": [
        2915.1525029992627,
        1495.052520000172,
        1613.0657230023644,
        1545.6741300004069,
        1421.3496730008046
      ],
      "baseline_trimmed_mean_ms": 1551.2641243343144,
      "baseline_row_count": 17,
      "workers": [
        {
          "worker_id": 6,
          "times_ms": [
            1409.8322600002575,
            1369.0279519978503,
            1382.6155530005053,
            1493.3925950026605,
            1335.1455480005825
          ],
          "trimmed_mean_ms": 1387.158588332871,
          "speedup": 1.1183033701998488,
          "row_count": 17,
          "rows_match": true,
          "status": "pass",
          "error": ""
        }
      ],
      "best_worker_id": 6,
      "best_speedup": 1.1183033701998488,
      "exited": false
    }
  }
}