{
  "source": "swarm2_snipe",
  "original_path": "/mnt/c/Users/jakc9/Documents/QueryTorque_V8/packages/qt-sql/qt_sql/benchmarks/postgres_dsb/queries/query087_multi.sql",
  "optimized_path": "/mnt/c/Users/jakc9/Documents/QueryTorque_V8/packages/qt-sql/qt_sql/benchmarks/postgres_dsb/swarm_batch_20260208_142643/query087_multi/snipe_worker_sql.sql",
  "validation": {
    "query_id": "query087_multi",
    "status": "IMPROVED",
    "best_speedup": 1.76,
    "best_worker": 6,
    "best_iteration": 2
  },
  "benchmark_iters": {
    "benchmark_iter0": {
      "query_id": "query087_multi",
      "baseline_times_ms": [
        5731.098339998425,
        4763.294684002176,
        4775.849175002804,
        4740.987950000999,
        5079.393848998734
      ],
      "baseline_trimmed_mean_ms": 4872.845902667905,
      "baseline_row_count": 1,
      "workers": [
        {
          "worker_id": 1,
          "times_ms": [
            9076.256532000116,
            8388.320640002348,
            10591.128157997446,
            10187.613556001452,
            8359.204214000783
          ],
          "trimmed_mean_ms": 9217.396909334639,
          "speedup": 0.5286574887247264,
          "row_count": 1,
          "rows_match": true,
          "status": "pass",
          "error": ""
        },
        {
          "worker_id": 2,
          "times_ms": [
            8726.000774000568,
            9874.044164000225,
            11036.50847499739,
            9614.178083000297,
            11760.64107700222
          ],
          "trimmed_mean_ms": 10174.910240665971,
          "speedup": 0.4789079989317887,
          "row_count": 1,
          "rows_match": true,
          "status": "pass",
          "error": ""
        },
        {
          "worker_id": 3,
          "times_ms": [
            10282.227208001132,
            8389.753434003069,
            8536.065071999474,
            8009.941137999704,
            8391.731539999455
          ],
          "trimmed_mean_ms": 8439.183348667333,
          "speedup": 0.5774072799872746,
          "row_count": 1,
          "rows_match": true,
          "status": "pass",
          "error": ""
        },
        {
          "worker_id": 4,
          "times_ms": [
            3329.4632279976213,
            3223.4521259997564,
            3104.571758001839,
            3162.9598529980285,
            3202.798119997169
          ],
          "trimmed_mean_ms": 3196.4033663316513,
          "speedup": 1.5244777783663208,
          "row_count": 1,
          "rows_match": true,
          "status": "pass",
          "error": ""
        }
      ],
      "best_worker_id": 4,
      "best_speedup": 1.5244777783663208,
      "exited": false
    },
    "benchmark_iter1": {
      "query_id": "query087_multi",
      "baseline_times_ms": [
        5610.00111300018,
        5896.323455999664,
        5406.4826860012545,
        6047.247001002688,
        5710.192687998642
      ],
      "baseline_trimmed_mean_ms": 5738.839085666162,
      "baseline_row_count": 1,
      "workers": [
        {
          "worker_id": 5,
          "times_ms": [
            9856.60171500058,
            13358.332830001018,
            12847.510375999263,
            9797.878581000987,
            8879.789386002813
          ],
          "trimmed_mean_ms": 10833.996890666944,
          "speedup": 0.5297065472309617,
          "row_count": 1,
          "rows_match": true,
          "status": "pass",
          "error": ""
        }
      ],
      "best_worker_id": 5,
      "best_speedup": 0.5297065472309617,
      "exited": false
    },
    "benchmark_iter2": {
      "query_id": "query087_multi",
      "baseline_times_ms": [
        7486.398764001933,
        7239.12801500046,
        7198.893967000913,
        7255.040996999014,
        7388.914775998273
      ],
      "baseline_trimmed_mean_ms": 7294.361262665916,
      "baseline_row_count": 1,
      "workers": [
        {
          "worker_id": 6,
          "times_ms": [
            4413.040789000661,
            4382.334380003158,
            3999.972359997628,
            4069.461473998672,
            3891.2711560005846
          ],
          "trimmed_mean_ms": 4150.589404666486,
          "speedup": 1.7574278136172428,
          "row_count": 1,
          "rows_match": true,
          "status": "pass",
          "error": ""
        }
      ],
      "best_worker_id": 6,
      "best_speedup": 1.7574278136172428,
      "exited": false
    }
  }
}