{
  "query_id": "query_4",
  "baseline_times_ms": [
    5883.100130999992,
    5266.382808000344,
    5209.317099000145,
    4798.144699000659,
    5054.24014899927
  ],
  "baseline_trimmed_mean_ms": 5176.646685333253,
  "baseline_row_count": 100,
  "workers": [
    {
      "worker_id": 1,
      "times_ms": [
        3364.0556830005153,
        3418.6791290003384,
        3367.3721689992817,
        3295.5998170000385,
        3383.981973999653
      ],
      "trimmed_mean_ms": 3371.80327533315,
      "speedup": 1.5352754187065603,
      "row_count": 100,
      "rows_match": true,
      "status": "pass",
      "error": ""
    },
    {
      "worker_id": 2,
      "times_ms": [
        5375.559900000553,
        5396.1217200003375,
        5169.504910000796,
        5306.359532999522,
        5732.083981999494
      ],
      "trimmed_mean_ms": 5359.347051000138,
      "speedup": 0.9659099580735698,
      "row_count": 100,
      "rows_match": true,
      "status": "pass",
      "error": ""
    },
    {
      "worker_id": 3,
      "times_ms": [
        4135.105997999744,
        4242.826738000076,
        4180.709698999635,
        4094.3187759994544,
        4162.988891000168
      ],
      "trimmed_mean_ms": 4159.601529333183,
      "speedup": 1.2445054289041746,
      "row_count": 100,
      "rows_match": true,
      "status": "pass",
      "error": ""
    },
    {
      "worker_id": 4,
      "times_ms": [],
      "trimmed_mean_ms": 0,
      "speedup": 0,
      "row_count": 0,
      "rows_match": false,
      "status": "error",
      "error": "Binder Error: Referenced table \"s1\" not found!\nCandidate tables: \"s2\", \"c1\", \"w1\"\n\nLINE 91:   c2.year_total / c1.year_total > s2.year_total / s1.year_total\n                                                           ^"
    }
  ],
  "best_worker_id": 1,
  "best_speedup": 1.5352754187065603,
  "exited": false
}