{
  "query_id": "query_11",
  "baseline_times_ms": [
    5791.675411999677,
    3937.913571999161,
    3511.4596970015555,
    3166.8265530006465,
    3125.2508070010663
  ],
  "baseline_trimmed_mean_ms": 3538.7332740004545,
  "baseline_row_count": 100,
  "workers": [
    {
      "worker_id": 6,
      "times_ms": [
        39257.8582820006,
        41023.26044599977,
        38509.49218599999,
        38418.58601700005,
        38888.51086499926
      ],
      "trimmed_mean_ms": 38885.28711099995,
      "speedup": 0.09100442704457776,
      "row_count": 100,
      "rows_match": true,
      "status": "pass",
      "error": ""
    }
  ],
  "best_worker_id": 6,
  "best_speedup": 0.09100442704457776,
  "exited": false
}