{
  "source": "swarm_w1",
  "original_path": "/mnt/c/Users/jakc9/Documents/QueryTorque_V8/packages/qt-sql/qt_sql/benchmarks/duckdb_tpcds/queries/query_55.sql",
  "optimized_path": "/mnt/c/Users/jakc9/Documents/QueryTorque_V8/packages/qt-sql/qt_sql/benchmarks/duckdb_tpcds/swarm_batch_20260208_102033/query_55/worker_1_sql.sql",
  "benchmark_iters": {
    "benchmark_iter0": {
      "query_id": "query_55",
      "baseline_times_ms": [
        160.17934399951628,
        150.75906499987468,
        153.62772500066058,
        155.97266199984006,
        165.94177699971624
      ],
      "baseline_trimmed_mean_ms": 156.5932436666723,
      "baseline_row_count": 100,
      "workers": [
        {
          "worker_id": 1,
          "times_ms": [
            166.69444699982705,
            155.899579999641,
            149.78419500039308,
            150.33087899973907,
            175.50327299977653
          ],
          "trimmed_mean_ms": 157.64163533306905,
          "speedup": 0.9933495255604163,
          "row_count": 100,
          "rows_match": true,
          "status": "pass",
          "error": ""
        },
        {
          "worker_id": 2,
          "times_ms": [
            175.10840199975064,
            173.59858799954964,
            165.7926130001215,
            165.08740399967792,
            156.7050260000542
          ],
          "trimmed_mean_ms": 168.159534999783,
          "speedup": 0.9312183437405103,
          "row_count": 100,
          "rows_match": true,
          "status": "pass",
          "error": ""
        },
        {
          "worker_id": 3,
          "times_ms": [
            159.23109899995325,
            172.9033769997841,
            189.8219450004035,
            156.4172039998084,
            161.78615300032106
          ],
          "trimmed_mean_ms": 164.64020966668613,
          "speedup": 0.9511239325052798,
          "row_count": 100,
          "rows_match": true,
          "status": "pass",
          "error": ""
        },
        {
          "worker_id": 4,
          "times_ms": [
            151.8732339991402,
            160.52906599998096,
            175.64653400040697,
            168.4781630001453,
            158.98217899939482
          ],
          "trimmed_mean_ms": 162.66313599984036,
          "speedup": 0.9626842781810501,
          "row_count": 100,
          "rows_match": true,
          "status": "pass",
          "error": ""
        }
      ],
      "best_worker_id": 1,
      "best_speedup": 0.9933495255604163,
      "exited": false
    },
    "benchmark_iter1": {
      "query_id": "query_55",
      "baseline_times_ms": [
        221.4242669997475,
        261.47669100100757,
        183.97954499960179,
        186.24576299953333,
        177.5962880001316
      ],
      "baseline_trimmed_mean_ms": 197.21652499962752,
      "baseline_row_count": 100,
      "workers": [
        {
          "worker_id": 5,
          "times_ms": [
            176.31790800078306,
            190.28049199914676,
            181.89617700045346,
            190.06354499833833,
            176.5731430004962
          ],
          "trimmed_mean_ms": 182.844288333096,
          "speedup": 1.0786036949666646,
          "row_count": 100,
          "rows_match": true,
          "status": "pass",
          "error": ""
        }
      ],
      "best_worker_id": 5,
      "best_speedup": 1.0786036949666646,
      "exited": false
    },
    "benchmark_iter2": {
      "query_id": "query_55",
      "baseline_times_ms": [
        151.43421500033583,
        143.91125200017996,
        143.44243099913,
        143.89357099935296,
        151.2986229990929
      ],
      "baseline_trimmed_mean_ms": 146.36781533287527,
      "baseline_row_count": 100,
      "workers": [
        {
          "worker_id": 6,
          "times_ms": [
            161.6321159999643,
            161.35479900003702,
            149.71744200011017,
            144.466243998977,
            161.343128000226
          ],
          "trimmed_mean_ms": 157.47178966679107,
          "speedup": 0.9294859456578749,
          "row_count": 100,
          "rows_match": true,
          "status": "pass",
          "error": ""
        }
      ],
      "best_worker_id": 6,
      "best_speedup": 0.9294859456578749,
      "exited": false
    }
  }
}