{
  "source": "swarm_w1",
  "original_path": "/mnt/c/Users/jakc9/Documents/QueryTorque_V8/packages/qt-sql/qt_sql/benchmarks/duckdb_tpcds/queries/query_36.sql",
  "optimized_path": "/mnt/c/Users/jakc9/Documents/QueryTorque_V8/packages/qt-sql/qt_sql/benchmarks/duckdb_tpcds/swarm_batch_20260208_102033/query_36/worker_1_sql.sql",
  "benchmark_iters": {
    "benchmark_iter0": {
      "query_id": "query_36",
      "baseline_times_ms": [
        924.412760999985,
        886.1718529997233,
        869.35363900011,
        844.674083999962,
        801.0687450005207
      ],
      "baseline_trimmed_mean_ms": 866.7331919999318,
      "baseline_row_count": 100,
      "workers": [
        {
          "worker_id": 1,
          "times_ms": [
            859.1034549999677,
            900.9850780003035,
            885.9066539998821,
            875.4417940008352,
            840.9179880000011
          ],
          "trimmed_mean_ms": 873.483967666895,
          "speedup": 0.9922714372365704,
          "row_count": 100,
          "rows_match": true,
          "status": "pass",
          "error": ""
        },
        {
          "worker_id": 2,
          "times_ms": [
            926.8378930000836,
            873.8023949999842,
            872.3109700003988,
            888.4428829996978,
            848.8201360005405
          ],
          "trimmed_mean_ms": 878.185416000027,
          "speedup": 0.9869592186439876,
          "row_count": 100,
          "rows_match": true,
          "status": "pass",
          "error": ""
        },
        {
          "worker_id": 3,
          "times_ms": [
            951.069902999734,
            951.7210040003192,
            878.0459809995591,
            886.4120469997943,
            836.3506539999435
          ],
          "trimmed_mean_ms": 905.1759769996958,
          "speedup": 0.9575300428020784,
          "row_count": 100,
          "rows_match": true,
          "status": "pass",
          "error": ""
        },
        {
          "worker_id": 4,
          "times_ms": [
            2054.4575690000784,
            1987.8288620002422,
            2043.3129350003583,
            2147.1485280007983,
            1989.0746579994811
          ],
          "trimmed_mean_ms": 2028.9483873333058,
          "speedup": 0.42718345987060785,
          "row_count": 100,
          "rows_match": true,
          "status": "pass",
          "error": ""
        }
      ],
      "best_worker_id": 1,
      "best_speedup": 0.9922714372365704,
      "exited": false
    },
    "benchmark_iter1": {
      "query_id": "query_36",
      "baseline_times_ms": [
        976.8781189995934,
        946.8871600001876,
        923.405528999865,
        914.3308849997993,
        876.9825639992632
      ],
      "baseline_trimmed_mean_ms": 928.2078579999506,
      "baseline_row_count": 100,
      "workers": [
        {
          "worker_id": 5,
          "times_ms": [
            869.3126990001474,
            859.7045110000181,
            935.0919799999247,
            879.1373310014023,
            892.3359509990405
          ],
          "trimmed_mean_ms": 880.2619936668634,
          "speedup": 1.0544677206082265,
          "row_count": 100,
          "rows_match": true,
          "status": "pass",
          "error": ""
        }
      ],
      "best_worker_id": 5,
      "best_speedup": 1.0544677206082265,
      "exited": false
    },
    "benchmark_iter2": {
      "query_id": "query_36",
      "baseline_times_ms": [
        917.7152759984892,
        905.7707709998795,
        868.042037000123,
        787.1528550003859,
        863.880324001002
      ],
      "baseline_trimmed_mean_ms": 879.2310440003348,
      "baseline_row_count": 100,
      "workers": [
        {
          "worker_id": 6,
          "times_ms": [
            369.81076299889537,
            332.31745900047827,
            329.89199900112,
            379.2709819990705,
            366.41038800007664
          ],
          "trimmed_mean_ms": 356.17953666648344,
          "speedup": 2.4685052157379332,
          "row_count": 100,
          "rows_match": true,
          "status": "pass",
          "error": ""
        }
      ],
      "best_worker_id": 6,
      "best_speedup": 2.4685052157379332,
      "exited": true
    }
  }
}