{
  "query_id": "query_8",
  "baseline_times_ms": [
    700.3140910001093,
    730.6255889998283,
    709.9699749996944,
    725.1525379997474,
    681.3627090004957
  ],
  "baseline_trimmed_mean_ms": 711.8122013331837,
  "baseline_row_count": 6,
  "workers": [
    {
      "worker_id": 1,
      "times_ms": [
        719.2607079996378,
        696.9051940004647,
        696.9624530001965,
        712.2969160000139,
        693.7159159997464
      ],
      "trimmed_mean_ms": 702.0548543335584,
      "speedup": 1.0138982686885452,
      "row_count": 6,
      "rows_match": true,
      "status": "pass",
      "error": ""
    },
    {
      "worker_id": 2,
      "times_ms": [
        687.0974260000366,
        664.3813680002495,
        658.6477060000107,
        681.8295570001283,
        657.1833779998997
      ],
      "trimmed_mean_ms": 668.2862103334628,
      "speedup": 1.0651307633266922,
      "row_count": 6,
      "rows_match": true,
      "status": "pass",
      "error": ""
    },
    {
      "worker_id": 3,
      "times_ms": [
        906.2419579995549,
        859.0303699993456,
        882.2209449999718,
        956.7530109998188,
        896.8175390000397
      ],
      "trimmed_mean_ms": 895.0934806665222,
      "speedup": 0.7952378346037556,
      "row_count": 6,
      "rows_match": true,
      "status": "pass",
      "error": ""
    },
    {
      "worker_id": 4,
      "times_ms": [
        816.3033309992898,
        828.8392209997255,
        827.2956499995416,
        798.2118800000535,
        798.0573230006485
      ],
      "trimmed_mean_ms": 813.9369536662949,
      "speedup": 0.8745298983255388,
      "row_count": 6,
      "rows_match": true,
      "status": "pass",
      "error": ""
    }
  ],
  "best_worker_id": 2,
  "best_speedup": 1.0651307633266922,
  "exited": false
}