{
  "query_id": "query_8",
  "baseline_times_ms": [
    952.117195000028,
    800.438956999642,
    810.8773500007374,
    749.3176879997918,
    763.4034650000103
  ],
  "baseline_trimmed_mean_ms": 791.5732573334632,
  "baseline_row_count": 6,
  "workers": [
    {
      "worker_id": 5,
      "times_ms": [
        783.3574209998915,
        785.3169739992154,
        761.2039649993676,
        753.5503759991116,
        763.6161240006913
      ],
      "trimmed_mean_ms": 769.3925033333168,
      "speedup": 1.028828918795089,
      "row_count": 6,
      "rows_match": true,
      "status": "pass",
      "error": ""
    }
  ],
  "best_worker_id": 5,
  "best_speedup": 1.028828918795089,
  "exited": false
}