{
  "query_id": "query019_agg",
  "baseline_times_ms": [
    1408.1761589986854,
    327.1730939995905,
    88.90703200086136,
    88.74059300069348,
    94.42204399965703
  ],
  "baseline_trimmed_mean_ms": 170.1673900000363,
  "baseline_row_count": 3,
  "workers": [
    {
      "worker_id": 1,
      "times_ms": [
        87.40319199932856,
        87.00416899955599,
        86.2149060012598,
        91.76168100020732,
        90.0555810003425
      ],
      "trimmed_mean_ms": 88.15431399974234,
      "speedup": 1.9303353662366844,
      "row_count": 3,
      "rows_match": true,
      "status": "pass",
      "error": ""
    },
    {
      "worker_id": 2,
      "times_ms": [
        95.69994499906898,
        95.66837300008046,
        125.01485699976911,
        86.25446199948783,
        85.87050600181101
      ],
      "trimmed_mean_ms": 92.54092666621243,
      "speedup": 1.8388338665963029,
      "row_count": 3,
      "rows_match": true,
      "status": "pass",
      "error": ""
    },
    {
      "worker_id": 3,
      "times_ms": [
        96.79596700152615,
        93.63677200235543,
        86.81583699944895,
        81.98639300098876,
        114.55492399909417
      ],
      "trimmed_mean_ms": 92.41619200111018,
      "speedup": 1.8413157512267129,
      "row_count": 3,
      "rows_match": true,
      "status": "pass",
      "error": ""
    },
    {
      "worker_id": 4,
      "times_ms": [],
      "trimmed_mean_ms": 0,
      "speedup": 0,
      "row_count": 0,
      "rows_match": false,
      "status": "error",
      "error": "column fs.ss_sold_date_sk does not exist\nLINE 45: JOIN filtered_date d ON fs.ss_sold_date_sk = d.d_date_sk\n                                 ^\n"
    }
  ],
  "best_worker_id": 1,
  "best_speedup": 1.9303353662366844,
  "exited": false
}