{
  "source": "swarm_w2",
  "original_path": "/mnt/c/Users/jakc9/Documents/QueryTorque_V8/packages/qt-sql/qt_sql/benchmarks/duckdb_tpcds/queries/query_64.sql",
  "optimized_path": "/mnt/c/Users/jakc9/Documents/QueryTorque_V8/packages/qt-sql/qt_sql/benchmarks/duckdb_tpcds/swarm_batch_20260208_102033/query_64/worker_2_sql.sql",
  "benchmark_iters": {
    "benchmark_iter0": {
      "query_id": "query_64",
      "baseline_times_ms": [
        1885.156220000681,
        1522.3890950001078,
        1460.707360000015,
        1494.9402990005183,
        1578.3313100000669
      ],
      "baseline_trimmed_mean_ms": 1531.8869013335643,
      "baseline_row_count": 3,
      "workers": [
        {
          "worker_id": 1,
          "times_ms": [
            1609.9077590006345,
            1485.1972500000556,
            1556.8852050000714,
            1493.9605650006342,
            1582.8775850004604
          ],
          "trimmed_mean_ms": 1544.5744516670554,
          "speedup": 0.9917857308077331,
          "row_count": 3,
          "rows_match": true,
          "status": "pass",
          "error": ""
        },
        {
          "worker_id": 2,
          "times_ms": [
            1513.4497049994025,
            1612.5718639996194,
            1628.5130610003762,
            1578.296479000528,
            1564.4461239999146
          ],
          "trimmed_mean_ms": 1585.104822333354,
          "speedup": 0.9664262449713261,
          "row_count": 9,
          "rows_match": false,
          "status": "fail",
          "error": ""
        },
        {
          "worker_id": 3,
          "times_ms": [
            1270.1940100005231,
            1233.4721560000617,
            1241.636748000019,
            1145.0392239994471,
            1230.0140890001785
          ],
          "trimmed_mean_ms": 1235.0409976667531,
          "speedup": 1.240353076721837,
          "row_count": 3,
          "rows_match": true,
          "status": "pass",
          "error": ""
        },
        {
          "worker_id": 4,
          "times_ms": [
            4149.841872000252,
            4314.509720999922,
            4095.083722999334,
            4077.7163150005435,
            3944.775053999365
          ],
          "trimmed_mean_ms": 4107.5473033333765,
          "speedup": 0.3729444333094838,
          "row_count": 3,
          "rows_match": true,
          "status": "pass",
          "error": ""
        }
      ],
      "best_worker_id": 3,
      "best_speedup": 1.240353076721837,
      "exited": false
    },
    "benchmark_iter1": {
      "query_id": "query_64",
      "baseline_times_ms": [
        2785.064446999968,
        1490.6130870003835,
        1460.6983969988505,
        1530.1893619998737,
        1370.920291999937
      ],
      "baseline_trimmed_mean_ms": 1493.8336153330358,
      "baseline_row_count": 3,
      "workers": [
        {
          "worker_id": 5,
          "times_ms": [
            1310.0426880009763,
            1410.4365629991662,
            1313.4434209987376,
            1280.8425999992323,
            1401.7399049989763
          ],
          "trimmed_mean_ms": 1341.74200466623,
          "speedup": 1.1133538416013442,
          "row_count": 3,
          "rows_match": true,
          "status": "pass",
          "error": ""
        }
      ],
      "best_worker_id": 5,
      "best_speedup": 1.1133538416013442,
      "exited": false
    },
    "benchmark_iter2": {
      "query_id": "query_64",
      "baseline_times_ms": [
        2232.9494360001263,
        1452.2612860000663,
        1398.6120459994709,
        1408.9422410015686,
        1375.0469690003229
      ],
      "baseline_trimmed_mean_ms": 1419.938524333702,
      "baseline_row_count": 3,
      "workers": [
        {
          "worker_id": 6,
          "times_ms": [
            790.0394779990165,
            828.2599809990643,
            868.4266939999361,
            889.8073359996488,
            926.1242619995755
          ],
          "trimmed_mean_ms": 862.164670332883,
          "speedup": 1.6469458482745085,
          "row_count": 3,
          "rows_match": true,
          "status": "pass",
          "error": ""
        }
      ],
      "best_worker_id": 6,
      "best_speedup": 1.6469458482745085,
      "exited": false
    }
  }
}