{
  "query_id": "query_37",
  "baseline_times_ms": [
    109.74658399936743,
    76.12793899897952,
    79.90979999885894,
    86.67574699938996,
    82.96949199939263
  ],
  "baseline_trimmed_mean_ms": 83.18501299921384,
  "baseline_row_count": 3,
  "workers": [
    {
      "worker_id": 6,
      "times_ms": [
        4867.6784969993605,
        3824.42305999939,
        4335.331786000097,
        4064.9718000004214,
        4042.756371998621
      ],
      "trimmed_mean_ms": 4147.68665266638,
      "speedup": 0.02005576119057537,
      "row_count": 3,
      "rows_match": true,
      "status": "pass",
      "error": ""
    }
  ],
  "best_worker_id": 6,
  "best_speedup": 0.02005576119057537,
  "exited": false
}