{
  "query_id": "query_30",
  "baseline_times_ms": [
    212.36118999877363,
    147.35601200118253,
    130.67758999932266,
    123.70126399946457,
    108.55252799956361
  ],
  "baseline_trimmed_mean_ms": 133.91162199998993,
  "baseline_row_count": 100,
  "workers": [
    {
      "worker_id": 5,
      "times_ms": [
        111.92509900138248,
        103.513700001713,
        111.84757100090792,
        99.88000700104749,
        108.8707089984382
      ],
      "trimmed_mean_ms": 108.0773266670197,
      "speedup": 1.2390352919494787,
      "row_count": 100,
      "rows_match": true,
      "status": "pass",
      "error": ""
    }
  ],
  "best_worker_id": 5,
  "best_speedup": 1.2390352919494787,
  "exited": false
}