{
  "source": "swarm_w3",
  "original_path": "/mnt/c/Users/jakc9/Documents/QueryTorque_V8/packages/qt-sql/qt_sql/benchmarks/duckdb_tpcds/queries/query_70.sql",
  "optimized_path": "/mnt/c/Users/jakc9/Documents/QueryTorque_V8/packages/qt-sql/qt_sql/benchmarks/duckdb_tpcds/swarm_batch_20260208_102033/query_70/worker_3_sql.sql",
  "benchmark_iters": {
    "benchmark_iter0": {
      "query_id": "query_70",
      "baseline_times_ms": [
        714.5497920000707,
        737.9474620001929,
        781.078403999345,
        743.6733670001558,
        738.0665930004398
      ],
      "baseline_trimmed_mean_ms": 739.8958073335962,
      "baseline_row_count": 7,
      "workers": [
        {
          "worker_id": 1,
          "times_ms": [
            336.1377929995797,
            275.9991800003263,
            272.11550699939835,
            332.2718849994999,
            270.7236770002055
          ],
          "trimmed_mean_ms": 293.46219066640816,
          "speedup": 2.521264513337834,
          "row_count": 7,
          "rows_match": true,
          "status": "pass",
          "error": ""
        },
        {
          "worker_id": 2,
          "times_ms": [
            742.0946180000101,
            810.8034279994172,
            775.830825000412,
            768.7879260001864,
            735.691807000876
          ],
          "trimmed_mean_ms": 762.2377896668695,
          "speedup": 0.9706889600120223,
          "row_count": 7,
          "rows_match": true,
          "status": "pass",
          "error": ""
        },
        {
          "worker_id": 3,
          "times_ms": [
            764.8802759995306,
            785.470529000122,
            741.4176940001198,
            775.6506949999675,
            776.967902999786
          ],
          "trimmed_mean_ms": 772.4996246664281,
          "speedup": 0.9577943907132505,
          "row_count": 7,
          "rows_match": true,
          "status": "pass",
          "error": ""
        },
        {
          "worker_id": 4,
          "times_ms": [],
          "trimmed_mean_ms": 0,
          "speedup": 0,
          "row_count": 0,
          "rows_match": false,
          "status": "error",
          "error": "Binder Error: HAVING clause cannot contain window functions!\n\nLINE 14:     HAVING RANK() OVER (ORDER BY SUM(ss_net_profit) DESC) <= 5\n                    ^"
        }
      ],
      "best_worker_id": 1,
      "best_speedup": 2.521264513337834,
      "exited": true
    }
  }
}