{
  "source": "swarm2_w1",
  "original_path": "/mnt/c/Users/jakc9/Documents/QueryTorque_V8/packages/qt-sql/qt_sql/benchmarks/postgres_dsb/queries/query039_multi.sql",
  "optimized_path": "/mnt/c/Users/jakc9/Documents/QueryTorque_V8/packages/qt-sql/qt_sql/benchmarks/postgres_dsb/swarm_batch_20260208_142643/query039_multi/worker_1_sql.sql",
  "validation": {
    "query_id": "query039_multi",
    "status": "WIN",
    "best_speedup": 11.62,
    "best_worker": 4,
    "best_iteration": 0
  },
  "benchmark_iters": {
    "benchmark_iter0": {
      "query_id": "query039_multi",
      "baseline_times_ms": [
        53560.02588499905,
        34529.66755300076,
        34678.91637900175,
        31737.130200999673,
        33493.873282001005
      ],
      "baseline_trimmed_mean_ms": 34234.15240466784,
      "baseline_row_count": 0,
      "workers": [
        {
          "worker_id": 1,
          "times_ms": [
            5315.7302670006175,
            3016.3203070005693,
            2439.389350998681,
            3156.611983999028,
            3305.7338999969943
          ],
          "trimmed_mean_ms": 3159.5553969988637,
          "speedup": 10.835117003229474,
          "row_count": 0,
          "rows_match": true,
          "status": "pass",
          "error": ""
        },
        {
          "worker_id": 2,
          "times_ms": [
            3110.6796729982307,
            3193.724602999282,
            3162.9190879975795,
            3105.3998910028895,
            3108.5236809994967
          ],
          "trimmed_mean_ms": 3127.374147331769,
          "speedup": 10.946612330947332,
          "row_count": 0,
          "rows_match": true,
          "status": "pass",
          "error": ""
        },
        {
          "worker_id": 3,
          "times_ms": [
            16035.874599998351,
            15749.832121000509,
            18504.785343997355,
            16157.540586002142,
            16098.082589000114
          ],
          "trimmed_mean_ms": 16097.165925000203,
          "speedup": 2.126719235185333,
          "row_count": 0,
          "rows_match": true,
          "status": "pass",
          "error": ""
        },
        {
          "worker_id": 4,
          "times_ms": [
            3379.1529090012773,
            2782.3082609975245,
            3128.0757439999434,
            2925.6040479995136,
            2731.626677003078
          ],
          "trimmed_mean_ms": 2945.329350998994,
          "speedup": 11.623200099186304,
          "row_count": 0,
          "rows_match": true,
          "status": "pass",
          "error": ""
        }
      ],
      "best_worker_id": 4,
      "best_speedup": 11.623200099186304,
      "exited": true
    }
  }
}