{
  "query_id": "query_80",
  "baseline_times_ms": [
    739.2057929992006,
    673.7565769999492,
    708.0682340001658,
    661.2483909993898,
    669.4723769996926
  ],
  "baseline_trimmed_mean_ms": 683.7657293332692,
  "baseline_row_count": 100,
  "workers": [
    {
      "worker_id": 6,
      "times_ms": [
        479.91827499936335,
        477.49824399943464,
        465.82645700073044,
        547.5766470008239,
        529.8045460003777
      ],
      "trimmed_mean_ms": 495.74035499972524,
      "speedup": 1.3792819616907084,
      "row_count": 100,
      "rows_match": true,
      "status": "pass",
      "error": ""
    }
  ],
  "best_worker_id": 6,
  "best_speedup": 1.3792819616907084,
  "exited": false
}