{
  "source": "swarm_snipe",
  "original_path": "/mnt/c/Users/jakc9/Documents/QueryTorque_V8/packages/qt-sql/qt_sql/benchmarks/duckdb_tpcds/queries/query_34.sql",
  "optimized_path": "/mnt/c/Users/jakc9/Documents/QueryTorque_V8/packages/qt-sql/qt_sql/benchmarks/duckdb_tpcds/swarm_batch_20260208_102033/query_34/snipe_worker_sql.sql",
  "benchmark_iters": {
    "benchmark_iter0": {
      "query_id": "query_34",
      "baseline_times_ms": [
        356.0107089997473,
        331.6122610003731,
        356.15065900037735,
        359.24231999979384,
        370.2905660002216
      ],
      "baseline_trimmed_mean_ms": 357.1345626666395,
      "baseline_row_count": 4543,
      "workers": [
        {
          "worker_id": 1,
          "times_ms": [
            354.40978899987385,
            408.86602099999436,
            379.6211349999794,
            326.8799810002747,
            328.6253750002288
          ],
          "trimmed_mean_ms": 354.2187663333607,
          "speedup": 1.0082316257928998,
          "row_count": 4543,
          "rows_match": true,
          "status": "pass",
          "error": ""
        },
        {
          "worker_id": 2,
          "times_ms": [
            358.5569340002621,
            330.93884299978527,
            340.9809700006008,
            373.6280319999423,
            340.08473999983835
          ],
          "trimmed_mean_ms": 346.5408813335671,
          "speedup": 1.0305697881655567,
          "row_count": 4543,
          "rows_match": true,
          "status": "pass",
          "error": ""
        },
        {
          "worker_id": 3,
          "times_ms": [
            355.92369500045606,
            343.4508899999855,
            336.04862799984403,
            356.6283549998843,
            358.18447100064077
          ],
          "trimmed_mean_ms": 352.00098000010865,
          "speedup": 1.0145840010630915,
          "row_count": 4543,
          "rows_match": true,
          "status": "pass",
          "error": ""
        },
        {
          "worker_id": 4,
          "times_ms": [
            370.5409169997438,
            340.84403500037297,
            352.02292800022406,
            351.17816799993307,
            393.26198299932
          ],
          "trimmed_mean_ms": 357.9140043333003,
          "speedup": 0.9978222655240533,
          "row_count": 4543,
          "rows_match": true,
          "status": "pass",
          "error": ""
        }
      ],
      "best_worker_id": 2,
      "best_speedup": 1.0305697881655567,
      "exited": false
    },
    "benchmark_iter1": {
      "query_id": "query_34",
      "baseline_times_ms": [
        379.14910600011353,
        331.844889000422,
        329.62668700020004,
        338.2702799990511,
        335.79249200010963
      ],
      "baseline_trimmed_mean_ms": 335.30255366652756,
      "baseline_row_count": 4543,
      "workers": [
        {
          "worker_id": 5,
          "times_ms": [
            337.0501770004921,
            372.82623700048134,
            431.1258239995368,
            373.0200200006948,
            368.3649289996538
          ],
          "trimmed_mean_ms": 371.4037286669433,
          "speedup": 0.9027980275534887,
          "row_count": 4543,
          "rows_match": true,
          "status": "pass",
          "error": ""
        }
      ],
      "best_worker_id": 5,
      "best_speedup": 0.9027980275534887,
      "exited": false
    },
    "benchmark_iter2": {
      "query_id": "query_34",
      "baseline_times_ms": [
        359.5206549998693,
        390.1006120013335,
        339.3805350006005,
        345.09824000087974,
        364.7298639989458
      ],
      "baseline_trimmed_mean_ms": 356.4495863332316,
      "baseline_row_count": 4543,
      "workers": [
        {
          "worker_id": 6,
          "times_ms": [],
          "trimmed_mean_ms": 0,
          "speedup": 0,
          "row_count": 0,
          "rows_match": false,
          "status": "error",
          "error": "Binder Error: Referenced column \"hd_buy_ppotENTIAL\" not found in FROM clause!\nCandidate bindings: \"hd_buy_potential\", \"hd_dep_count\", \"hd_vehicle_count\", \"hd_demo_sk\", \"hd_income_band_sk\"\n\nLINE 20:       OR hd_buy_ppotENTIAL = '0-500'\n                  ^"
        }
      ],
      "best_worker_id": 0,
      "best_speedup": 0.0,
      "exited": false
    }
  }
}