{
  "query_id": "query083_multi",
  "baseline_times_ms": [
    1058.7658200020087,
    212.3194039995724,
    87.1508519994677,
    82.5563719990896,
    66.17168199954904
  ],
  "baseline_trimmed_mean_ms": 127.3422093327099,
  "baseline_row_count": 0,
  "workers": [
    {
      "worker_id": 5,
      "times_ms": [
        367.5545339974633,
        337.29259399842704,
        430.61585599934915,
        437.6935299987963,
        421.6074790019775
      ],
      "trimmed_mean_ms": 406.59262299959664,
      "speedup": 0.31319360492390497,
      "row_count": 0,
      "rows_match": true,
      "status": "pass",
      "error": ""
    }
  ],
  "best_worker_id": 5,
  "best_speedup": 0.31319360492390497,
  "exited": false
}