{
  "query_id": "query083_multi",
  "baseline_times_ms": [
    1101.98456299986,
    96.30405899952166,
    76.10411899804603,
    84.35491199998069,
    70.36502000119071
  ],
  "baseline_trimmed_mean_ms": 85.58769666584946,
  "baseline_row_count": 0,
  "workers": [
    {
      "worker_id": 1,
      "times_ms": [
        311.73371499971836,
        235.97837300258107,
        86.73238700066577,
        91.98139699947205,
        73.14516699989326
      ],
      "trimmed_mean_ms": 138.2307190009063,
      "speedup": 0.6191655319776519,
      "row_count": 0,
      "rows_match": true,
      "status": "pass",
      "error": ""
    },
    {
      "worker_id": 2,
      "times_ms": [
        88.98048600167385,
        85.92378700268455,
        79.70819800175377,
        80.02846999806934,
        89.26856499965652
      ],
      "trimmed_mean_ms": 84.97758100080925,
      "speedup": 1.0071797250269385,
      "row_count": 0,
      "rows_match": true,
      "status": "pass",
      "error": ""
    },
    {
      "worker_id": 3,
      "times_ms": [
        1585.1452450006036,
        1557.1615240005485,
        1516.7470180022065,
        1514.0624560008291,
        1498.843940997176
      ],
      "trimmed_mean_ms": 1529.3236660011946,
      "speedup": 0.05596440999938244,
      "row_count": 0,
      "rows_match": true,
      "status": "pass",
      "error": ""
    },
    {
      "worker_id": 4,
      "times_ms": [
        1529.8924150010862,
        1473.0281129996001,
        1499.0552979979839,
        1482.6178690018423,
        1503.448949999438
      ],
      "trimmed_mean_ms": 1495.0407056664214,
      "speedup": 0.05724773669469979,
      "row_count": 0,
      "rows_match": true,
      "status": "pass",
      "error": ""
    }
  ],
  "best_worker_id": 2,
  "best_speedup": 1.0071797250269385,
  "exited": false
}