{
  "query_id": "query083_multi",
  "baseline_times_ms": [
    891.1680969977169,
    66.0566939986893,
    65.27982900297502,
    78.2064659979369,
    98.45046999907936
  ],
  "baseline_trimmed_mean_ms": 80.90454333190185,
  "baseline_row_count": 0,
  "workers": [
    {
      "worker_id": 6,
      "times_ms": [
        2197.8116860009322,
        1988.2860239995352,
        1767.6928210021288,
        1749.8430979976547,
        1752.143829002307
      ],
      "trimmed_mean_ms": 1836.040891334657,
      "speedup": 0.044064674002489465,
      "row_count": 0,
      "rows_match": true,
      "status": "pass",
      "error": ""
    }
  ],
  "best_worker_id": 6,
  "best_speedup": 0.044064674002489465,
  "exited": false
}