{
  "source": "swarm_w4",
  "original_path": "/mnt/c/Users/jakc9/Documents/QueryTorque_V8/packages/qt-sql/qt_sql/benchmarks/duckdb_tpcds/queries/query_37.sql",
  "optimized_path": "/mnt/c/Users/jakc9/Documents/QueryTorque_V8/packages/qt-sql/qt_sql/benchmarks/duckdb_tpcds/swarm_batch_20260208_102033/query_37/worker_4_sql.sql",
  "benchmark_iters": {
    "benchmark_iter0": {
      "query_id": "query_37",
      "baseline_times_ms": [
        145.32760200017947,
        79.80668999971385,
        79.1147740001179,
        85.04815499964025,
        97.67480000027717
      ],
      "baseline_trimmed_mean_ms": 87.50988166654376,
      "baseline_row_count": 3,
      "workers": [
        {
          "worker_id": 1,
          "times_ms": [
            80.75962600014464,
            77.958502999536,
            78.55839300009393,
            74.98756400036655,
            74.24756199998228
          ],
          "trimmed_mean_ms": 77.16815333333216,
          "speedup": 1.1340154958553943,
          "row_count": 3,
          "rows_match": true,
          "status": "pass",
          "error": ""
        },
        {
          "worker_id": 2,
          "times_ms": [
            90.23118899949623,
            106.19127900008607,
            96.49237600024207,
            89.13974499955657,
            100.88792199985619
          ],
          "trimmed_mean_ms": 95.8704956665315,
          "speedup": 0.9127926277854175,
          "row_count": 3,
          "rows_match": true,
          "status": "pass",
          "error": ""
        },
        {
          "worker_id": 3,
          "times_ms": [
            97.38674099935452,
            83.81315100086795,
            90.78106299966748,
            77.41800600069837,
            77.32637700064515
          ],
          "trimmed_mean_ms": 84.0040733337446,
          "speedup": 1.0417337897279186,
          "row_count": 3,
          "rows_match": true,
          "status": "pass",
          "error": ""
        },
        {
          "worker_id": 4,
          "times_ms": [
            80.39898700008052,
            78.03136799975618,
            79.6246150002844,
            96.31279899986112,
            73.83429400033492
          ],
          "trimmed_mean_ms": 79.35165666670703,
          "speedup": 1.102811023014969,
          "row_count": 3,
          "rows_match": true,
          "status": "pass",
          "error": ""
        }
      ],
      "best_worker_id": 1,
      "best_speedup": 1.1340154958553943,
      "exited": false
    },
    "benchmark_iter1": {
      "query_id": "query_37",
      "baseline_times_ms": [
        306.5555230004975,
        109.00868499993521,
        108.04701300003217,
        86.63054400130932,
        81.51113699932466
      ],
      "baseline_trimmed_mean_ms": 101.2287473337589,
      "baseline_row_count": 3,
      "workers": [
        {
          "worker_id": 5,
          "times_ms": [
            9.622013998523471,
            9.345067999674939,
            9.75076699978672,
            9.58754100065562,
            9.118712001509266
          ],
          "trimmed_mean_ms": 9.518207666284676,
          "speedup": 10.635274085511984,
          "row_count": 0,
          "rows_match": false,
          "status": "fail",
          "error": ""
        }
      ],
      "best_worker_id": 0,
      "best_speedup": 0.0,
      "exited": false
    },
    "benchmark_iter2": {
      "query_id": "query_37",
      "baseline_times_ms": [
        109.74658399936743,
        76.12793899897952,
        79.90979999885894,
        86.67574699938996,
        82.96949199939263
      ],
      "baseline_trimmed_mean_ms": 83.18501299921384,
      "baseline_row_count": 3,
      "workers": [
        {
          "worker_id": 6,
          "times_ms": [
            4867.6784969993605,
            3824.42305999939,
            4335.331786000097,
            4064.9718000004214,
            4042.756371998621
          ],
          "trimmed_mean_ms": 4147.68665266638,
          "speedup": 0.02005576119057537,
          "row_count": 3,
          "rows_match": true,
          "status": "pass",
          "error": ""
        }
      ],
      "best_worker_id": 6,
      "best_speedup": 0.02005576119057537,
      "exited": false
    }
  }
}