{
  "source": "swarm_w3",
  "original_path": "/mnt/c/Users/jakc9/Documents/QueryTorque_V8/packages/qt-sql/qt_sql/benchmarks/duckdb_tpcds/queries/query_94.sql",
  "optimized_path": "/mnt/c/Users/jakc9/Documents/QueryTorque_V8/packages/qt-sql/qt_sql/benchmarks/duckdb_tpcds/swarm_batch_20260208_102033/query_94/worker_3_sql.sql",
  "benchmark_iters": {
    "benchmark_iter0": {
      "query_id": "query_94",
      "baseline_times_ms": [
        144.4418789997144,
        85.75645299970347,
        90.07579299941426,
        88.27502199983428,
        81.66804699976637
      ],
      "baseline_trimmed_mean_ms": 88.03575599965068,
      "baseline_row_count": 1,
      "workers": [
        {
          "worker_id": 1,
          "times_ms": [
            95.48754100069345,
            86.89049099939439,
            82.03976899949339,
            82.6544740002646,
            85.2283170006558
          ],
          "trimmed_mean_ms": 84.92442733343826,
          "speedup": 1.0366364397606878,
          "row_count": 1,
          "rows_match": true,
          "status": "pass",
          "error": ""
        },
        {
          "worker_id": 2,
          "times_ms": [
            88.95945499989466,
            99.06048099946929,
            104.44264000034309,
            94.78641400073684,
            93.63884400045208
          ],
          "trimmed_mean_ms": 95.82857966688607,
          "speedup": 0.9186795453472819,
          "row_count": 1,
          "rows_match": true,
          "status": "pass",
          "error": ""
        },
        {
          "worker_id": 3,
          "times_ms": [
            84.74932800072565,
            90.10718099943915,
            88.33821400003217,
            90.07105399996362,
            84.46970400018472
          ],
          "trimmed_mean_ms": 87.71953200024048,
          "speedup": 1.0036049439868115,
          "row_count": 1,
          "rows_match": true,
          "status": "pass",
          "error": ""
        },
        {
          "worker_id": 4,
          "times_ms": [
            264.2049390005923,
            241.12265199983085,
            239.28514899944275,
            240.08128799960105,
            209.28301399999327
          ],
          "trimmed_mean_ms": 240.16302966629155,
          "speedup": 0.3665666448411192,
          "row_count": 1,
          "rows_match": true,
          "status": "pass",
          "error": ""
        }
      ],
      "best_worker_id": 1,
      "best_speedup": 1.0366364397606878,
      "exited": false
    },
    "benchmark_iter1": {
      "query_id": "query_94",
      "baseline_times_ms": [
        189.6996900013619,
        191.24852799905057,
        189.40803999976197,
        145.73057500092546,
        122.46278800012078
      ],
      "baseline_trimmed_mean_ms": 174.94610166734978,
      "baseline_row_count": 1,
      "workers": [
        {
          "worker_id": 5,
          "times_ms": [
            103.87075600010576,
            96.71058999992965,
            118.75178199989023,
            101.23194500010868,
            94.02992100149277
          ],
          "trimmed_mean_ms": 100.60443033338136,
          "speedup": 1.7389502737366156,
          "row_count": 1,
          "rows_match": true,
          "status": "pass",
          "error": ""
        }
      ],
      "best_worker_id": 5,
      "best_speedup": 1.7389502737366156,
      "exited": false
    },
    "benchmark_iter2": {
      "query_id": "query_94",
      "baseline_times_ms": [
        145.67054200051643,
        93.0303980003373,
        86.50129299894616,
        91.28364299976965,
        86.92784499908157
      ],
      "baseline_trimmed_mean_ms": 90.41396199972951,
      "baseline_row_count": 1,
      "workers": [
        {
          "worker_id": 6,
          "times_ms": [
            130.34223999966343,
            126.59778099987307,
            128.3116369995696,
            121.12252699989767,
            138.44352299929596
          ],
          "trimmed_mean_ms": 128.41721933303538,
          "speedup": 0.7040641626513594,
          "row_count": 1,
          "rows_match": true,
          "status": "pass",
          "error": ""
        }
      ],
      "best_worker_id": 6,
      "best_speedup": 0.7040641626513594,
      "exited": false
    }
  }
}