{
  "query_id": "query_31",
  "baseline_times_ms": [
    528.9864250007668,
    407.1014599994669,
    423.8898839994363,
    422.08433999985573,
    480.9991229994921
  ],
  "baseline_trimmed_mean_ms": 442.3244489995947,
  "baseline_row_count": 307,
  "workers": [
    {
      "worker_id": 6,
      "times_ms": [
        651.6729480008507,
        641.1115619994234,
        679.1077980014961,
        657.7240890001121,
        735.6713190001756
      ],
      "trimmed_mean_ms": 662.8349450008196,
      "speedup": 0.6673221626826688,
      "row_count": 307,
      "rows_match": true,
      "status": "pass",
      "error": ""
    }
  ],
  "best_worker_id": 6,
  "best_speedup": 0.6673221626826688,
  "exited": false
}