{
  "query_id": "query_67",
  "baseline_times_ms": [
    10849.021990999972,
    10366.368057999352,
    10440.289296000628,
    10000.319310000123,
    9711.4787290011
  ],
  "baseline_trimmed_mean_ms": 10268.992221333368,
  "baseline_row_count": 100,
  "workers": [
    {
      "worker_id": 6,
      "times_ms": [
        6857.214704999933,
        7105.156177000026,
        6705.529106999165,
        6829.630840999016,
        6837.3128160001215
      ],
      "trimmed_mean_ms": 6841.386120666357,
      "speedup": 1.5010104736396839,
      "row_count": 100,
      "rows_match": true,
      "status": "pass",
      "error": ""
    }
  ],
  "best_worker_id": 6,
  "best_speedup": 1.5010104736396839,
  "exited": false
}