{
  "query_id": "query_67",
  "baseline_times_ms": [
    11697.545693000393,
    10721.81273499973,
    10531.5907410004,
    10791.279334000137,
    10065.15722200038
  ],
  "baseline_trimmed_mean_ms": 10681.560936666756,
  "baseline_row_count": 100,
  "workers": [
    {
      "worker_id": 1,
      "times_ms": [
        10050.99336100011,
        10472.76582700033,
        10405.337377999786,
        10334.034939000048,
        10465.251094999985
      ],
      "trimmed_mean_ms": 10401.541137333274,
      "speedup": 1.0269209913835204,
      "row_count": 100,
      "rows_match": true,
      "status": "pass",
      "error": ""
    },
    {
      "worker_id": 2,
      "times_ms": [
        10106.46343999997,
        10216.478947000724,
        10623.257435000596,
        10304.793721000351,
        10690.168240000276
      ],
      "trimmed_mean_ms": 10381.51003433389,
      "speedup": 1.028902433397505,
      "row_count": 100,
      "rows_match": true,
      "status": "pass",
      "error": ""
    },
    {
      "worker_id": 3,
      "times_ms": [
        10348.19621800034,
        10804.956662000222,
        10787.66481799994,
        10722.453338999912,
        10718.417030000637
      ],
      "trimmed_mean_ms": 10742.845062333496,
      "speedup": 0.9942953542277535,
      "row_count": 100,
      "rows_match": true,
      "status": "pass",
      "error": ""
    },
    {
      "worker_id": 4,
      "times_ms": [],
      "trimmed_mean_ms": 0,
      "speedup": 0,
      "row_count": 0,
      "rows_match": false,
      "status": "error",
      "error": "Binder Error: Referenced column \"d_year\" not found in FROM clause!\nCandidate bindings: \"d_date_sk\", \"s_manager\", \"i_category\", \"ss_addr_sk\", \"ss_ext_tax\"\n\nLINE 27:         d_year,\n                 ^"
    }
  ],
  "best_worker_id": 2,
  "best_speedup": 1.028902433397505,
  "exited": false
}