{
  "source": "swarm_w1",
  "original_path": "/mnt/c/Users/jakc9/Documents/QueryTorque_V8/packages/qt-sql/qt_sql/benchmarks/duckdb_tpcds/queries/query_97.sql",
  "optimized_path": "/mnt/c/Users/jakc9/Documents/QueryTorque_V8/packages/qt-sql/qt_sql/benchmarks/duckdb_tpcds/swarm_batch_20260208_102033/query_97/worker_1_sql.sql",
  "benchmark_iters": {
    "benchmark_iter0": {
      "query_id": "query_97",
      "baseline_times_ms": [
        1336.9551380001212,
        1138.393588999861,
        1187.902521000069,
        1235.683875000177,
        1173.7371919998623
      ],
      "baseline_trimmed_mean_ms": 1199.1078626667029,
      "baseline_row_count": 1,
      "workers": [
        {
          "worker_id": 1,
          "times_ms": [
            1118.8311010000689,
            1185.5343070001254,
            1160.095747000014,
            1129.5631109996975,
            1122.813643999507
          ],
          "trimmed_mean_ms": 1137.4908339997394,
          "speedup": 1.0541692529075601,
          "row_count": 1,
          "rows_match": true,
          "status": "pass",
          "error": ""
        },
        {
          "worker_id": 2,
          "times_ms": [
            1134.8347399998602,
            1130.5566390001331,
            1115.8283510003457,
            1151.7639419998886,
            1142.4710259998392
          ],
          "trimmed_mean_ms": 1135.9541349999442,
          "speedup": 1.0555953147410848,
          "row_count": 1,
          "rows_match": true,
          "status": "pass",
          "error": ""
        },
        {
          "worker_id": 3,
          "times_ms": [
            1088.2108980003977,
            1102.9764100003376,
            1190.2315309998812,
            1322.8631449992463,
            1351.7645090005317
          ],
          "trimmed_mean_ms": 1205.3570286664883,
          "speedup": 0.994815506234946,
          "row_count": 1,
          "rows_match": true,
          "status": "pass",
          "error": ""
        },
        {
          "worker_id": 4,
          "times_ms": [
            2357.7155099992524,
            2104.2648929997085,
            2163.1083489992307,
            2085.3624190003757,
            2016.4193840000735
          ],
          "trimmed_mean_ms": 2117.5785536664384,
          "speedup": 0.5662636980293042,
          "row_count": 1,
          "rows_match": true,
          "status": "pass",
          "error": ""
        }
      ],
      "best_worker_id": 2,
      "best_speedup": 1.0555953147410848,
      "exited": false
    },
    "benchmark_iter1": {
      "query_id": "query_97",
      "baseline_times_ms": [
        1669.444609000493,
        1405.9850870016817,
        1721.513442998912,
        1406.487783000557,
        1328.113832998497
      ],
      "baseline_trimmed_mean_ms": 1493.9724930009106,
      "baseline_row_count": 1,
      "workers": [
        {
          "worker_id": 5,
          "times_ms": [
            1418.7155599993275,
            1175.7841119997465,
            1257.899547001216,
            1251.864347999799,
            1176.112130000547
          ],
          "trimmed_mean_ms": 1228.6253416671873,
          "speedup": 1.2159707620662126,
          "row_count": 1,
          "rows_match": true,
          "status": "pass",
          "error": ""
        }
      ],
      "best_worker_id": 5,
      "best_speedup": 1.2159707620662126,
      "exited": false
    },
    "benchmark_iter2": {
      "query_id": "query_97",
      "baseline_times_ms": [
        1106.4194120008324,
        1136.9163479994313,
        1186.8258829999832,
        1218.660276999799,
        1235.3145199995197
      ],
      "baseline_trimmed_mean_ms": 1180.8008359997377,
      "baseline_row_count": 1,
      "workers": [
        {
          "worker_id": 6,
          "times_ms": [
            2079.3206639991695,
            2003.9604689991393,
            1909.7461390010722,
            1958.0509850002272,
            1904.068826999719
          ],
          "trimmed_mean_ms": 1957.2525310001463,
          "speedup": 0.6032950870148343,
          "row_count": 1,
          "rows_match": true,
          "status": "pass",
          "error": ""
        }
      ],
      "best_worker_id": 6,
      "best_speedup": 0.6032950870148343,
      "exited": false
    }
  }
}