{
  "source": "swarm_final",
  "original_path": "/mnt/c/Users/jakc9/Documents/QueryTorque_V8/packages/qt-sql/qt_sql/benchmarks/duckdb_tpcds/queries/query_41.sql",
  "optimized_path": "/mnt/c/Users/jakc9/Documents/QueryTorque_V8/packages/qt-sql/qt_sql/benchmarks/duckdb_tpcds/swarm_batch_20260208_102033/query_41/final_worker_sql.sql",
  "benchmark_iters": {
    "benchmark_iter0": {
      "query_id": "query_41",
      "baseline_times_ms": [
        25.204653999935545,
        21.970845999931043,
        15.375243000562477,
        14.225595000425528,
        14.716216999659082
      ],
      "baseline_trimmed_mean_ms": 17.35410200005087,
      "baseline_row_count": 16,
      "workers": [
        {
          "worker_id": 1,
          "times_ms": [
            16.33612999921752,
            15.74971199988795,
            16.061293999882764,
            15.992947000086133,
            15.374293999229849
          ],
          "trimmed_mean_ms": 15.934650999952282,
          "speedup": 1.0890795160874773,
          "row_count": 16,
          "rows_match": true,
          "status": "pass",
          "error": ""
        },
        {
          "worker_id": 2,
          "times_ms": [
            13.008146999709425,
            13.630969000587356,
            14.954719999877852,
            12.906034000479849,
            14.14420200035238
          ],
          "trimmed_mean_ms": 13.59443933354972,
          "speedup": 1.2765588616238608,
          "row_count": 16,
          "rows_match": true,
          "status": "pass",
          "error": ""
        },
        {
          "worker_id": 3,
          "times_ms": [
            12.274693999643205,
            11.647602999801165,
            12.87919599963061,
            12.519918000180041,
            11.313293000057456
          ],
          "trimmed_mean_ms": 12.147404999874803,
          "speedup": 1.4286262786356203,
          "row_count": 16,
          "rows_match": true,
          "status": "pass",
          "error": ""
        },
        {
          "worker_id": 4,
          "times_ms": [
            51.96100900047895,
            47.12536300030479,
            49.64500099958968,
            58.35140999988653,
            45.7676480000373
          ],
          "trimmed_mean_ms": 49.57712433345781,
          "speedup": 0.3500425293594371,
          "row_count": 16,
          "rows_match": true,
          "status": "pass",
          "error": ""
        }
      ],
      "best_worker_id": 3,
      "best_speedup": 1.4286262786356203,
      "exited": false
    },
    "benchmark_iter1": {
      "query_id": "query_41",
      "baseline_times_ms": [
        15.050065998366335,
        14.847390999420895,
        18.4571509998932,
        17.367713999192347,
        14.164964999508811
      ],
      "baseline_trimmed_mean_ms": 15.755056998993192,
      "baseline_row_count": 16,
      "workers": [
        {
          "worker_id": 5,
          "times_ms": [
            13.706992998777423,
            12.171481999757816,
            16.883962000065367,
            11.758855000152835,
            12.756086000081268
          ],
          "trimmed_mean_ms": 12.878186999538835,
          "speedup": 1.223390916715014,
          "row_count": 16,
          "rows_match": true,
          "status": "pass",
          "error": ""
        }
      ],
      "best_worker_id": 5,
      "best_speedup": 1.223390916715014,
      "exited": false
    },
    "benchmark_iter2": {
      "query_id": "query_41",
      "baseline_times_ms": [
        27.67678700001852,
        12.966088001121534,
        16.784546000053524,
        17.729462999341195,
        12.810694001018419
      ],
      "baseline_trimmed_mean_ms": 15.826699000172084,
      "baseline_row_count": 16,
      "workers": [
        {
          "worker_id": 6,
          "times_ms": [
            8.282855000288691,
            8.5593029998563,
            12.24659400031669,
            13.351503001103993,
            8.455539000351564
          ],
          "trimmed_mean_ms": 9.753812000174852,
          "speedup": 1.6226167779211211,
          "row_count": 1,
          "rows_match": false,
          "status": "fail",
          "error": ""
        }
      ],
      "best_worker_id": 0,
      "best_speedup": 0.0,
      "exited": false
    }
  }
}