{
  "worker_id": 1,
  "strategy": "conservative_join_restructure",
  "transforms": [
    "decorrelate",
    "date_cte_isolate",
    "dimension_cte_isolate"
  ],
  "status": "WIN",
  "speedup_5x": 8.553749955554775,
  "trimmed_mean_ms": 35072.33687666788,
  "all_runs_ms": [
    35327.40521300002,
    35119.08202199993,
    34770.52339500369,
    31372.442603998934,
    43955.349533003755
  ],
  "explain_cost": 26849.14,
  "cost_ratio": 0.7863734182919826
}