{
  "worker_id": 3,
  "strategy": "aggressive_prefetch_materialize",
  "transforms": [
    "decorrelate",
    "date_cte_isolate",
    "dimension_cte_isolate"
  ],
  "status": "WIN",
  "speedup_5x": 18.973235853368376,
  "trimmed_mean_ms": 15811.74673200197,
  "all_runs_ms": [
    16115.573631999723,
    15889.433816002565,
    21301.656941002875,
    15430.232748003618,
    15325.645673998224
  ],
  "explain_cost": 174236.55,
  "cost_ratio": 0.12117692872132743
}