{
  "source": "swarm2_w2",
  "original_path": "/mnt/c/Users/jakc9/Documents/QueryTorque_V8/packages/qt-sql/qt_sql/benchmarks/postgres_dsb/queries/query084_agg.sql",
  "optimized_path": "/mnt/c/Users/jakc9/Documents/QueryTorque_V8/packages/qt-sql/qt_sql/benchmarks/postgres_dsb/swarm_batch_20260208_142643/query084_agg/worker_2_sql.sql",
  "validation": {
    "query_id": "query084_agg",
    "status": "IMPROVED",
    "best_speedup": 1.41,
    "best_worker": 3,
    "best_iteration": 0
  },
  "benchmark_iters": {
    "benchmark_iter0": {
      "query_id": "query084_agg",
      "baseline_times_ms": [
        735.2437830013514,
        534.1020029991341,
        330.1952559995698,
        335.37010600048234,
        330.60495300014736
      ],
      "baseline_trimmed_mean_ms": 400.0256873332546,
      "baseline_row_count": 100,
      "workers": [
        {
          "worker_id": 1,
          "times_ms": [
            327.1427469990158,
            316.964966001251,
            338.12121800292516,
            327.8372320019116,
            326.37691099807853
          ],
          "trimmed_mean_ms": 327.118963333002,
          "speedup": 1.2228752599892374,
          "row_count": 100,
          "rows_match": true,
          "status": "pass",
          "error": ""
        },
        {
          "worker_id": 2,
          "times_ms": [
            311.50274299943703,
            304.20827499983716,
            313.63370399776613,
            301.9805770018138,
            301.4385370006494
          ],
          "trimmed_mean_ms": 305.897198333696,
          "speedup": 1.3077128182680382,
          "row_count": 100,
          "rows_match": true,
          "status": "pass",
          "error": ""
        },
        {
          "worker_id": 3,
          "times_ms": [
            294.8809980007354,
            292.8958849988703,
            291.2197619989456,
            269.4257479997759,
            254.44530700042378
          ],
          "trimmed_mean_ms": 284.5137983325306,
          "speedup": 1.405997493540603,
          "row_count": 100,
          "rows_match": true,
          "status": "pass",
          "error": ""
        },
        {
          "worker_id": 4,
          "times_ms": [
            339.60258799925214,
            252.14088999928208,
            245.134558997961,
            227.3770110004989,
            233.27096099819755
          ],
          "trimmed_mean_ms": 243.5154699984802,
          "speedup": 1.6427115999478439,
          "row_count": 36,
          "rows_match": false,
          "status": "fail",
          "error": ""
        }
      ],
      "best_worker_id": 3,
      "best_speedup": 1.405997493540603,
      "exited": false
    },
    "benchmark_iter1": {
      "query_id": "query084_agg",
      "baseline_times_ms": [
        580.6207170026028,
        451.49964499796624,
        391.9142720005766,
        379.40774700109614,
        369.2947500021546
      ],
      "baseline_trimmed_mean_ms": 407.607221333213,
      "baseline_row_count": 100,
      "workers": [
        {
          "worker_id": 5,
          "times_ms": [
            361.5819549995649,
            362.93894600021304,
            351.32113399959053,
            349.20890500143287,
            352.23992399915005
          ],
          "trimmed_mean_ms": 355.0476709994352,
          "speedup": 1.148035192530136,
          "row_count": 100,
          "rows_match": true,
          "status": "pass",
          "error": ""
        }
      ],
      "best_worker_id": 5,
      "best_speedup": 1.148035192530136,
      "exited": false
    },
    "benchmark_iter2": {
      "query_id": "query084_agg",
      "baseline_times_ms": [
        535.8380690013291,
        409.32244199939305,
        398.6411379992205,
        377.2345020006469,
        381.5533870001673
      ],
      "baseline_trimmed_mean_ms": 396.5056556662603,
      "baseline_row_count": 100,
      "workers": [
        {
          "worker_id": 6,
          "times_ms": [
            369.1409359998943,
            363.09187400183873,
            365.4066730014165,
            346.20248200008064,
            354.0733560002991
          ],
          "trimmed_mean_ms": 360.8573010011848,
          "speedup": 1.0987879545908328,
          "row_count": 100,
          "rows_match": true,
          "status": "pass",
          "error": ""
        }
      ],
      "best_worker_id": 6,
      "best_speedup": 1.0987879545908328,
      "exited": false
    }
  }
}