{
  "query_id": "query_98",
  "baseline_times_ms": [
    285.90848600106256,
    243.10336599955917,
    261.3547960008873,
    264.5313610009907,
    274.53292599966517
  ],
  "baseline_trimmed_mean_ms": 266.8063610005144,
  "baseline_row_count": 15226,
  "workers": [
    {
      "worker_id": 5,
      "times_ms": [
        253.18064400016738,
        285.5837410006643,
        263.29701699978614,
        252.80293700052425,
        238.41535199971986
      ],
      "trimmed_mean_ms": 256.42686600015924,
      "speedup": 1.04047740848008,
      "row_count": 15226,
      "rows_match": true,
      "status": "pass",
      "error": ""
    }
  ],
  "best_worker_id": 5,
  "best_speedup": 1.04047740848008,
  "exited": false
}