{
  "query_id": "query050_spj_spj",
  "baseline_times_ms": [
    6722.919734998868,
    4136.738922999939,
    3794.5977429990307,
    3675.782985999831,
    2947.7834000026633
  ],
  "baseline_trimmed_mean_ms": 3869.0398839996,
  "baseline_row_count": 1,
  "workers": [
    {
      "worker_id": 5,
      "times_ms": [
        3223.496046000946,
        3870.854705997772,
        3791.498425001919,
        3777.52773300017,
        3749.013716002082
      ],
      "trimmed_mean_ms": 3772.6799580013903,
      "speedup": 1.0255415055268184,
      "row_count": 1,
      "rows_match": true,
      "status": "pass",
      "error": ""
    }
  ],
  "best_worker_id": 5,
  "best_speedup": 1.0255415055268184,
  "exited": false
}