{
  "query_id": "query050_spj_spj",
  "baseline_times_ms": [
    3303.4065419997205,
    2889.464791998762,
    2888.218249001511,
    2887.07115500074,
    2893.3815119999053
  ],
  "baseline_trimmed_mean_ms": 2890.3548510000596,
  "baseline_row_count": 1,
  "workers": [
    {
      "worker_id": 6,
      "times_ms": [
        3048.987183999998,
        2989.6392230002675,
        2890.5654230002256,
        2911.254516999179,
        2976.7986480001127
      ],
      "trimmed_mean_ms": 2959.230795999853,
      "speedup": 0.9767250512893768,
      "row_count": 1,
      "rows_match": true,
      "status": "pass",
      "error": ""
    }
  ],
  "best_worker_id": 6,
  "best_speedup": 0.9767250512893768,
  "exited": false
}