{
  "query_id": "query050_spj_spj",
  "baseline_times_ms": [
    6991.538733000198,
    3699.8408250001376,
    3762.8616350011725,
    3780.6427750001603,
    3830.450686000404
  ],
  "baseline_trimmed_mean_ms": 3791.3183653339124,
  "baseline_row_count": 1,
  "workers": [
    {
      "worker_id": 1,
      "times_ms": [
        3873.339385998406,
        4220.864588998666,
        4372.111311000481,
        4348.682487001497,
        4006.589766999241
      ],
      "trimmed_mean_ms": 4192.045614333135,
      "speedup": 0.9044077078672319,
      "row_count": 1,
      "rows_match": true,
      "status": "pass",
      "error": ""
    },
    {
      "worker_id": 2,
      "times_ms": [
        3754.4563240007847,
        3931.4629020009306,
        4216.5658849989995,
        4028.1004429998575,
        3837.4375409985078
      ],
      "trimmed_mean_ms": 3932.333628666432,
      "speedup": 0.9641395474929878,
      "row_count": 1,
      "rows_match": true,
      "status": "pass",
      "error": ""
    },
    {
      "worker_id": 3,
      "times_ms": [
        30639.485944997432,
        30175.721332001558,
        28710.856358000456,
        29779.704886001127,
        31715.502612998534
      ],
      "trimmed_mean_ms": 30198.304054333374,
      "speedup": 0.12554739360569717,
      "row_count": 1,
      "rows_match": true,
      "status": "pass",
      "error": ""
    },
    {
      "worker_id": 4,
      "times_ms": [
        3758.6906620017544,
        3860.0056010000117,
        3838.717299000564,
        3780.457265998848,
        3904.191386001912
      ],
      "trimmed_mean_ms": 3826.3933886664745,
      "speedup": 0.9908333985113889,
      "row_count": 1,
      "rows_match": true,
      "status": "pass",
      "error": ""
    }
  ],
  "best_worker_id": 4,
  "best_speedup": 0.9908333985113889,
  "exited": false
}