{
  "query_id": "query_26",
  "baseline_times_ms": [
    351.4060850002352,
    202.0097300000998,
    201.98491599967383,
    184.82875900008366,
    183.02252600005886
  ],
  "baseline_trimmed_mean_ms": 196.27446833328577,
  "baseline_row_count": 100,
  "workers": [
    {
      "worker_id": 1,
      "times_ms": [
        206.0142909995193,
        193.40464400011115,
        196.48869800039392,
        183.17250200016133,
        184.45558800067374
      ],
      "trimmed_mean_ms": 191.44964333372627,
      "speedup": 1.0252015355868231,
      "row_count": 100,
      "rows_match": true,
      "status": "pass",
      "error": ""
    },
    {
      "worker_id": 2,
      "times_ms": [
        181.34983100026147,
        182.87653699917428,
        191.21051999991323,
        192.17231599941442,
        202.2512449993883
      ],
      "trimmed_mean_ms": 188.75312433283398,
      "speedup": 1.0398475205485298,
      "row_count": 100,
      "rows_match": true,
      "status": "pass",
      "error": ""
    },
    {
      "worker_id": 3,
      "times_ms": [
        227.49933999966743,
        194.47415299964632,
        237.76255899974785,
        194.01918000039586,
        207.66846799961058
      ],
      "trimmed_mean_ms": 209.88065366630812,
      "speedup": 0.935171798375209,
      "row_count": 100,
      "rows_match": true,
      "status": "pass",
      "error": ""
    },
    {
      "worker_id": 4,
      "times_ms": [
        392.4732049999875,
        417.44373199981055,
        358.0779080002685,
        395.5448010001419,
        359.0691990002597
      ],
      "trimmed_mean_ms": 382.36240166679636,
      "speedup": 0.5133205238739086,
      "row_count": 100,
      "rows_match": true,
      "status": "pass",
      "error": ""
    }
  ],
  "best_worker_id": 2,
  "best_speedup": 1.0398475205485298,
  "exited": false
}