{
  "query_id": "query_2",
  "baseline_times_ms": [
    936.6536889992858,
    613.8913750000938,
    578.413481998723,
    606.4455829982762,
    599.5620479989157
  ],
  "baseline_trimmed_mean_ms": 606.6330019990952,
  "baseline_row_count": 2513,
  "workers": [
    {
      "worker_id": 6,
      "times_ms": [
        320.34654499875614,
        324.1890079989389,
        354.5844099990063,
        327.2208269991097,
        343.1413149992295
      ],
      "trimmed_mean_ms": 331.5170499990927,
      "speedup": 1.829869691470636,
      "row_count": 52,
      "rows_match": false,
      "status": "fail",
      "error": ""
    }
  ],
  "best_worker_id": 0,
  "best_speedup": 0.0,
  "exited": false
}