{
  "query_id": "query_24",
  "baseline_times_ms": [
    1243.7753019994489,
    914.5518670002275,
    869.6232180000152,
    902.9964869996547,
    832.9631249998783
  ],
  "baseline_trimmed_mean_ms": 895.7238573332992,
  "baseline_row_count": 0,
  "workers": [
    {
      "worker_id": 1,
      "times_ms": [],
      "trimmed_mean_ms": 0,
      "speedup": 0,
      "row_count": 0,
      "rows_match": false,
      "status": "error",
      "error": "Binder Error: Referenced table \"s\" not found!\nCandidate tables: \"ss\", \"sr\"\n\nLINE 71:     s.s_state,\n             ^"
    },
    {
      "worker_id": 2,
      "times_ms": [
        452.08301799993933,
        450.5415179992269,
        483.1181950003156,
        464.5393279997734,
        468.95742600008816
      ],
      "trimmed_mean_ms": 461.85992399993364,
      "speedup": 1.9393842392210412,
      "row_count": 1,
      "rows_match": false,
      "status": "fail",
      "error": ""
    },
    {
      "worker_id": 3,
      "times_ms": [
        1134.1669240000556,
        1161.5634739991947,
        1148.0961779998324,
        1144.7282620001715,
        1111.5019709995977
      ],
      "trimmed_mean_ms": 1142.3304546666866,
      "speedup": 0.7841197384470125,
      "row_count": 1,
      "rows_match": false,
      "status": "fail",
      "error": ""
    },
    {
      "worker_id": 4,
      "times_ms": [],
      "trimmed_mean_ms": 0,
      "speedup": 0,
      "row_count": 0,
      "rows_match": false,
      "status": "error",
      "error": "Binder Error: column threshold must appear in the GROUP BY clause or be used in an aggregate function"
    }
  ],
  "best_worker_id": 0,
  "best_speedup": 0.0,
  "exited": false
}