{
  "source": "swarm_w4",
  "original_path": "/mnt/c/Users/jakc9/Documents/QueryTorque_V8/packages/qt-sql/qt_sql/benchmarks/duckdb_tpcds/queries/query_68.sql",
  "optimized_path": "/mnt/c/Users/jakc9/Documents/QueryTorque_V8/packages/qt-sql/qt_sql/benchmarks/duckdb_tpcds/swarm_batch_20260208_102033/query_68/worker_4_sql.sql",
  "benchmark_iters": {
    "benchmark_iter0": {
      "query_id": "query_68",
      "baseline_times_ms": [
        803.2006749999709,
        563.7856840003224,
        624.0444569993997,
        582.02200300002,
        596.0020789998453
      ],
      "baseline_trimmed_mean_ms": 600.689512999755,
      "baseline_row_count": 100,
      "workers": [
        {
          "worker_id": 1,
          "times_ms": [
            543.0682920004983,
            550.1727439996102,
            541.4099180006815,
            558.1683099999282,
            539.6833919994606
          ],
          "trimmed_mean_ms": 544.8836513335967,
          "speedup": 1.1024179410220403,
          "row_count": 100,
          "rows_match": true,
          "status": "pass",
          "error": ""
        },
        {
          "worker_id": 2,
          "times_ms": [
            516.7320509999627,
            546.1405100004413,
            528.2331340004021,
            557.035851999899,
            554.2500430001382
          ],
          "trimmed_mean_ms": 542.8745623336605,
          "speedup": 1.1064978075553307,
          "row_count": 100,
          "rows_match": true,
          "status": "pass",
          "error": ""
        },
        {
          "worker_id": 3,
          "times_ms": [
            567.0415959993989,
            542.7465380007561,
            575.9665830000813,
            487.8238430001147,
            534.1994159998649
          ],
          "trimmed_mean_ms": 547.9958500000066,
          "speedup": 1.0961570475392246,
          "row_count": 100,
          "rows_match": true,
          "status": "pass",
          "error": ""
        },
        {
          "worker_id": 4,
          "times_ms": [
            856.0177050003404,
            858.3575900001961,
            885.6907119998141,
            937.008287000026,
            929.2624730005627
          ],
          "trimmed_mean_ms": 891.1035916668576,
          "speedup": 0.6740961641464521,
          "row_count": 100,
          "rows_match": true,
          "status": "pass",
          "error": ""
        }
      ],
      "best_worker_id": 2,
      "best_speedup": 1.1064978075553307,
      "exited": false
    },
    "benchmark_iter1": {
      "query_id": "query_68",
      "baseline_times_ms": [
        1141.628106999633,
        595.3837059987563,
        551.0977630001435,
        590.4047410003841,
        607.3611639985756
      ],
      "baseline_trimmed_mean_ms": 597.7165369992387,
      "baseline_row_count": 100,
      "workers": [
        {
          "worker_id": 5,
          "times_ms": [
            506.4444910003658,
            513.0555790001381,
            511.0456359998352,
            550.1556760009407,
            495.2630829993723
          ],
          "trimmed_mean_ms": 510.18190200011304,
          "speedup": 1.1715753433352998,
          "row_count": 100,
          "rows_match": true,
          "status": "pass",
          "error": ""
        }
      ],
      "best_worker_id": 5,
      "best_speedup": 1.1715753433352998,
      "exited": false
    },
    "benchmark_iter2": {
      "query_id": "query_68",
      "baseline_times_ms": [
        749.9302619999071,
        523.7170410000545,
        471.00413799853413,
        508.5060270012036,
        517.6554909994593
      ],
      "baseline_trimmed_mean_ms": 516.6261863335725,
      "baseline_row_count": 100,
      "workers": [
        {
          "worker_id": 6,
          "times_ms": [
            510.88501599951996,
            550.4506010001933,
            527.3610620006366,
            478.51133400035906,
            481.7933490012365
          ],
          "trimmed_mean_ms": 506.67980900046433,
          "speedup": 1.0196304987023848,
          "row_count": 100,
          "rows_match": true,
          "status": "pass",
          "error": ""
        }
      ],
      "best_worker_id": 6,
      "best_speedup": 1.0196304987023848,
      "exited": false
    }
  }
}