{
  "query_id": "query_76",
  "baseline_times_ms": [
    577.582108999195,
    346.8485970006441,
    319.5077889995446,
    362.36241799997515,
    353.52742000031867
  ],
  "baseline_trimmed_mean_ms": 354.24614500031265,
  "baseline_row_count": 100,
  "workers": [
    {
      "worker_id": 5,
      "times_ms": [
        345.35621400027594,
        325.7321609999053,
        331.74545600013516,
        339.79205600007845,
        324.1170629989938
      ],
      "trimmed_mean_ms": 332.42322433337296,
      "speedup": 1.065648002514573,
      "row_count": 100,
      "rows_match": true,
      "status": "pass",
      "error": ""
    }
  ],
  "best_worker_id": 5,
  "best_speedup": 1.065648002514573,
  "exited": false
}