{
  "source": "swarm_w2",
  "original_path": "/mnt/c/Users/jakc9/Documents/QueryTorque_V8/packages/qt-sql/qt_sql/benchmarks/duckdb_tpcds/queries/query_21.sql",
  "optimized_path": "/mnt/c/Users/jakc9/Documents/QueryTorque_V8/packages/qt-sql/qt_sql/benchmarks/duckdb_tpcds/swarm_batch_20260208_102033/query_21/worker_2_sql.sql",
  "benchmark_iters": {
    "benchmark_iter0": {
      "query_id": "query_21",
      "baseline_times_ms": [
        141.28540000001522,
        57.28017199999158,
        65.30945599934057,
        54.93182000009256,
        63.69969600018521
      ],
      "baseline_trimmed_mean_ms": 62.09644133317246,
      "baseline_row_count": 100,
      "workers": [
        {
          "worker_id": 1,
          "times_ms": [
            61.46780699964438,
            60.370498999873234,
            56.858006999391364,
            60.77258899949811,
            63.561906999893836
          ],
          "trimmed_mean_ms": 60.870298333005245,
          "speedup": 1.0201435352503008,
          "row_count": 100,
          "rows_match": true,
          "status": "pass",
          "error": ""
        },
        {
          "worker_id": 2,
          "times_ms": [
            55.72964899965882,
            61.58002099982696,
            57.53676599942992,
            60.66896199990879,
            58.670689000791754
          ],
          "trimmed_mean_ms": 58.958805666710155,
          "speedup": 1.0532174224186142,
          "row_count": 100,
          "rows_match": true,
          "status": "pass",
          "error": ""
        },
        {
          "worker_id": 3,
          "times_ms": [
            58.10804399970948,
            61.229293999531365,
            90.33636399999523,
            60.49286100005702,
            74.28184499985946
          ],
          "trimmed_mean_ms": 65.33466666648262,
          "speedup": 0.9504363380341327,
          "row_count": 100,
          "rows_match": true,
          "status": "pass",
          "error": ""
        },
        {
          "worker_id": 4,
          "times_ms": [
            72.84063199949742,
            59.9967550006113,
            65.71692299985443,
            66.78601299972797,
            62.798539999675995
          ],
          "trimmed_mean_ms": 65.1004919997528,
          "speedup": 0.9538551772144556,
          "row_count": 100,
          "rows_match": true,
          "status": "pass",
          "error": ""
        }
      ],
      "best_worker_id": 2,
      "best_speedup": 1.0532174224186142,
      "exited": false
    },
    "benchmark_iter1": {
      "query_id": "query_21",
      "baseline_times_ms": [
        143.45339500050613,
        71.831991000181,
        71.9072319998304,
        66.38459500027238,
        63.052518000404234
      ],
      "baseline_trimmed_mean_ms": 70.04127266676126,
      "baseline_row_count": 100,
      "workers": [
        {
          "worker_id": 5,
          "times_ms": [
            60.43664499975421,
            62.38145800034545,
            63.81637599952228,
            58.32884399933391,
            63.56176500048605
          ],
          "trimmed_mean_ms": 62.1266226668619,
          "speedup": 1.1273954652635738,
          "row_count": 100,
          "rows_match": true,
          "status": "pass",
          "error": ""
        }
      ],
      "best_worker_id": 5,
      "best_speedup": 1.1273954652635738,
      "exited": false
    },
    "benchmark_iter2": {
      "query_id": "query_21",
      "baseline_times_ms": [
        135.4762840001058,
        62.852797000232385,
        55.9444579994306,
        60.24265699852549,
        58.14086499958648
      ],
      "baseline_trimmed_mean_ms": 60.412106332781455,
      "baseline_row_count": 100,
      "workers": [
        {
          "worker_id": 6,
          "times_ms": [
            63.179720998959965,
            57.75372400057677,
            56.12619900057325,
            57.26260199844546,
            60.852450000311364
          ],
          "trimmed_mean_ms": 58.6229253331112,
          "speedup": 1.030520158956648,
          "row_count": 100,
          "rows_match": true,
          "status": "pass",
          "error": ""
        }
      ],
      "best_worker_id": 6,
      "best_speedup": 1.030520158956648,
      "exited": false
    }
  }
}