{
  "query_id": "query_64",
  "baseline_times_ms": [
    2785.064446999968,
    1490.6130870003835,
    1460.6983969988505,
    1530.1893619998737,
    1370.920291999937
  ],
  "baseline_trimmed_mean_ms": 1493.8336153330358,
  "baseline_row_count": 3,
  "workers": [
    {
      "worker_id": 5,
      "times_ms": [
        1310.0426880009763,
        1410.4365629991662,
        1313.4434209987376,
        1280.8425999992323,
        1401.7399049989763
      ],
      "trimmed_mean_ms": 1341.74200466623,
      "speedup": 1.1133538416013442,
      "row_count": 3,
      "rows_match": true,
      "status": "pass",
      "error": ""
    }
  ],
  "best_worker_id": 5,
  "best_speedup": 1.1133538416013442,
  "exited": false
}