{
  "query_id": "query_57",
  "baseline_times_ms": [
    884.3148819996713,
    682.0744090000517,
    629.2013569982373,
    624.0027469993947,
    699.4483119997312
  ],
  "baseline_trimmed_mean_ms": 670.2413593326734,
  "baseline_row_count": 100,
  "workers": [
    {
      "worker_id": 5,
      "times_ms": [
        456.77295699897513,
        507.34872600150993,
        443.77528599943616,
        424.6420389990817,
        451.71320700137585
      ],
      "trimmed_mean_ms": 450.7538166665957,
      "speedup": 1.4869344075425184,
      "row_count": 100,
      "rows_match": true,
      "status": "pass",
      "error": ""
    }
  ],
  "best_worker_id": 5,
  "best_speedup": 1.4869344075425184,
  "exited": false
}