{
  "query_id": "query_57",
  "baseline_times_ms": [
    801.5098719997695,
    664.1894799995498,
    734.9207320003188,
    796.922829000323,
    649.3533689999822
  ],
  "baseline_trimmed_mean_ms": 732.0110136667305,
  "baseline_row_count": 100,
  "workers": [
    {
      "worker_id": 1,
      "times_ms": [
        679.1129410003123,
        652.1850810004253,
        604.2336939999586,
        605.6678720005948,
        632.8717890000917
      ],
      "trimmed_mean_ms": 630.2415806670373,
      "speedup": 1.1614768623993075,
      "row_count": 100,
      "rows_match": true,
      "status": "pass",
      "error": ""
    },
    {
      "worker_id": 2,
      "times_ms": [
        695.3688179992241,
        689.0809970000191,
        617.1112530000755,
        675.1531820000309,
        624.105774999407
      ],
      "trimmed_mean_ms": 662.7799846664857,
      "speedup": 1.1044555215937641,
      "row_count": 100,
      "rows_match": true,
      "status": "pass",
      "error": ""
    },
    {
      "worker_id": 3,
      "times_ms": [
        744.368337999731,
        617.34172999968,
        691.8494869996721,
        763.0820169997605,
        676.2317189995883
      ],
      "trimmed_mean_ms": 704.1498479996638,
      "speedup": 1.0395670974668447,
      "row_count": 100,
      "rows_match": true,
      "status": "pass",
      "error": ""
    },
    {
      "worker_id": 4,
      "times_ms": [
        1047.9772499993487,
        1019.4045469997945,
        1035.827118999805,
        1012.237350999385,
        1001.6893560004974
      ],
      "trimmed_mean_ms": 1022.4896723329948,
      "speedup": 0.7159104228373429,
      "row_count": 100,
      "rows_match": true,
      "status": "pass",
      "error": ""
    }
  ],
  "best_worker_id": 1,
  "best_speedup": 1.1614768623993075,
  "exited": false
}