{
  "source": "swarm_w2",
  "original_path": "/mnt/c/Users/jakc9/Documents/QueryTorque_V8/packages/qt-sql/qt_sql/benchmarks/duckdb_tpcds/queries/query_96.sql",
  "optimized_path": "/mnt/c/Users/jakc9/Documents/QueryTorque_V8/packages/qt-sql/qt_sql/benchmarks/duckdb_tpcds/swarm_batch_20260208_102033/query_96/worker_2_sql.sql",
  "benchmark_iters": {
    "benchmark_iter0": {
      "query_id": "query_96",
      "baseline_times_ms": [
        181.07891799991194,
        189.2143049999504,
        173.30892600057268,
        174.8729959999764,
        164.77803599991603
      ],
      "baseline_trimmed_mean_ms": 176.42028000015367,
      "baseline_row_count": 1,
      "workers": [
        {
          "worker_id": 1,
          "times_ms": [
            173.97880200041982,
            184.28639600006136,
            182.63489699984348,
            178.2699710001907,
            185.83254399982252
          ],
          "trimmed_mean_ms": 181.73042133336517,
          "speedup": 0.9707801187371342,
          "row_count": 1,
          "rows_match": true,
          "status": "pass",
          "error": ""
        },
        {
          "worker_id": 2,
          "times_ms": [
            201.04389999960404,
            194.35426900054154,
            172.77928200019232,
            200.2543800008425,
            184.3645369999649
          ],
          "trimmed_mean_ms": 192.99106200044966,
          "speedup": 0.9141370495165347,
          "row_count": 1,
          "rows_match": true,
          "status": "pass",
          "error": ""
        },
        {
          "worker_id": 3,
          "times_ms": [
            176.1407899994083,
            172.2886749994359,
            205.51214599981904,
            221.56998900027247,
            176.98828599986882
          ],
          "trimmed_mean_ms": 186.2137406663654,
          "speedup": 0.9474074220776305,
          "row_count": 1,
          "rows_match": true,
          "status": "pass",
          "error": ""
        },
        {
          "worker_id": 4,
          "times_ms": [
            171.7016689999582,
            164.67224699954386,
            173.52645000028133,
            184.3740029999026,
            181.86487500042858
          ],
          "trimmed_mean_ms": 175.69766466688938,
          "speedup": 1.0041128340244836,
          "row_count": 1,
          "rows_match": true,
          "status": "pass",
          "error": ""
        }
      ],
      "best_worker_id": 4,
      "best_speedup": 1.0041128340244836,
      "exited": false
    },
    "benchmark_iter1": {
      "query_id": "query_96",
      "baseline_times_ms": [
        232.9616819988587,
        303.4321260001889,
        276.67769500112627,
        196.54441199963912,
        194.80257999930473
      ],
      "baseline_trimmed_mean_ms": 235.39459633320803,
      "baseline_row_count": 1,
      "workers": [
        {
          "worker_id": 5,
          "times_ms": [
            194.34111900045536,
            252.5788900002226,
            217.37449700049183,
            303.02108000068984,
            245.1062260006438
          ],
          "trimmed_mean_ms": 238.35320433378607,
          "speedup": 0.987587295044564,
          "row_count": 1,
          "rows_match": true,
          "status": "pass",
          "error": ""
        }
      ],
      "best_worker_id": 5,
      "best_speedup": 0.987587295044564,
      "exited": false
    },
    "benchmark_iter2": {
      "query_id": "query_96",
      "baseline_times_ms": [
        180.71269099891651,
        186.49354800072615,
        180.23106699911295,
        191.0327679997863,
        190.23170500076958
      ],
      "baseline_trimmed_mean_ms": 185.81264800013741,
      "baseline_row_count": 1,
      "workers": [
        {
          "worker_id": 6,
          "times_ms": [
            1190.167692000614,
            1041.7179870000837,
            979.6532899999875,
            1033.4624009992694,
            1043.4374699998443
          ],
          "trimmed_mean_ms": 1039.5392859997326,
          "speedup": 0.1787451907807794,
          "row_count": 1,
          "rows_match": true,
          "status": "pass",
          "error": ""
        }
      ],
      "best_worker_id": 6,
      "best_speedup": 0.1787451907807794,
      "exited": false
    }
  }
}