{
  "source": "swarm_w4",
  "original_path": "/mnt/c/Users/jakc9/Documents/QueryTorque_V8/packages/qt-sql/qt_sql/benchmarks/duckdb_tpcds/queries/query_95.sql",
  "optimized_path": "/mnt/c/Users/jakc9/Documents/QueryTorque_V8/packages/qt-sql/qt_sql/benchmarks/duckdb_tpcds/swarm_batch_20260208_102033/query_95/worker_4_sql.sql",
  "benchmark_iters": {
    "benchmark_iter0": {
      "query_id": "query_95",
      "baseline_times_ms": [
        2822.0214319999286,
        2869.0736090002247,
        2767.2958050006855,
        2758.7628889996267,
        2763.331967999875
      ],
      "baseline_trimmed_mean_ms": 2784.21640166683,
      "baseline_row_count": 1,
      "workers": [
        {
          "worker_id": 1,
          "times_ms": [
            2399.041448999924,
            2436.1907380007324,
            2437.6845910001066,
            2399.960318000012,
            2399.573192999924
          ],
          "trimmed_mean_ms": 2411.9080830002226,
          "speedup": 1.1543625651784728,
          "row_count": 1,
          "rows_match": true,
          "status": "pass",
          "error": ""
        },
        {
          "worker_id": 2,
          "times_ms": [
            2732.6334190001944,
            2663.706035999894,
            2861.495155000739,
            2739.8769799992806,
            2973.3518929997445
          ],
          "trimmed_mean_ms": 2778.001851333405,
          "speedup": 1.0022370576644657,
          "row_count": 1,
          "rows_match": true,
          "status": "pass",
          "error": ""
        },
        {
          "worker_id": 3,
          "times_ms": [
            564.5006830000057,
            587.0054570004868,
            595.3659150000021,
            599.8203440003635,
            622.0304230000693
          ],
          "trimmed_mean_ms": 594.0639053336175,
          "speedup": 4.686728778957299,
          "row_count": 1,
          "rows_match": true,
          "status": "pass",
          "error": ""
        },
        {
          "worker_id": 4,
          "times_ms": [
            4020.815634000428,
            3743.5053219996917,
            3825.602037999488,
            3755.962748999991,
            3677.467009000793
          ],
          "trimmed_mean_ms": 3775.0233696663904,
          "speedup": 0.7375362028322698,
          "row_count": 1,
          "rows_match": true,
          "status": "pass",
          "error": ""
        }
      ],
      "best_worker_id": 3,
      "best_speedup": 4.686728778957299,
      "exited": true
    }
  }
}