{
  "source": "swarm_final",
  "original_path": "/mnt/c/Users/jakc9/Documents/QueryTorque_V8/packages/qt-sql/qt_sql/benchmarks/duckdb_tpcds/queries/query_9.sql",
  "optimized_path": "/mnt/c/Users/jakc9/Documents/QueryTorque_V8/packages/qt-sql/qt_sql/benchmarks/duckdb_tpcds/swarm_batch_20260208_102033/query_9/final_worker_sql.sql",
  "benchmark_iters": {
    "benchmark_iter0": {
      "query_id": "query_9",
      "baseline_times_ms": [
        1441.491254999164,
        1498.1705449999936,
        1453.887594000662,
        1379.1986620008174,
        1448.9716759999283
      ],
      "baseline_trimmed_mean_ms": 1448.1168416665848,
      "baseline_row_count": 1,
      "workers": [
        {
          "worker_id": 1,
          "times_ms": [
            3487.502186999336,
            3432.560369999919,
            3403.5712209997655,
            3170.3839500005415,
            3399.08487699995
          ],
          "trimmed_mean_ms": 3411.738822666545,
          "speedup": 0.4244512598812492,
          "row_count": 1,
          "rows_match": true,
          "status": "pass",
          "error": ""
        },
        {
          "worker_id": 2,
          "times_ms": [
            3715.9225979994517,
            3647.327736999614,
            3682.6887010001883,
            3728.0672679999043,
            3731.8677410003147
          ],
          "trimmed_mean_ms": 3708.8928556665146,
          "speedup": 0.390444506762746,
          "row_count": 1,
          "rows_match": true,
          "status": "pass",
          "error": ""
        },
        {
          "worker_id": 3,
          "times_ms": [
            5334.616033999737,
            5380.742146000557,
            5324.777335999897,
            5195.416798999759,
            5212.168752999787
          ],
          "trimmed_mean_ms": 5290.520707666474,
          "speedup": 0.2737191519859518,
          "row_count": 1,
          "rows_match": true,
          "status": "pass",
          "error": ""
        },
        {
          "worker_id": 4,
          "times_ms": [
            3762.168696000117,
            3665.7346990004953,
            3626.4928660002624,
            3666.31309100012,
            3723.825950999526
          ],
          "trimmed_mean_ms": 3685.291247000047,
          "speedup": 0.3929450197037755,
          "row_count": 1,
          "rows_match": true,
          "status": "pass",
          "error": ""
        }
      ],
      "best_worker_id": 1,
      "best_speedup": 0.4244512598812492,
      "exited": false
    },
    "benchmark_iter1": {
      "query_id": "query_9",
      "baseline_times_ms": [
        1953.5947479998867,
        1733.0152359991189,
        2024.6844600005716,
        1565.181300000404,
        1614.472522000142
      ],
      "baseline_trimmed_mean_ms": 1767.027501999716,
      "baseline_row_count": 1,
      "workers": [
        {
          "worker_id": 5,
          "times_ms": [
            4651.283266999599,
            4378.576474999136,
            3849.8480600010225,
            3904.7174910010654,
            4698.595756999566
          ],
          "trimmed_mean_ms": 4311.525744333267,
          "speedup": 0.40983809602022186,
          "row_count": 1,
          "rows_match": true,
          "status": "pass",
          "error": ""
        }
      ],
      "best_worker_id": 5,
      "best_speedup": 0.40983809602022186,
      "exited": false
    },
    "benchmark_iter2": {
      "query_id": "query_9",
      "baseline_times_ms": [
        1346.0422700009076,
        1342.6475689993822,
        1343.6436169995432,
        1550.5822550003359,
        1408.4761619997153
      ],
      "baseline_trimmed_mean_ms": 1366.0540163333887,
      "baseline_row_count": 1,
      "workers": [
        {
          "worker_id": 6,
          "times_ms": [],
          "trimmed_mean_ms": 0,
          "speedup": 0,
          "row_count": 0,
          "rows_match": false,
          "status": "error",
          "error": "Catalog Error: unrecognized configuration parameter \"enable_verification\"\n\nDid you mean: \"enable_profiling\""
        }
      ],
      "best_worker_id": 0,
      "best_speedup": 0.0,
      "exited": false
    }
  }
}