{
  "query_id": "query_81",
  "baseline_times_ms": [
    166.26581799937412,
    129.3054320012743,
    126.30356499903428,
    130.75282300087565,
    139.25936600026034
  ],
  "baseline_trimmed_mean_ms": 133.1058736674701,
  "baseline_row_count": 100,
  "workers": [
    {
      "worker_id": 6,
      "times_ms": [
        150.02245600044262,
        140.7675909995305,
        135.86574399960227,
        136.486335999507,
        135.23520399940026
      ],
      "trimmed_mean_ms": 137.7065569995466,
      "speedup": 0.9665906734412679,
      "row_count": 100,
      "rows_match": true,
      "status": "pass",
      "error": ""
    }
  ],
  "best_worker_id": 6,
  "best_speedup": 0.9665906734412679,
  "exited": false
}