{
  "query": "Q17",
  "strategy": "predicate_transitivity_3table_sk_pushdown",
  "date_sk_ranges": {
    "ss_sold_date_sk": [
      2451911,
      2452001
    ],
    "sr_returned_date_sk": [
      2451911,
      2452184
    ],
    "cs_sold_date_sk": [
      2451911,
      2452184
    ]
  },
  "optimized": {
    "all_ms": [
      215051.23657700096,
      213580.1990459986,
      211322.91428999815,
      207640.96779800093,
      205638.87444699867
    ],
    "trimmed_mean_ms": 210848.02704466588,
    "rows": 100
  },
  "original": {
    "all_ms": [
      286899.36360200227,
      200442.59989499915,
      203310.88763399748,
      205381.85563500156,
      205789.46279299998
    ],
    "trimmed_mean_ms": 204827.40202066637,
    "rows": 100
  },
  "speedup": 0.9714456658267705,
  "verdict": "NEUTRAL"
}