{
  "query": "Q2",
  "strategy": "sk_pushdown_into_union_all",
  "date_sk_range": [
    2450815,
    2451544
  ],
  "original": {
    "all_ms": [
      239656.4994649998,
      227817.256129998,
      228781.37378999963,
      231000.50233799993,
      229759.9152090006
    ],
    "trimmed_mean_ms": 229847.26377900006,
    "rows": 2513
  },
  "optimized": {
    "all_ms": [
      109676.04881800071,
      106061.09223699968,
      110664.7809620008,
      108208.95649100203,
      94218.04444200097
    ],
    "trimmed_mean_ms": 107982.03251533414,
    "rows": 2513
  },
  "speedup": 2.12856952610482,
  "verdict": "WIN"
}