{
  "query": "Q56",
  "strategy": "predicate_transitivity_3fact_sk_pushdown",
  "date_sk_range": [
    2451576,
    2451604
  ],
  "original": {
    "all_ms": [
      10374.091356999998,
      10553.337725999882,
      10080.313082999055,
      9953.406463002466,
      10246.328119999816
    ],
    "trimmed_mean_ms": 10233.577519999622,
    "rows": 100
  },
  "optimized": {
    "all_ms": [
      8669.583622002392,
      8691.280856000958,
      8828.792812000756,
      8963.209017001645,
      8543.120490001456
    ],
    "trimmed_mean_ms": 8729.885763334702,
    "rows": 100
  },
  "speedup": 1.1722464414116835,
  "verdict": "WIN"
}