{
  "query_id": "query101_agg",
  "baseline_times_ms": [
    22045.252457999595,
    22826.89996300178,
    24527.87781599909,
    22823.981425000966,
    24324.064894000912
  ],
  "baseline_trimmed_mean_ms": 23324.982094001218,
  "baseline_row_count": 0,
  "workers": [
    {
      "worker_id": 5,
      "times_ms": [
        4548.227193001367,
        4529.814030000125,
        4290.36921900115,
        4646.78172999993,
        4300.163468000392
      ],
      "trimmed_mean_ms": 4459.401563667295,
      "speedup": 5.230518436383954,
      "row_count": 0,
      "rows_match": true,
      "status": "pass",
      "error": ""
    }
  ],
  "best_worker_id": 5,
  "best_speedup": 5.230518436383954,
  "exited": true
}