{
  "query_id": "query_42",
  "baseline_times_ms": [
    1032.8912790000686,
    148.90410499992868,
    170.7646000004388,
    153.94261900019046,
    154.76719300022523
  ],
  "baseline_trimmed_mean_ms": 159.82480400028484,
  "baseline_row_count": 11,
  "workers": [
    {
      "worker_id": 6,
      "times_ms": [
        175.1863149993369,
        166.20383000008587,
        165.44161199999508,
        156.3128850002613,
        214.70942099949752
      ],
      "trimmed_mean_ms": 168.94391899980596,
      "speedup": 0.9460228278501602,
      "row_count": 11,
      "rows_match": true,
      "status": "pass",
      "error": ""
    }
  ],
  "best_worker_id": 6,
  "best_speedup": 0.9460228278501602,
  "exited": false
}