{
  "query_id": "query_42",
  "baseline_times_ms": [
    923.9007469996068,
    136.21902300019428,
    140.34942900070746,
    137.45847400059574,
    135.94887599992944
  ],
  "baseline_trimmed_mean_ms": 138.0089753338325,
  "baseline_row_count": 11,
  "workers": [
    {
      "worker_id": 5,
      "times_ms": [
        141.5339959994526,
        149.87632400061557,
        145.8318729992243,
        136.32064800003718,
        137.53494899992802
      ],
      "trimmed_mean_ms": 141.63360599953498,
      "speedup": 0.9744083994746672,
      "row_count": 11,
      "rows_match": true,
      "status": "pass",
      "error": ""
    }
  ],
  "best_worker_id": 5,
  "best_speedup": 0.9744083994746672,
  "exited": false
}