{
  "query_id": "query_11",
  "baseline_times_ms": [
    5120.587692999834,
    3033.869276000587,
    3209.9405680000928,
    2981.134929000291,
    2980.7045850002396
  ],
  "baseline_trimmed_mean_ms": 3074.9815910003235,
  "baseline_row_count": 100,
  "workers": [
    {
      "worker_id": 5,
      "times_ms": [
        2456.4641530005247,
        2343.873416999486,
        2517.091576999519,
        2462.4484949999896,
        2499.0641159993174
      ],
      "trimmed_mean_ms": 2472.6589213332772,
      "speedup": 1.2435931071893527,
      "row_count": 100,
      "rows_match": true,
      "status": "pass",
      "error": ""
    }
  ],
  "best_worker_id": 5,
  "best_speedup": 1.2435931071893527,
  "exited": false
}