{
  "query_id": "query_93",
  "baseline_times_ms": [
    1487.6186090004921,
    1157.3162059994502,
    1257.3297119997733,
    1294.5405030004622,
    1224.2728500004887
  ],
  "baseline_trimmed_mean_ms": 1258.7143550002413,
  "baseline_row_count": 100,
  "workers": [
    {
      "worker_id": 5,
      "times_ms": [
        1547.3224710003706,
        1536.703530999148,
        1564.852086999963,
        1599.23173199968,
        1600.203039999542
      ],
      "trimmed_mean_ms": 1570.4687633333378,
      "speedup": 0.8014895834850009,
      "row_count": 100,
      "rows_match": true,
      "status": "pass",
      "error": ""
    }
  ],
  "best_worker_id": 5,
  "best_speedup": 0.8014895834850009,
  "exited": false
}