{
  "source": "swarm2_w3",
  "original_path": "/mnt/c/Users/jakc9/Documents/QueryTorque_V8/packages/qt-sql/qt_sql/benchmarks/postgres_dsb/queries/query100_spj_spj.sql",
  "optimized_path": "/mnt/c/Users/jakc9/Documents/QueryTorque_V8/packages/qt-sql/qt_sql/benchmarks/postgres_dsb/swarm_batch_20260208_142643/query100_spj_spj/worker_3_sql.sql",
  "validation": {
    "query_id": "query100_spj_spj",
    "status": "WIN",
    "best_speedup": 4.43,
    "best_worker": 4,
    "best_iteration": 0
  },
  "benchmark_iters": {
    "benchmark_iter0": {
      "query_id": "query100_spj_spj",
      "baseline_times_ms": [
        14373.994662997575,
        13465.220400001272,
        13420.61032499987,
        13494.44392499936,
        14244.743344999733
      ],
      "baseline_trimmed_mean_ms": 13734.802556666787,
      "baseline_row_count": 1,
      "workers": [
        {
          "worker_id": 1,
          "times_ms": [
            13555.738281997037,
            13687.463998001476,
            13469.681443002628,
            13325.371237999207,
            13493.706811997981
          ],
          "trimmed_mean_ms": 13506.375512332548,
          "speedup": 1.0169125346859833,
          "row_count": 1,
          "rows_match": true,
          "status": "pass",
          "error": ""
        },
        {
          "worker_id": 2,
          "times_ms": [
            13384.09780100119,
            13058.353681997687,
            13493.375377998746,
            12839.026837998972,
            12884.162559999822
          ],
          "trimmed_mean_ms": 13108.871347666232,
          "speedup": 1.0477486728185788,
          "row_count": 1,
          "rows_match": true,
          "status": "pass",
          "error": ""
        },
        {
          "worker_id": 3,
          "times_ms": [
            14032.378564999817,
            13389.771494999877,
            13830.580020003254,
            14632.42495799932,
            13302.199028999894
          ],
          "trimmed_mean_ms": 13750.910026667649,
          "speedup": 0.9988286251622894,
          "row_count": 1,
          "rows_match": true,
          "status": "pass",
          "error": ""
        },
        {
          "worker_id": 4,
          "times_ms": [
            3030.9747950013843,
            3114.4449050007097,
            3186.6321279994736,
            3129.4546260032803,
            3061.806425001123
          ],
          "trimmed_mean_ms": 3101.901985335038,
          "speedup": 4.427864781544116,
          "row_count": 1,
          "rows_match": true,
          "status": "pass",
          "error": ""
        }
      ],
      "best_worker_id": 4,
      "best_speedup": 4.427864781544116,
      "exited": true
    }
  }
}