{
  "source": "swarm_snipe",
  "original_path": "/mnt/c/Users/jakc9/Documents/QueryTorque_V8/packages/qt-sql/qt_sql/benchmarks/duckdb_tpcds/queries/query_81.sql",
  "optimized_path": "/mnt/c/Users/jakc9/Documents/QueryTorque_V8/packages/qt-sql/qt_sql/benchmarks/duckdb_tpcds/swarm_batch_20260208_102033/query_81/snipe_worker_sql.sql",
  "benchmark_iters": {
    "benchmark_iter0": {
      "query_id": "query_81",
      "baseline_times_ms": [
        178.1803800004127,
        133.35790899964195,
        143.62984699982917,
        143.54753699990397,
        137.63707099951716
      ],
      "baseline_trimmed_mean_ms": 141.60481833308344,
      "baseline_row_count": 100,
      "workers": [
        {
          "worker_id": 1,
          "times_ms": [
            155.1275230003739,
            150.08975899945654,
            163.28554499978054,
            138.2688869998674,
            145.5169399996521
          ],
          "trimmed_mean_ms": 150.24474066649418,
          "speedup": 0.9424943442606806,
          "row_count": 100,
          "rows_match": true,
          "status": "pass",
          "error": ""
        },
        {
          "worker_id": 2,
          "times_ms": [
            64.2788359991755,
            59.497105999980704,
            62.780625999948825,
            66.4395269996021,
            57.799324999905366
          ],
          "trimmed_mean_ms": 62.18552266636834,
          "speedup": 2.2771348098625417,
          "row_count": 16,
          "rows_match": false,
          "status": "fail",
          "error": ""
        },
        {
          "worker_id": 3,
          "times_ms": [],
          "trimmed_mean_ms": 0,
          "speedup": 0,
          "row_count": 0,
          "rows_match": false,
          "status": "error",
          "error": "Binder Error: Values list \"ca\" does not have a column named \"ca_street_number\"\n\nLINE 27:     ca.ca_street_number,\n             ^"
        },
        {
          "worker_id": 4,
          "times_ms": [
            147.05772799970873,
            145.70835399990756,
            143.61616800033516,
            133.1999909998558,
            164.18623400022625
          ],
          "trimmed_mean_ms": 145.46074999998382,
          "speedup": 0.9734916005389714,
          "row_count": 100,
          "rows_match": true,
          "status": "pass",
          "error": ""
        }
      ],
      "best_worker_id": 4,
      "best_speedup": 0.9734916005389714,
      "exited": false
    },
    "benchmark_iter1": {
      "query_id": "query_81",
      "baseline_times_ms": [
        250.47876799908408,
        256.7472190003173,
        226.34464299881074,
        158.80374500011385,
        161.59506700023485
      ],
      "baseline_trimmed_mean_ms": 212.80615933270988,
      "baseline_row_count": 100,
      "workers": [
        {
          "worker_id": 5,
          "times_ms": [
            176.5658189997339,
            166.10726900034933,
            161.32026500054053,
            177.9928199994174,
            145.552690999466
          ],
          "trimmed_mean_ms": 167.99778433354126,
          "speedup": 1.2667200354869352,
          "row_count": 100,
          "rows_match": true,
          "status": "pass",
          "error": ""
        }
      ],
      "best_worker_id": 5,
      "best_speedup": 1.2667200354869352,
      "exited": false
    },
    "benchmark_iter2": {
      "query_id": "query_81",
      "baseline_times_ms": [
        166.26581799937412,
        129.3054320012743,
        126.30356499903428,
        130.75282300087565,
        139.25936600026034
      ],
      "baseline_trimmed_mean_ms": 133.1058736674701,
      "baseline_row_count": 100,
      "workers": [
        {
          "worker_id": 6,
          "times_ms": [
            150.02245600044262,
            140.7675909995305,
            135.86574399960227,
            136.486335999507,
            135.23520399940026
          ],
          "trimmed_mean_ms": 137.7065569995466,
          "speedup": 0.9665906734412679,
          "row_count": 100,
          "rows_match": true,
          "status": "pass",
          "error": ""
        }
      ],
      "best_worker_id": 6,
      "best_speedup": 0.9665906734412679,
      "exited": false
    }
  }
}