{
  "query_id": "query091_agg",
  "baseline_times_ms": [
    1455.4869120001968,
    1226.724872001796,
    1189.9177619998227,
    1057.452368997474,
    1192.5343920011073
  ],
  "baseline_trimmed_mean_ms": 1203.0590086675754,
  "baseline_row_count": 0,
  "workers": [
    {
      "worker_id": 5,
      "times_ms": [
        2155.969642997661,
        2253.9394260020345,
        2217.1762910002144,
        2192.8834249993088,
        2245.0759339990327
      ],
      "trimmed_mean_ms": 2218.378549999519,
      "speedup": 0.5423145696517109,
      "row_count": 0,
      "rows_match": true,
      "status": "pass",
      "error": ""
    }
  ],
  "best_worker_id": 5,
  "best_speedup": 0.5423145696517109,
  "exited": false
}