{
  "query_id": "query091_agg",
  "baseline_times_ms": [
    1340.9007109985396,
    991.6136220017506,
    929.6731739996176,
    927.819496999291,
    914.2446169971663
  ],
  "baseline_trimmed_mean_ms": 949.7020976668864,
  "baseline_row_count": 0,
  "workers": [
    {
      "worker_id": 1,
      "times_ms": [
        895.41980300055,
        904.0088809997542,
        910.084489001747,
        902.2175409991178,
        868.6155150026025
      ],
      "trimmed_mean_ms": 900.548741666474,
      "speedup": 1.0545815609152411,
      "row_count": 0,
      "rows_match": true,
      "status": "pass",
      "error": ""
    },
    {
      "worker_id": 2,
      "times_ms": [],
      "trimmed_mean_ms": 0,
      "speedup": 0,
      "row_count": 0,
      "rows_match": false,
      "status": "error",
      "error": "column \"cd_marital_status\" does not exist\nLINE 43:     cd_marital_status,\n             ^\n"
    },
    {
      "worker_id": 3,
      "times_ms": [
        891.6331189975608,
        899.911720000091,
        895.0073470005009,
        905.2063330018427,
        861.0383679988445
      ],
      "trimmed_mean_ms": 895.5173953327176,
      "speedup": 1.0605065882768667,
      "row_count": 0,
      "rows_match": true,
      "status": "pass",
      "error": ""
    },
    {
      "worker_id": 4,
      "times_ms": [
        3561.6053249977995,
        3385.2519810025115,
        3525.8307910007716,
        3471.663444001024,
        3452.4718950015085
      ],
      "trimmed_mean_ms": 3483.3220433344345,
      "speedup": 0.27264263420150997,
      "row_count": 0,
      "rows_match": true,
      "status": "pass",
      "error": ""
    }
  ],
  "best_worker_id": 3,
  "best_speedup": 1.0605065882768667,
  "exited": false
}