{
  "source": "swarm_final",
  "original_path": "/mnt/c/Users/jakc9/Documents/QueryTorque_V8/packages/qt-sql/qt_sql/benchmarks/duckdb_tpcds/queries/query_30.sql",
  "optimized_path": "/mnt/c/Users/jakc9/Documents/QueryTorque_V8/packages/qt-sql/qt_sql/benchmarks/duckdb_tpcds/swarm_batch_20260208_102033/query_30/final_worker_sql.sql",
  "benchmark_iters": {
    "benchmark_iter0": {
      "query_id": "query_30",
      "baseline_times_ms": [
        198.86734200008505,
        112.52270100067108,
        102.74661899984494,
        105.42122300012124,
        109.80405299960694
      ],
      "baseline_trimmed_mean_ms": 109.24932566679975,
      "baseline_row_count": 100,
      "workers": [
        {
          "worker_id": 1,
          "times_ms": [
            57.78638499941735,
            56.50219700055459,
            55.77082000036171,
            63.87370999982522,
            53.739064000183134
          ],
          "trimmed_mean_ms": 56.68646733344455,
          "speedup": 1.9272558479286916,
          "row_count": 28,
          "rows_match": false,
          "status": "fail",
          "error": ""
        },
        {
          "worker_id": 2,
          "times_ms": [
            96.8509879994599,
            92.60535300018091,
            93.11328800049523,
            94.81194500040147,
            90.41786699981458
          ],
          "trimmed_mean_ms": 93.51019533369254,
          "speedup": 1.1683145915473911,
          "row_count": 100,
          "rows_match": true,
          "status": "pass",
          "error": ""
        },
        {
          "worker_id": 3,
          "times_ms": [
            55.74453600002016,
            54.893852000532206,
            54.086203999759164,
            55.29712499992456,
            60.24638500002766
          ],
          "trimmed_mean_ms": 55.311837666825646,
          "speedup": 1.9751527028422013,
          "row_count": 28,
          "rows_match": false,
          "status": "fail",
          "error": ""
        },
        {
          "worker_id": 4,
          "times_ms": [
            95.02250300010928,
            104.5941579995997,
            92.3834249997526,
            95.41098000045167,
            93.46392099996592
          ],
          "trimmed_mean_ms": 94.63246800017562,
          "speedup": 1.1544592249945018,
          "row_count": 100,
          "rows_match": true,
          "status": "pass",
          "error": ""
        }
      ],
      "best_worker_id": 2,
      "best_speedup": 1.1683145915473911,
      "exited": false
    },
    "benchmark_iter1": {
      "query_id": "query_30",
      "baseline_times_ms": [
        212.36118999877363,
        147.35601200118253,
        130.67758999932266,
        123.70126399946457,
        108.55252799956361
      ],
      "baseline_trimmed_mean_ms": 133.91162199998993,
      "baseline_row_count": 100,
      "workers": [
        {
          "worker_id": 5,
          "times_ms": [
            111.92509900138248,
            103.513700001713,
            111.84757100090792,
            99.88000700104749,
            108.8707089984382
          ],
          "trimmed_mean_ms": 108.0773266670197,
          "speedup": 1.2390352919494787,
          "row_count": 100,
          "rows_match": true,
          "status": "pass",
          "error": ""
        }
      ],
      "best_worker_id": 5,
      "best_speedup": 1.2390352919494787,
      "exited": false
    },
    "benchmark_iter2": {
      "query_id": "query_30",
      "baseline_times_ms": [
        208.25208099995507,
        111.10215299959236,
        106.3397959987924,
        103.80020999946282,
        120.36006900052598
      ],
      "baseline_trimmed_mean_ms": 112.60067266630358,
      "baseline_row_count": 100,
      "workers": [
        {
          "worker_id": 6,
          "times_ms": [],
          "trimmed_mean_ms": 0,
          "speedup": 0,
          "row_count": 0,
          "rows_match": false,
          "status": "error",
          "error": "Binder Error: Referenced column \"ca_state\" not found in FROM clause!\nCandidate bindings: \"wr_account_credit\", \"wr_item_sk\", \"wr_fee\", \"wr_return_tax\", \"wr_return_amt\"\n\nLINE 22:     ca_state\n             ^"
        }
      ],
      "best_worker_id": 0,
      "best_speedup": 0.0,
      "exited": false
    }
  }
}