{
  "query_id": "query_52",
  "baseline_times_ms": [
    163.81797500071116,
    179.0128700013156,
    146.48923899949295,
    150.1386759991874,
    139.51331899988872
  ],
  "baseline_trimmed_mean_ms": 153.4819633331305,
  "baseline_row_count": 100,
  "workers": [
    {
      "worker_id": 6,
      "times_ms": [
        160.80757700001413,
        171.103018001304,
        158.38825900027587,
        153.54041399950802,
        175.44541099960043
      ],
      "trimmed_mean_ms": 163.43295133386468,
      "speedup": 0.939112719194515,
      "row_count": 100,
      "rows_match": true,
      "status": "pass",
      "error": ""
    }
  ],
  "best_worker_id": 6,
  "best_speedup": 0.939112719194515,
  "exited": false
}