{
  "source": "swarm_w1",
  "original_path": "/mnt/c/Users/jakc9/Documents/QueryTorque_V8/packages/qt-sql/qt_sql/benchmarks/duckdb_tpcds/queries/query_58.sql",
  "optimized_path": "/mnt/c/Users/jakc9/Documents/QueryTorque_V8/packages/qt-sql/qt_sql/benchmarks/duckdb_tpcds/swarm_batch_20260208_102033/query_58/worker_1_sql.sql",
  "benchmark_iters": {
    "benchmark_iter0": {
      "query_id": "query_58",
      "baseline_times_ms": [
        206.69043899943063,
        172.87675399984437,
        175.69111600005272,
        173.94942700047977,
        190.6144230006248
      ],
      "baseline_trimmed_mean_ms": 180.08498866705244,
      "baseline_row_count": 5,
      "workers": [
        {
          "worker_id": 1,
          "times_ms": [
            185.06900099964696,
            215.1549510008408,
            187.1142569998483,
            202.34661199992843,
            187.5653400002193
          ],
          "trimmed_mean_ms": 192.34206966666534,
          "speedup": 0.9362745705042335,
          "row_count": 5,
          "rows_match": true,
          "status": "pass",
          "error": ""
        },
        {
          "worker_id": 2,
          "times_ms": [],
          "trimmed_mean_ms": 0,
          "speedup": 0,
          "row_count": 0,
          "rows_match": false,
          "status": "error",
          "error": "Binder Error: Ambiguous reference to column name \"d_week_seq\" (use: \"date_dim.d_week_seq\" or \"target_week.d_week_seq\")"
        },
        {
          "worker_id": 3,
          "times_ms": [
            186.54555900047853,
            196.3196959995912,
            173.91297700032737,
            198.80087199999252,
            235.94960499940498
          ],
          "trimmed_mean_ms": 193.88870900002075,
          "speedup": 0.9288059608826069,
          "row_count": 5,
          "rows_match": true,
          "status": "pass",
          "error": ""
        },
        {
          "worker_id": 4,
          "times_ms": [
            174.74138799934735,
            175.80339199957962,
            170.09387599955517,
            177.1754889996373,
            176.10078600046108
          ],
          "trimmed_mean_ms": 175.548521999796,
          "speedup": 1.0258416682497715,
          "row_count": 5,
          "rows_match": true,
          "status": "pass",
          "error": ""
        }
      ],
      "best_worker_id": 4,
      "best_speedup": 1.0258416682497715,
      "exited": false
    },
    "benchmark_iter1": {
      "query_id": "query_58",
      "baseline_times_ms": [
        210.24346400008653,
        235.47494299964455,
        211.4738070013118,
        177.91306000071927,
        184.39486799979932
      ],
      "baseline_trimmed_mean_ms": 202.0373796670659,
      "baseline_row_count": 5,
      "workers": [
        {
          "worker_id": 5,
          "times_ms": [
            157.35281599882,
            197.20375500037335,
            165.32256999926176,
            170.48819699994056,
            172.79207699903054
          ],
          "trimmed_mean_ms": 169.53428133274429,
          "speedup": 1.191719916932481,
          "row_count": 5,
          "rows_match": true,
          "status": "pass",
          "error": ""
        }
      ],
      "best_worker_id": 5,
      "best_speedup": 1.191719916932481,
      "exited": false
    },
    "benchmark_iter2": {
      "query_id": "query_58",
      "baseline_times_ms": [
        164.813225999751,
        159.90131400030805,
        158.18281800056866,
        162.3091379988182,
        155.83418200003507
      ],
      "baseline_trimmed_mean_ms": 160.1310899998983,
      "baseline_row_count": 5,
      "workers": [
        {
          "worker_id": 6,
          "times_ms": [],
          "trimmed_mean_ms": 0,
          "speedup": 0,
          "row_count": 0,
          "rows_match": false,
          "status": "error",
          "error": "Binder Error: Ambiguous reference to column name \"d_week_seq\" (use: \"date_dim.d_week_seq\" or \"target_week.d_week_seq\")"
        }
      ],
      "best_worker_id": 0,
      "best_speedup": 0.0,
      "exited": false
    }
  }
}