{
  "query_id": "query040_agg",
  "baseline_times_ms": [
    1542.128525001317,
    1324.1782039985992,
    1218.494313001429,
    1225.1329960017756,
    1244.691990003048
  ],
  "baseline_trimmed_mean_ms": 1264.6677300011409,
  "baseline_row_count": 2,
  "workers": [
    {
      "worker_id": 5,
      "times_ms": [
        1206.286894997902,
        1563.3191969973268,
        1352.0588980027242,
        1330.4764620006608,
        911.7400309987715
      ],
      "trimmed_mean_ms": 1296.274085000429,
      "speedup": 0.9756175369352711,
      "row_count": 100,
      "rows_match": false,
      "status": "fail",
      "error": ""
    }
  ],
  "best_worker_id": 0,
  "best_speedup": 0.0,
  "exited": false
}