{
  "query_id": "query_51",
  "baseline_times_ms": [
    5389.943824999136,
    6408.659400000033,
    5744.834582999829,
    5105.059669000184,
    5489.116052000099
  ],
  "baseline_trimmed_mean_ms": 5541.298153333021,
  "baseline_row_count": 100,
  "workers": [
    {
      "worker_id": 5,
      "times_ms": [
        4438.548437999998,
        4599.581122000018,
        4260.174423001445,
        4280.380534000869,
        4314.611918000082
      ],
      "trimmed_mean_ms": 4344.513630000317,
      "speedup": 1.275470311582983,
      "row_count": 100,
      "rows_match": true,
      "status": "pass",
      "error": ""
    }
  ],
  "best_worker_id": 5,
  "best_speedup": 1.275470311582983,
  "exited": false
}