{
  "source": "swarm_final",
  "original_path": "/mnt/c/Users/jakc9/Documents/QueryTorque_V8/packages/qt-sql/qt_sql/benchmarks/duckdb_tpcds/queries/query_71.sql",
  "optimized_path": "/mnt/c/Users/jakc9/Documents/QueryTorque_V8/packages/qt-sql/qt_sql/benchmarks/duckdb_tpcds/swarm_batch_20260208_102033/query_71/final_worker_sql.sql",
  "benchmark_iters": {
    "benchmark_iter0": {
      "query_id": "query_71",
      "baseline_times_ms": [
        293.7783799998215,
        256.7786729996442,
        285.5914829997346,
        275.46244299992395,
        297.10788699958357
      ],
      "baseline_trimmed_mean_ms": 284.94410199982667,
      "baseline_row_count": 10293,
      "workers": [
        {
          "worker_id": 1,
          "times_ms": [
            325.76788700043835,
            314.0692349998062,
            321.85442599984526,
            310.5492400000003,
            308.24176900023303
          ],
          "trimmed_mean_ms": 315.49096699988394,
          "speedup": 0.9031767365939561,
          "row_count": 10293,
          "rows_match": true,
          "status": "pass",
          "error": ""
        },
        {
          "worker_id": 2,
          "times_ms": [
            289.7079530002884,
            302.0300540001699,
            276.3201460002165,
            285.2232779996484,
            309.81815199993434
          ],
          "trimmed_mean_ms": 292.3204283333689,
          "speedup": 0.9747662988331075,
          "row_count": 10293,
          "rows_match": true,
          "status": "pass",
          "error": ""
        },
        {
          "worker_id": 3,
          "times_ms": [
            321.1619690000589,
            282.4582140001439,
            298.45517899957485,
            324.737357000231,
            290.5986470004791
          ],
          "trimmed_mean_ms": 303.4052650000376,
          "speedup": 0.9391534520661379,
          "row_count": 10293,
          "rows_match": true,
          "status": "pass",
          "error": ""
        },
        {
          "worker_id": 4,
          "times_ms": [
            327.9002950002905,
            280.9356759998991,
            279.5125789998565,
            286.19209499993303,
            301.5944799999488
          ],
          "trimmed_mean_ms": 289.57408366659365,
          "speedup": 0.9840110633930287,
          "row_count": 10293,
          "rows_match": true,
          "status": "pass",
          "error": ""
        }
      ],
      "best_worker_id": 4,
      "best_speedup": 0.9840110633930287,
      "exited": false
    },
    "benchmark_iter1": {
      "query_id": "query_71",
      "baseline_times_ms": [
        452.7104959997814,
        340.8220870005607,
        311.0043200013024,
        327.80878199992003,
        295.43561399987084
      ],
      "baseline_trimmed_mean_ms": 326.5450630005944,
      "baseline_row_count": 10293,
      "workers": [
        {
          "worker_id": 5,
          "times_ms": [
            325.6228749996808,
            306.906218000222,
            303.0025999996724,
            339.5528220007691,
            307.44156099899556
          ],
          "trimmed_mean_ms": 313.32355133296613,
          "speedup": 1.042197631207039,
          "row_count": 10293,
          "rows_match": true,
          "status": "pass",
          "error": ""
        }
      ],
      "best_worker_id": 5,
      "best_speedup": 1.042197631207039,
      "exited": false
    },
    "benchmark_iter2": {
      "query_id": "query_71",
      "baseline_times_ms": [
        284.0087040003709,
        282.44730299957155,
        286.48442499979865,
        277.8812739998102,
        274.80472900060704
      ],
      "baseline_trimmed_mean_ms": 281.4457603332509,
      "baseline_row_count": 10293,
      "workers": [
        {
          "worker_id": 6,
          "times_ms": [
            314.08765300147934,
            323.2720199994219,
            288.93124100068235,
            323.21083299939346,
            301.3781850004307
          ],
          "trimmed_mean_ms": 312.8922236671012,
          "speedup": 0.8994974596514503,
          "row_count": 10293,
          "rows_match": true,
          "status": "pass",
          "error": ""
        }
      ],
      "best_worker_id": 6,
      "best_speedup": 0.8994974596514503,
      "exited": false
    }
  }
}