{
  "query_id": "query_98",
  "baseline_times_ms": [
    250.88660799883655,
    252.14403300014965,
    209.8245439992752,
    211.83007699983136,
    236.24015499990492
  ],
  "baseline_trimmed_mean_ms": 232.9856133328576,
  "baseline_row_count": 15226,
  "workers": [
    {
      "worker_id": 6,
      "times_ms": [
        254.61449300019012,
        214.98597800018615,
        205.0088340001821,
        220.26941799958877,
        206.24175800003286
      ],
      "trimmed_mean_ms": 213.8323846666026,
      "speedup": 1.0895712251262495,
      "row_count": 15201,
      "rows_match": false,
      "status": "fail",
      "error": ""
    }
  ],
  "best_worker_id": 0,
  "best_speedup": 0.0,
  "exited": false
}