{
  "query_id": "query_71",
  "baseline_times_ms": [
    452.7104959997814,
    340.8220870005607,
    311.0043200013024,
    327.80878199992003,
    295.43561399987084
  ],
  "baseline_trimmed_mean_ms": 326.5450630005944,
  "baseline_row_count": 10293,
  "workers": [
    {
      "worker_id": 5,
      "times_ms": [
        325.6228749996808,
        306.906218000222,
        303.0025999996724,
        339.5528220007691,
        307.44156099899556
      ],
      "trimmed_mean_ms": 313.32355133296613,
      "speedup": 1.042197631207039,
      "row_count": 10293,
      "rows_match": true,
      "status": "pass",
      "error": ""
    }
  ],
  "best_worker_id": 5,
  "best_speedup": 1.042197631207039,
  "exited": false
}