{
  "query_id": "query_22",
  "baseline_times_ms": [
    6224.438068999916,
    6527.349101000254,
    7160.5266939996,
    5904.34924300007,
    5868.34630499925
  ],
  "baseline_trimmed_mean_ms": 6218.7121376667465,
  "baseline_row_count": 100,
  "workers": [
    {
      "worker_id": 5,
      "times_ms": [
        6051.818707999701,
        6267.9115029995955,
        6108.402048999778,
        6170.2198049997605,
        6263.315662000423
      ],
      "trimmed_mean_ms": 6180.645838666654,
      "speedup": 1.00615895166844,
      "row_count": 100,
      "rows_match": true,
      "status": "pass",
      "error": ""
    }
  ],
  "best_worker_id": 5,
  "best_speedup": 1.00615895166844,
  "exited": false
}