{
  "query_id": "query_22",
  "baseline_times_ms": [
    6790.530985999794,
    6265.773453999827,
    6150.644778000242,
    6343.238062000637,
    6417.509818000326
  ],
  "baseline_trimmed_mean_ms": 6342.173778000263,
  "baseline_row_count": 100,
  "workers": [
    {
      "worker_id": 1,
      "times_ms": [
        6700.325427999815,
        6963.007362999633,
        6216.044173999762,
        6308.678655999756,
        6392.777566999939
      ],
      "trimmed_mean_ms": 6467.26055033317,
      "speedup": 0.980658460972867,
      "row_count": 100,
      "rows_match": true,
      "status": "pass",
      "error": ""
    },
    {
      "worker_id": 2,
      "times_ms": [
        6198.649581999234,
        6065.071115999672,
        6048.077808000016,
        6453.9682730001,
        6390.90411000052
      ],
      "trimmed_mean_ms": 6218.208269333142,
      "speedup": 1.0199358888119736,
      "row_count": 100,
      "rows_match": true,
      "status": "pass",
      "error": ""
    },
    {
      "worker_id": 3,
      "times_ms": [
        6499.875406000683,
        6128.382943999895,
        5939.717856000243,
        6088.4740029996465,
        6151.216797000416
      ],
      "trimmed_mean_ms": 6122.6912479999855,
      "speedup": 1.0358473947338065,
      "row_count": 100,
      "rows_match": true,
      "status": "pass",
      "error": ""
    },
    {
      "worker_id": 4,
      "times_ms": [
        6260.68510100049,
        6324.8707610000565,
        6638.971405999655,
        6173.718214000473,
        6141.722019000554
      ],
      "trimmed_mean_ms": 6253.091358667007,
      "speedup": 1.014246140704435,
      "row_count": 100,
      "rows_match": true,
      "status": "pass",
      "error": ""
    }
  ],
  "best_worker_id": 3,
  "best_speedup": 1.0358473947338065,
  "exited": false
}