{
  "query_id": "query050_agg",
  "baseline_times_ms": [
    9572.103174999938,
    4911.384101000294,
    4358.126294002432,
    2728.3308149999357,
    3853.096511000331
  ],
  "baseline_trimmed_mean_ms": 4374.202302001019,
  "baseline_row_count": 17,
  "workers": [
    {
      "worker_id": 1,
      "times_ms": [
        5831.92777399745,
        3671.472160000121,
        2799.757395998313,
        2684.0674619998026,
        2435.105634998763
      ],
      "trimmed_mean_ms": 3051.765672666079,
      "speedup": 1.433334918594728,
      "row_count": 17,
      "rows_match": true,
      "status": "pass",
      "error": ""
    },
    {
      "worker_id": 2,
      "times_ms": [
        2532.666330000211,
        2370.096915998147,
        2394.644170002721,
        2394.773336000071,
        2417.2872669987555
      ],
      "trimmed_mean_ms": 2402.234924333849,
      "speedup": 1.820888647355756,
      "row_count": 17,
      "rows_match": true,
      "status": "pass",
      "error": ""
    },
    {
      "worker_id": 3,
      "times_ms": [
        2373.1471089995466,
        2400.2223850002338,
        2406.5668330003973,
        2395.660392998252,
        2422.065486000065
      ],
      "trimmed_mean_ms": 2400.8165369996277,
      "speedup": 1.8219644169344114,
      "row_count": 17,
      "rows_match": true,
      "status": "pass",
      "error": ""
    },
    {
      "worker_id": 4,
      "times_ms": [
        2310.516720001033,
        2312.9652160023397,
        2282.0617299985315,
        2279.1468649993476,
        2260.850112001208
      ],
      "trimmed_mean_ms": 2290.5751049996375,
      "speedup": 1.9096524241678212,
      "row_count": 17,
      "rows_match": true,
      "status": "pass",
      "error": ""
    }
  ],
  "best_worker_id": 4,
  "best_speedup": 1.9096524241678212,
  "exited": false
}