{
  "query_id": "query_63",
  "baseline_times_ms": [
    441.23663999926066,
    313.1709690005664,
    283.32729400062817,
    292.0818170005077,
    326.52039200002037
  ],
  "baseline_trimmed_mean_ms": 310.5910593336982,
  "baseline_row_count": 100,
  "workers": [
    {
      "worker_id": 5,
      "times_ms": [
        288.57061000053363,
        260.2830930009077,
        259.8718179997377,
        275.9544710006594,
        267.5133390002884
      ],
      "trimmed_mean_ms": 267.9169676672852,
      "speedup": 1.1592810341128084,
      "row_count": 100,
      "rows_match": true,
      "status": "pass",
      "error": ""
    }
  ],
  "best_worker_id": 5,
  "best_speedup": 1.1592810341128084,
  "exited": false
}