{
  "query_id": "query_63",
  "baseline_times_ms": [
    251.21222800044052,
    283.5732720013766,
    256.65427900094073,
    284.2796909990284,
    283.8747530004184
  ],
  "baseline_trimmed_mean_ms": 274.7007680009119,
  "baseline_row_count": 100,
  "workers": [
    {
      "worker_id": 6,
      "times_ms": [
        4531.402467999214,
        4313.284730000305,
        4132.074169001498,
        4314.036388999739,
        4290.102594999553
      ],
      "trimmed_mean_ms": 4305.8079046665325,
      "speedup": 0.06379772950465294,
      "row_count": 100,
      "rows_match": true,
      "status": "pass",
      "error": ""
    }
  ],
  "best_worker_id": 6,
  "best_speedup": 0.06379772950465294,
  "exited": false
}