{
  "query_id": "query_63",
  "baseline_times_ms": [
    295.21703200043703,
    278.4826549996069,
    280.2394609998373,
    295.7842770001662,
    274.9218219996692
  ],
  "baseline_trimmed_mean_ms": 284.64638266662706,
  "baseline_row_count": 100,
  "workers": [
    {
      "worker_id": 1,
      "times_ms": [
        262.5667509992127,
        280.32674499991117,
        261.43859999956476,
        252.0941880002283,
        259.35504300014145
      ],
      "trimmed_mean_ms": 261.12013133297296,
      "speedup": 1.090097424559174,
      "row_count": 100,
      "rows_match": true,
      "status": "pass",
      "error": ""
    },
    {
      "worker_id": 2,
      "times_ms": [
        268.3172019997073,
        273.4823150003649,
        266.9896970000991,
        247.0685840007718,
        252.70845899922278
      ],
      "trimmed_mean_ms": 262.6717859996764,
      "speedup": 1.0836580014991704,
      "row_count": 100,
      "rows_match": true,
      "status": "pass",
      "error": ""
    },
    {
      "worker_id": 3,
      "times_ms": [
        250.70413700086647,
        256.05537200044637,
        266.56397999977344,
        257.3526280002625,
        266.0051709999607
      ],
      "trimmed_mean_ms": 259.8043903335565,
      "speedup": 1.0956180621165659,
      "row_count": 100,
      "rows_match": true,
      "status": "pass",
      "error": ""
    },
    {
      "worker_id": 4,
      "times_ms": [
        567.3573700005363,
        578.6043519992745,
        529.6986169996671,
        590.2210900003411,
        498.5749200004648
      ],
      "trimmed_mean_ms": 558.5534463331593,
      "speedup": 0.5096135106412799,
      "row_count": 100,
      "rows_match": true,
      "status": "pass",
      "error": ""
    }
  ],
  "best_worker_id": 3,
  "best_speedup": 1.0956180621165659,
  "exited": false
}