{
  "source": "swarm2_w3",
  "original_path": "/mnt/c/Users/jakc9/Documents/QueryTorque_V8/packages/qt-sql/qt_sql/benchmarks/postgres_dsb/queries/query091_spj_spj.sql",
  "optimized_path": "/mnt/c/Users/jakc9/Documents/QueryTorque_V8/packages/qt-sql/qt_sql/benchmarks/postgres_dsb/swarm_batch_20260208_142643/query091_spj_spj/worker_3_sql.sql",
  "validation": {
    "query_id": "query091_spj_spj",
    "status": "NEUTRAL",
    "best_speedup": 1.08,
    "best_worker": 5,
    "best_iteration": 1
  },
  "benchmark_iters": {
    "benchmark_iter0": {
      "query_id": "query091_spj_spj",
      "baseline_times_ms": [
        853.5684279995621,
        891.7766110025696,
        853.0690879997564,
        876.6603570002189,
        845.1541540016478
      ],
      "baseline_trimmed_mean_ms": 861.0992909998458,
      "baseline_row_count": 1,
      "workers": [
        {
          "worker_id": 1,
          "times_ms": [
            853.476522002893,
            829.3096369998239,
            812.1252250020916,
            818.0427430015698,
            845.0148640004045
          ],
          "trimmed_mean_ms": 830.7890813339327,
          "speedup": 1.036483639887571,
          "row_count": 1,
          "rows_match": true,
          "status": "pass",
          "error": ""
        },
        {
          "worker_id": 2,
          "times_ms": [
            818.0635179996898,
            825.3064729979087,
            817.5180870020995,
            809.7763629994006,
            812.5583580003877
          ],
          "trimmed_mean_ms": 816.046654334059,
          "speedup": 1.0552084080322006,
          "row_count": 1,
          "rows_match": true,
          "status": "pass",
          "error": ""
        },
        {
          "worker_id": 3,
          "times_ms": [
            1562.4889089995122,
            1470.0835179974092,
            1458.1627609986754,
            1498.093701000471,
            1482.8242280018458
          ],
          "trimmed_mean_ms": 1483.6671489999087,
          "speedup": 0.5803857634647263,
          "row_count": 1,
          "rows_match": true,
          "status": "pass",
          "error": ""
        },
        {
          "worker_id": 4,
          "times_ms": [
            1999.2840300001262,
            1923.0693240024266,
            1849.510680000094,
            1949.547292002535,
            1863.4212239994667
          ],
          "trimmed_mean_ms": 1912.0126133348094,
          "speedup": 0.4503627669578873,
          "row_count": 1,
          "rows_match": true,
          "status": "pass",
          "error": ""
        }
      ],
      "best_worker_id": 2,
      "best_speedup": 1.0552084080322006,
      "exited": false
    },
    "benchmark_iter1": {
      "query_id": "query091_spj_spj",
      "baseline_times_ms": [
        1316.485103998275,
        1286.559642998327,
        1268.845564998628,
        1272.2715549971326,
        1275.5399599991506
      ],
      "baseline_trimmed_mean_ms": 1278.1237193315367,
      "baseline_row_count": 1,
      "workers": [
        {
          "worker_id": 5,
          "times_ms": [
            1263.8657690004038,
            1250.6638600025326,
            1039.6323099994333,
            1123.253999001463,
            1164.3552409987024
          ],
          "trimmed_mean_ms": 1179.424366667566,
          "speedup": 1.083684342509256,
          "row_count": 1,
          "rows_match": true,
          "status": "pass",
          "error": ""
        }
      ],
      "best_worker_id": 5,
      "best_speedup": 1.083684342509256,
      "exited": false
    },
    "benchmark_iter2": {
      "query_id": "query091_spj_spj",
      "baseline_times_ms": [
        1164.4072880008025,
        1162.3438349997741,
        1162.8107399992587,
        1086.2719579999975,
        1159.7633650017087
      ],
      "baseline_trimmed_mean_ms": 1161.6393133335805,
      "baseline_row_count": 1,
      "workers": [
        {
          "worker_id": 6,
          "times_ms": [
            2448.3340450024116,
            2581.622626999888,
            2493.836581998039,
            2603.2937380005023,
            2637.7990569999383
          ],
          "trimmed_mean_ms": 2559.584315666143,
          "speedup": 0.45383904965492755,
          "row_count": 1,
          "rows_match": true,
          "status": "pass",
          "error": ""
        }
      ],
      "best_worker_id": 6,
      "best_speedup": 0.45383904965492755,
      "exited": false
    }
  }
}