{
  "query_id": "query_66",
  "baseline_times_ms": [
    683.5431119998248,
    216.48525900127424,
    238.26860100052727,
    212.93214800061833,
    218.1124290000298
  ],
  "baseline_trimmed_mean_ms": 224.28876300061043,
  "baseline_row_count": 10,
  "workers": [
    {
      "worker_id": 5,
      "times_ms": [
        246.8244779993256,
        224.73982000155956,
        190.9686100007093,
        187.62254400098755,
        206.2864740000805
      ],
      "trimmed_mean_ms": 207.33163466744978,
      "speedup": 1.081787462681993,
      "row_count": 10,
      "rows_match": true,
      "status": "pass",
      "error": ""
    }
  ],
  "best_worker_id": 5,
  "best_speedup": 1.081787462681993,
  "exited": false
}