{
  "query_id": "query_26",
  "baseline_times_ms": [
    391.7080859991984,
    242.37665900000138,
    207.75219200004358,
    213.55316100016353,
    202.7120359998662
  ],
  "baseline_trimmed_mean_ms": 221.22733733340283,
  "baseline_row_count": 100,
  "workers": [
    {
      "worker_id": 5,
      "times_ms": [
        206.7115149984602,
        228.62458700001298,
        220.44869699857372,
        203.71471100042982,
        183.8647120002861
      ],
      "trimmed_mean_ms": 210.29164099915457,
      "speedup": 1.052002525075603,
      "row_count": 100,
      "rows_match": true,
      "status": "pass",
      "error": ""
    }
  ],
  "best_worker_id": 5,
  "best_speedup": 1.052002525075603,
  "exited": false
}