{
  "query_id": "query_53",
  "baseline_times_ms": [
    375.5172780001885,
    370.8285130014701,
    381.10140500066336,
    340.99126100045396,
    374.79201900168846
  ],
  "baseline_trimmed_mean_ms": 373.71260333444906,
  "baseline_row_count": 100,
  "workers": [
    {
      "worker_id": 5,
      "times_ms": [
        380.55438799892727,
        349.4998390015098,
        345.53273699930287,
        376.29593500059855,
        354.86908799975936
      ],
      "trimmed_mean_ms": 360.22162066728924,
      "speedup": 1.0374518959805037,
      "row_count": 100,
      "rows_match": true,
      "status": "pass",
      "error": ""
    }
  ],
  "best_worker_id": 5,
  "best_speedup": 1.0374518959805037,
  "exited": false
}