{
  "source": "swarm2_w3",
  "original_path": "/mnt/c/Users/jakc9/Documents/QueryTorque_V8/packages/qt-sql/qt_sql/benchmarks/postgres_dsb/queries/query081_multi.sql",
  "optimized_path": "/mnt/c/Users/jakc9/Documents/QueryTorque_V8/packages/qt-sql/qt_sql/benchmarks/postgres_dsb/swarm_batch_20260208_142643/query081_multi/worker_3_sql.sql",
  "validation": {
    "query_id": "query081_multi",
    "status": "WIN",
    "best_speedup": 122.29,
    "best_worker": 3,
    "best_iteration": 0
  },
  "benchmark_iters": {
    "benchmark_iter0": {
      "query_id": "query081_multi",
      "baseline_times_ms": [
        263610.9795739976,
        248767.04850700116,
        252249.02251499952,
        254156.7022820018,
        268863.38226199953
      ],
      "baseline_trimmed_mean_ms": 256672.23479033296,
      "baseline_row_count": 100,
      "workers": [
        {
          "worker_id": 1,
          "times_ms": [
            265925.28556900285,
            269498.75435899955,
            262790.9563800022,
            264330.19312999747,
            277579.3601250007
          ],
          "trimmed_mean_ms": 266584.7443526666,
          "speedup": 0.9628166660984159,
          "row_count": 100,
          "rows_match": true,
          "status": "pass",
          "error": ""
        },
        {
          "worker_id": 2,
          "times_ms": [
            2471.5051659986784,
            2326.0930770011328,
            2318.3544729981804,
            2349.0092200008803,
            2501.723965000565
          ],
          "trimmed_mean_ms": 2382.202487666897,
          "speedup": 107.74576725495528,
          "row_count": 100,
          "rows_match": true,
          "status": "pass",
          "error": ""
        },
        {
          "worker_id": 3,
          "times_ms": [
            2378.41511300212,
            2357.8312400022696,
            2184.6080889990844,
            1736.9475479972607,
            1754.396830998303
          ],
          "trimmed_mean_ms": 2098.945386666552,
          "speedup": 122.28628549405371,
          "row_count": 100,
          "rows_match": true,
          "status": "pass",
          "error": ""
        },
        {
          "worker_id": 4,
          "times_ms": [
            1924.5618160020967,
            2372.279675997561,
            2349.2547599998943,
            2353.592221999861,
            2396.767562997411
          ],
          "trimmed_mean_ms": 2358.375552665772,
          "speedup": 108.83433493033179,
          "row_count": 100,
          "rows_match": true,
          "status": "pass",
          "error": ""
        }
      ],
      "best_worker_id": 3,
      "best_speedup": 122.28628549405371,
      "exited": true
    }
  }
}