{
  "source": "swarm_snipe",
  "original_path": "/mnt/c/Users/jakc9/Documents/QueryTorque_V8/packages/qt-sql/qt_sql/benchmarks/duckdb_tpcds/queries/query_38.sql",
  "optimized_path": "/mnt/c/Users/jakc9/Documents/QueryTorque_V8/packages/qt-sql/qt_sql/benchmarks/duckdb_tpcds/swarm_batch_20260208_102033/query_38/snipe_worker_sql.sql",
  "benchmark_iters": {
    "benchmark_iter0": {
      "query_id": "query_38",
      "baseline_times_ms": [
        1040.5192409998563,
        909.0238810003939,
        869.7409530004734,
        914.6735630001785,
        901.8504089999624
      ],
      "baseline_trimmed_mean_ms": 908.5159510001782,
      "baseline_row_count": 1,
      "workers": [
        {
          "worker_id": 1,
          "times_ms": [
            926.9581700000344,
            888.872882999749,
            862.4610329998177,
            895.6580869999016,
            883.985493000182
          ],
          "trimmed_mean_ms": 889.5054876666109,
          "speedup": 1.0213719460949438,
          "row_count": 1,
          "rows_match": true,
          "status": "pass",
          "error": ""
        },
        {
          "worker_id": 2,
          "times_ms": [
            876.1385830002837,
            956.300322000061,
            855.1184580001063,
            864.2438139995647,
            867.8357740000138
          ],
          "trimmed_mean_ms": 869.4060569999541,
          "speedup": 1.0449846118339456,
          "row_count": 1,
          "rows_match": true,
          "status": "pass",
          "error": ""
        },
        {
          "worker_id": 3,
          "times_ms": [
            878.4525080000094,
            957.3240589998022,
            1000.4426719997355,
            896.8482410000433,
            931.8116120002742
          ],
          "trimmed_mean_ms": 928.6613040000399,
          "speedup": 0.9783071040937216,
          "row_count": 1,
          "rows_match": true,
          "status": "pass",
          "error": ""
        },
        {
          "worker_id": 4,
          "times_ms": [
            980.6814049998138,
            968.3756100002938,
            1038.565861999814,
            1033.9450290002787,
            980.2978699999585
          ],
          "trimmed_mean_ms": 998.3081013333504,
          "speedup": 0.9100556729798698,
          "row_count": 1,
          "rows_match": true,
          "status": "pass",
          "error": ""
        }
      ],
      "best_worker_id": 2,
      "best_speedup": 1.0449846118339456,
      "exited": false
    },
    "benchmark_iter1": {
      "query_id": "query_38",
      "baseline_times_ms": [
        1048.970001998896,
        912.5477620000311,
        938.8999120001245,
        954.9933529997361,
        956.9364399994811
      ],
      "baseline_trimmed_mean_ms": 950.2765683331139,
      "baseline_row_count": 1,
      "workers": [
        {
          "worker_id": 5,
          "times_ms": [
            1019.2264119996253,
            862.4060069996631,
            1009.9954359993717,
            949.2039130000194,
            976.84930899959
          ],
          "trimmed_mean_ms": 978.6828859996604,
          "speedup": 0.9709749520780357,
          "row_count": 1,
          "rows_match": true,
          "status": "pass",
          "error": ""
        }
      ],
      "best_worker_id": 5,
      "best_speedup": 0.9709749520780357,
      "exited": false
    },
    "benchmark_iter2": {
      "query_id": "query_38",
      "baseline_times_ms": [
        1042.1953999994003,
        949.759166000149,
        915.3460350007663,
        889.7940710012335,
        876.853495999967
      ],
      "baseline_trimmed_mean_ms": 918.2997573340496,
      "baseline_row_count": 1,
      "workers": [
        {
          "worker_id": 6,
          "times_ms": [
            650.6419239995012,
            672.8157460001967,
            648.7397380005859,
            626.9600240011641,
            593.2094409999991
          ],
          "trimmed_mean_ms": 642.1138953337504,
          "speedup": 1.4301197404500123,
          "row_count": 1,
          "rows_match": true,
          "status": "pass",
          "error": ""
        }
      ],
      "best_worker_id": 6,
      "best_speedup": 1.4301197404500123,
      "exited": false
    }
  }
}