{
  "source": "swarm_final",
  "original_path": "/mnt/c/Users/jakc9/Documents/QueryTorque_V8/packages/qt-sql/qt_sql/benchmarks/duckdb_tpcds/queries/query_7.sql",
  "optimized_path": "/mnt/c/Users/jakc9/Documents/QueryTorque_V8/packages/qt-sql/qt_sql/benchmarks/duckdb_tpcds/swarm_batch_20260208_102033/query_7/final_worker_sql.sql",
  "benchmark_iters": {
    "benchmark_iter0": {
      "query_id": "query_7",
      "baseline_times_ms": [
        576.3298179999765,
        503.0994199996712,
        542.1757770000113,
        534.2445019996376,
        570.9289340002215
      ],
      "baseline_trimmed_mean_ms": 549.1164043332901,
      "baseline_row_count": 100,
      "workers": [
        {
          "worker_id": 1,
          "times_ms": [
            541.4445819997127,
            543.6134620003941,
            575.6439529995987,
            494.9141840006632,
            538.9831659995252
          ],
          "trimmed_mean_ms": 541.3470699998774,
          "speedup": 1.0143518544090662,
          "row_count": 100,
          "rows_match": true,
          "status": "pass",
          "error": ""
        },
        {
          "worker_id": 2,
          "times_ms": [
            517.7808640000876,
            519.0211809995162,
            511.13341199925344,
            503.86583099952986,
            529.0356530003919
          ],
          "trimmed_mean_ms": 515.9784856662858,
          "speedup": 1.0642234503716044,
          "row_count": 100,
          "rows_match": true,
          "status": "pass",
          "error": ""
        },
        {
          "worker_id": 3,
          "times_ms": [
            515.9185630000138,
            470.14805500020884,
            491.3537399997949,
            465.0387019992195,
            476.850113999717
          ],
          "trimmed_mean_ms": 479.45063633324025,
          "speedup": 1.1453033174235459,
          "row_count": 100,
          "rows_match": true,
          "status": "pass",
          "error": ""
        },
        {
          "worker_id": 4,
          "times_ms": [
            482.7913479994095,
            538.7186870002552,
            491.6491849999147,
            494.0190990000701,
            481.56072899928404
          ],
          "trimmed_mean_ms": 489.48654399979813,
          "speedup": 1.1218212452710785,
          "row_count": 100,
          "rows_match": true,
          "status": "pass",
          "error": ""
        }
      ],
      "best_worker_id": 3,
      "best_speedup": 1.1453033174235459,
      "exited": false
    },
    "benchmark_iter1": {
      "query_id": "query_7",
      "baseline_times_ms": [
        778.878077000627,
        514.1815459992358,
        470.8429719994456,
        506.6422899999452,
        480.52604499935114
      ],
      "baseline_trimmed_mean_ms": 500.44996033284406,
      "baseline_row_count": 100,
      "workers": [
        {
          "worker_id": 5,
          "times_ms": [
            494.1544020002766,
            486.9324629999028,
            487.2314860003826,
            471.30243299943686,
            524.6331430007558
          ],
          "trimmed_mean_ms": 489.43945033352065,
          "speedup": 1.022496163706911,
          "row_count": 100,
          "rows_match": true,
          "status": "pass",
          "error": ""
        }
      ],
      "best_worker_id": 5,
      "best_speedup": 1.022496163706911,
      "exited": false
    },
    "benchmark_iter2": {
      "query_id": "query_7",
      "baseline_times_ms": [
        485.58118199980527,
        474.28142499848036,
        470.72197899979074,
        554.4596339987038,
        468.6925299993163
      ],
      "baseline_trimmed_mean_ms": 476.86152866602544,
      "baseline_row_count": 100,
      "workers": [
        {
          "worker_id": 6,
          "times_ms": [
            1584.0140059990517,
            1395.0601449996611,
            1292.4971710017417,
            1457.1048060006433,
            1268.0947949993424
          ],
          "trimmed_mean_ms": 1381.5540406673488,
          "speedup": 0.34516313848691815,
          "row_count": 100,
          "rows_match": true,
          "status": "pass",
          "error": ""
        }
      ],
      "best_worker_id": 6,
      "best_speedup": 0.34516313848691815,
      "exited": false
    }
  }
}