{
  "query_id": "query_38",
  "baseline_times_ms": [
    1042.1953999994003,
    949.759166000149,
    915.3460350007663,
    889.7940710012335,
    876.853495999967
  ],
  "baseline_trimmed_mean_ms": 918.2997573340496,
  "baseline_row_count": 1,
  "workers": [
    {
      "worker_id": 6,
      "times_ms": [
        650.6419239995012,
        672.8157460001967,
        648.7397380005859,
        626.9600240011641,
        593.2094409999991
      ],
      "trimmed_mean_ms": 642.1138953337504,
      "speedup": 1.4301197404500123,
      "row_count": 1,
      "rows_match": true,
      "status": "pass",
      "error": ""
    }
  ],
  "best_worker_id": 6,
  "best_speedup": 1.4301197404500123,
  "exited": false
}