{
  "query_id": "query_14",
  "baseline_times_ms": [
    6363.649715000065,
    5308.915772000546,
    5180.681767000351,
    5252.1083580004415,
    5128.119718000562
  ],
  "baseline_trimmed_mean_ms": 5247.2352990004465,
  "baseline_row_count": 100,
  "workers": [
    {
      "worker_id": 1,
      "times_ms": [
        2917.240492000019,
        2935.5351570002313,
        3073.503096999957,
        3034.8895580000317,
        3176.9680579991473
      ],
      "trimmed_mean_ms": 3014.6426040000733,
      "speedup": 1.7405828777308419,
      "row_count": 100,
      "rows_match": true,
      "status": "pass",
      "error": ""
    },
    {
      "worker_id": 2,
      "times_ms": [
        3224.268422000023,
        3533.9421299995593,
        3309.8374230003174,
        3173.5449179996067,
        3000.091970999165
      ],
      "trimmed_mean_ms": 3235.883587666649,
      "speedup": 1.621577277686975,
      "row_count": 100,
      "rows_match": true,
      "status": "pass",
      "error": ""
    },
    {
      "worker_id": 3,
      "times_ms": [
        5496.541143999821,
        5457.170370999847,
        5477.276581000297,
        6089.445063000312,
        5810.79626599967
      ],
      "trimmed_mean_ms": 5594.871330333262,
      "speedup": 0.9378652321371421,
      "row_count": 100,
      "rows_match": true,
      "status": "pass",
      "error": ""
    },
    {
      "worker_id": 4,
      "times_ms": [],
      "trimmed_mean_ms": 0,
      "speedup": 0,
      "row_count": 0,
      "rows_match": false,
      "status": "error",
      "error": "Binder Error: Ambiguous reference to column name \"ss_item_sk\" (use: \"store_sales.ss_item_sk\" or \"ci.ss_item_sk\")"
    }
  ],
  "best_worker_id": 1,
  "best_speedup": 1.7405828777308419,
  "exited": false
}