{
  "source": "swarm_w3",
  "original_path": "/mnt/c/Users/jakc9/Documents/QueryTorque_V8/packages/qt-sql/qt_sql/benchmarks/duckdb_tpcds/queries/query_1.sql",
  "optimized_path": "/mnt/c/Users/jakc9/Documents/QueryTorque_V8/packages/qt-sql/qt_sql/benchmarks/duckdb_tpcds/swarm_batch_20260208_102033/query_1/worker_3_sql.sql",
  "benchmark_iters": {
    "benchmark_iter0": {
      "query_id": "query_1",
      "baseline_times_ms": [
        277.61103400007414,
        99.85236399916175,
        113.8395349998973,
        102.5139350003883,
        103.53390100044635
      ],
      "baseline_trimmed_mean_ms": 106.62912366691064,
      "baseline_row_count": 100,
      "workers": [
        {
          "worker_id": 1,
          "times_ms": [
            106.38041099991824,
            99.8323009998785,
            102.72051199990528,
            110.30135999953927,
            106.99456600013946
          ],
          "trimmed_mean_ms": 105.36516299998766,
          "speedup": 1.0119960016283858,
          "row_count": 100,
          "rows_match": true,
          "status": "pass",
          "error": ""
        },
        {
          "worker_id": 2,
          "times_ms": [
            69.8487469999236,
            64.44611599999917,
            77.2668950003208,
            67.65274400004273,
            75.14018700021552
          ],
          "trimmed_mean_ms": 70.88055933339395,
          "speedup": 1.504349354318293,
          "row_count": 100,
          "rows_match": true,
          "status": "pass",
          "error": ""
        },
        {
          "worker_id": 3,
          "times_ms": [
            60.54313799995725,
            61.04736400084221,
            66.84200000017881,
            69.61588600006507,
            73.34262800031865
          ],
          "trimmed_mean_ms": 65.83508333369537,
          "speedup": 1.6196398374168426,
          "row_count": 100,
          "rows_match": true,
          "status": "pass",
          "error": ""
        },
        {
          "worker_id": 4,
          "times_ms": [
            121.24321100054658,
            119.47779799993441,
            97.780142999909,
            92.88586000002397,
            98.18845600057102
          ],
          "trimmed_mean_ms": 105.14879900013814,
          "speedup": 1.0140783792192487,
          "row_count": 100,
          "rows_match": true,
          "status": "pass",
          "error": ""
        }
      ],
      "best_worker_id": 3,
      "best_speedup": 1.6196398374168426,
      "exited": false
    },
    "benchmark_iter1": {
      "query_id": "query_1",
      "baseline_times_ms": [
        314.315274999899,
        106.52391599978728,
        96.6358030000265,
        92.9541400000744,
        99.1726429992923
      ],
      "baseline_trimmed_mean_ms": 100.77745399970202,
      "baseline_row_count": 100,
      "workers": [
        {
          "worker_id": 5,
          "times_ms": [
            108.41728800005512,
            102.37534000043524,
            91.27493300002243,
            93.4260499998345,
            92.09722300056455
          ],
          "trimmed_mean_ms": 95.96620433361143,
          "speedup": 1.05013483339786,
          "row_count": 100,
          "rows_match": true,
          "status": "pass",
          "error": ""
        }
      ],
      "best_worker_id": 5,
      "best_speedup": 1.05013483339786,
      "exited": false
    },
    "benchmark_iter2": {
      "query_id": "query_1",
      "baseline_times_ms": [
        304.1219580009056,
        104.5802749995346,
        101.48198799834063,
        108.82823599968106,
        108.6352820002503
      ],
      "baseline_trimmed_mean_ms": 107.34793099982198,
      "baseline_row_count": 100,
      "workers": [
        {
          "worker_id": 6,
          "times_ms": [
            193.289922999611,
            181.4051279998239,
            191.8312279995007,
            177.50847900060762,
            175.5287319992931
          ],
          "trimmed_mean_ms": 183.58161166664408,
          "speedup": 0.5847422845091331,
          "row_count": 100,
          "rows_match": true,
          "status": "pass",
          "error": ""
        }
      ],
      "best_worker_id": 6,
      "best_speedup": 0.5847422845091331,
      "exited": false
    }
  }
}