{
  "source": "swarm2_snipe",
  "original_path": "/mnt/c/Users/jakc9/Documents/QueryTorque_V8/packages/qt-sql/qt_sql/benchmarks/postgres_dsb/queries/query014_multi.sql",
  "optimized_path": "/mnt/c/Users/jakc9/Documents/QueryTorque_V8/packages/qt-sql/qt_sql/benchmarks/postgres_dsb/swarm_batch_20260208_142643/query014_multi/snipe_worker_sql.sql",
  "validation": {
    "query_id": "query014_multi",
    "status": "NEUTRAL",
    "best_speedup": 1.05,
    "best_worker": 4,
    "best_iteration": 0
  },
  "benchmark_iters": {
    "benchmark_iter0": {
      "query_id": "query014_multi",
      "baseline_times_ms": [
        181799.16321400015,
        132327.650954001,
        122487.14921099963,
        115296.32725000192,
        128696.58093600083
      ],
      "baseline_trimmed_mean_ms": 127837.12703366716,
      "baseline_row_count": 33,
      "workers": [
        {
          "worker_id": 1,
          "times_ms": [],
          "trimmed_mean_ms": 0,
          "speedup": 0,
          "row_count": 0,
          "rows_match": false,
          "status": "error",
          "error": "column reference \"ss_item_sk\" is ambiguous\nLINE 92:   JOIN cross_items ci ON ss_item_sk = ci.ss_item_sk\n                                  ^\n"
        },
        {
          "worker_id": 2,
          "times_ms": [
            144441.3887970004,
            157722.49015600028,
            164705.92278099866,
            178894.16960400195,
            166409.72892799982
          ],
          "trimmed_mean_ms": 162946.04728833292,
          "speedup": 0.7845365331719858,
          "row_count": 33,
          "rows_match": true,
          "status": "pass",
          "error": ""
        },
        {
          "worker_id": 3,
          "times_ms": [
            226114.32691799928,
            172408.51268400002,
            198630.13226800103,
            207067.61792600082,
            197779.29662899987
          ],
          "trimmed_mean_ms": 201159.01560766724,
          "speedup": 0.6355028465788267,
          "row_count": 33,
          "rows_match": true,
          "status": "pass",
          "error": ""
        },
        {
          "worker_id": 4,
          "times_ms": [
            134645.7225459999,
            136047.8220849982,
            125757.91028100139,
            106317.15322899981,
            100279.00699700331
          ],
          "trimmed_mean_ms": 122240.26201866702,
          "speedup": 1.0457857740369163,
          "row_count": 33,
          "rows_match": true,
          "status": "pass",
          "error": ""
        }
      ],
      "best_worker_id": 4,
      "best_speedup": 1.0457857740369163,
      "exited": false
    },
    "benchmark_iter1": {
      "query_id": "query014_multi",
      "baseline_times_ms": [
        115315.45887500033,
        112141.32242800042,
        119769.97900599963,
        115904.31823100153,
        112881.50265700096
      ],
      "baseline_trimmed_mean_ms": 114700.4265876676,
      "baseline_row_count": 33,
      "workers": [
        {
          "worker_id": 5,
          "times_ms": [],
          "trimmed_mean_ms": 0,
          "speedup": 0,
          "row_count": 0,
          "rows_match": false,
          "status": "error",
          "error": "canceling statement due to statement timeout\n"
        }
      ],
      "best_worker_id": 0,
      "best_speedup": 0.0,
      "exited": false
    },
    "benchmark_iter2": {
      "query_id": "query014_multi",
      "baseline_times_ms": [
        112871.56295800014,
        124285.69949499797,
        143671.72063999897,
        154894.6369389996,
        134611.04627499662
      ],
      "baseline_trimmed_mean_ms": 134189.4888033312,
      "baseline_row_count": 33,
      "workers": [
        {
          "worker_id": 6,
          "times_ms": [
            151608.18750100225,
            148103.29862500294,
            145415.993032002,
            154089.50066200123,
            144214.32763199846
          ],
          "trimmed_mean_ms": 148375.8263860024,
          "speedup": 0.9043891587450021,
          "row_count": 30,
          "rows_match": false,
          "status": "fail",
          "error": ""
        }
      ],
      "best_worker_id": 0,
      "best_speedup": 0.0,
      "exited": false
    }
  }
}