{
  "query_id": "query_12",
  "baseline_times_ms": [
    298.47587600033876,
    56.1918120001792,
    58.239975000105915,
    62.48781699923711,
    57.018325999706576
  ],
  "baseline_trimmed_mean_ms": 59.2487059996832,
  "baseline_row_count": 100,
  "workers": [
    {
      "worker_id": 1,
      "times_ms": [
        56.970562000060454,
        65.42215799981932,
        58.69451400030812,
        61.69558500005223,
        56.55201600075088
      ],
      "trimmed_mean_ms": 59.120220333473604,
      "speedup": 1.002173294779432,
      "row_count": 100,
      "rows_match": true,
      "status": "pass",
      "error": ""
    },
    {
      "worker_id": 2,
      "times_ms": [
        66.34117100020376,
        61.60320800063346,
        57.612906999565894,
        57.061227000303916,
        59.72751799981779
      ],
      "trimmed_mean_ms": 59.64787766667238,
      "speedup": 0.993307864711971,
      "row_count": 100,
      "rows_match": true,
      "status": "pass",
      "error": ""
    },
    {
      "worker_id": 3,
      "times_ms": [
        61.27164999998058,
        56.15891500019643,
        56.71357700066437,
        58.54267199993046,
        56.22163600037311
      ],
      "trimmed_mean_ms": 57.15929500032265,
      "speedup": 1.036554177222598,
      "row_count": 100,
      "rows_match": true,
      "status": "pass",
      "error": ""
    },
    {
      "worker_id": 4,
      "times_ms": [
        149.23485100007383,
        160.4391820001183,
        160.10414399988804,
        161.9948799998383,
        158.74233900012769
      ],
      "trimmed_mean_ms": 159.761888333378,
      "speedup": 0.37085632010087327,
      "row_count": 100,
      "rows_match": true,
      "status": "pass",
      "error": ""
    }
  ],
  "best_worker_id": 3,
  "best_speedup": 1.036554177222598,
  "exited": false
}