{
  "query_id": "query_15",
  "baseline_times_ms": [
    123.88367299990932,
    84.38070099964534,
    94.9546490001012,
    94.21728899997106,
    87.20041200012929
  ],
  "baseline_trimmed_mean_ms": 92.12411666673385,
  "baseline_row_count": 100,
  "workers": [
    {
      "worker_id": 5,
      "times_ms": [
        63.23661400074343,
        41.077167999901576,
        44.82271899996704,
        39.69749000043521,
        43.81064700010029
      ],
      "trimmed_mean_ms": 43.2368446666563,
      "speedup": 2.1306854692331143,
      "row_count": 100,
      "rows_match": true,
      "status": "pass",
      "error": ""
    }
  ],
  "best_worker_id": 5,
  "best_speedup": 2.1306854692331143,
  "exited": true
}