{
  "source": "swarm2_w3",
  "original_path": "/mnt/c/Users/jakc9/Documents/QueryTorque_V8/packages/qt-sql/qt_sql/benchmarks/postgres_dsb/queries/query059_multi.sql",
  "optimized_path": "/mnt/c/Users/jakc9/Documents/QueryTorque_V8/packages/qt-sql/qt_sql/benchmarks/postgres_dsb/swarm_batch_20260208_142643/query059_multi/worker_3_sql.sql",
  "validation": {
    "query_id": "query059_multi",
    "status": "WIN",
    "best_speedup": 4.68,
    "best_worker": 1,
    "best_iteration": 0
  },
  "benchmark_iters": {
    "benchmark_iter0": {
      "query_id": "query059_multi",
      "baseline_times_ms": [
        21429.778551999334,
        20444.61104400034,
        18342.144993002876,
        19034.98282700093,
        18810.101347000455
      ],
      "baseline_trimmed_mean_ms": 19429.898406000575,
      "baseline_row_count": 100,
      "workers": [
        {
          "worker_id": 1,
          "times_ms": [
            7745.349213000736,
            3969.0878959991096,
            4011.9168989986065,
            3988.3707119988685,
            4454.828020996501
          ],
          "trimmed_mean_ms": 4151.705210664659,
          "speedup": 4.6799802539183615,
          "row_count": 100,
          "rows_match": true,
          "status": "pass",
          "error": ""
        },
        {
          "worker_id": 2,
          "times_ms": [
            19933.62627300303,
            20456.40122899931,
            19367.756343999645,
            19635.001894002926,
            21379.593906000082
          ],
          "trimmed_mean_ms": 20008.343132001755,
          "speedup": 0.9710898237707647,
          "row_count": 100,
          "rows_match": true,
          "status": "pass",
          "error": ""
        },
        {
          "worker_id": 3,
          "times_ms": [
            4767.635510001128,
            4189.000138998381,
            4143.128521001927,
            4256.646124002145,
            3841.4695719984593
          ],
          "trimmed_mean_ms": 4196.258261334151,
          "speedup": 4.630291368154034,
          "row_count": 100,
          "rows_match": true,
          "status": "pass",
          "error": ""
        },
        {
          "worker_id": 4,
          "times_ms": [
            16893.026928002655,
            17543.6040420027,
            18520.403877999343,
            20096.098113001062,
            21665.835275001882
          ],
          "trimmed_mean_ms": 18720.035344334367,
          "speedup": 1.0379199637505518,
          "row_count": 2,
          "rows_match": false,
          "status": "fail",
          "error": ""
        }
      ],
      "best_worker_id": 1,
      "best_speedup": 4.6799802539183615,
      "exited": true
    }
  }
}