{
  "query_id": "query_45",
  "baseline_times_ms": [
    178.23485000008077,
    103.20592499920167,
    105.45447900040017,
    107.21422999995411,
    100.56414000064251
  ],
  "baseline_trimmed_mean_ms": 105.29154466651865,
  "baseline_row_count": 36,
  "workers": [
    {
      "worker_id": 6,
      "times_ms": [
        82.3680150006112,
        75.18293399880349,
        75.71546200051671,
        94.64339300029678,
        77.82681699973182
      ],
      "trimmed_mean_ms": 78.63676466695324,
      "speedup": 1.3389607915897253,
      "row_count": 36,
      "rows_match": true,
      "status": "pass",
      "error": ""
    }
  ],
  "best_worker_id": 6,
  "best_speedup": 1.3389607915897253,
  "exited": false
}