{
  "query_id": "query_64",
  "baseline_times_ms": [
    1885.156220000681,
    1522.3890950001078,
    1460.707360000015,
    1494.9402990005183,
    1578.3313100000669
  ],
  "baseline_trimmed_mean_ms": 1531.8869013335643,
  "baseline_row_count": 3,
  "workers": [
    {
      "worker_id": 1,
      "times_ms": [
        1609.9077590006345,
        1485.1972500000556,
        1556.8852050000714,
        1493.9605650006342,
        1582.8775850004604
      ],
      "trimmed_mean_ms": 1544.5744516670554,
      "speedup": 0.9917857308077331,
      "row_count": 3,
      "rows_match": true,
      "status": "pass",
      "error": ""
    },
    {
      "worker_id": 2,
      "times_ms": [
        1513.4497049994025,
        1612.5718639996194,
        1628.5130610003762,
        1578.296479000528,
        1564.4461239999146
      ],
      "trimmed_mean_ms": 1585.104822333354,
      "speedup": 0.9664262449713261,
      "row_count": 9,
      "rows_match": false,
      "status": "fail",
      "error": ""
    },
    {
      "worker_id": 3,
      "times_ms": [
        1270.1940100005231,
        1233.4721560000617,
        1241.636748000019,
        1145.0392239994471,
        1230.0140890001785
      ],
      "trimmed_mean_ms": 1235.0409976667531,
      "speedup": 1.240353076721837,
      "row_count": 3,
      "rows_match": true,
      "status": "pass",
      "error": ""
    },
    {
      "worker_id": 4,
      "times_ms": [
        4149.841872000252,
        4314.509720999922,
        4095.083722999334,
        4077.7163150005435,
        3944.775053999365
      ],
      "trimmed_mean_ms": 4107.5473033333765,
      "speedup": 0.3729444333094838,
      "row_count": 3,
      "rows_match": true,
      "status": "pass",
      "error": ""
    }
  ],
  "best_worker_id": 3,
  "best_speedup": 1.240353076721837,
  "exited": false
}