{
  "query_id": "query_94",
  "baseline_times_ms": [
    189.6996900013619,
    191.24852799905057,
    189.40803999976197,
    145.73057500092546,
    122.46278800012078
  ],
  "baseline_trimmed_mean_ms": 174.94610166734978,
  "baseline_row_count": 1,
  "workers": [
    {
      "worker_id": 5,
      "times_ms": [
        103.87075600010576,
        96.71058999992965,
        118.75178199989023,
        101.23194500010868,
        94.02992100149277
      ],
      "trimmed_mean_ms": 100.60443033338136,
      "speedup": 1.7389502737366156,
      "row_count": 1,
      "rows_match": true,
      "status": "pass",
      "error": ""
    }
  ],
  "best_worker_id": 5,
  "best_speedup": 1.7389502737366156,
  "exited": false
}