{
  "query_id": "query_29",
  "baseline_times_ms": [
    679.4487489996754,
    427.9969039998832,
    499.6450980006557,
    453.4810040004231,
    436.4876009994987
  ],
  "baseline_trimmed_mean_ms": 463.2045676668592,
  "baseline_row_count": 4,
  "workers": [
    {
      "worker_id": 1,
      "times_ms": [],
      "trimmed_mean_ms": 0,
      "speedup": 0,
      "row_count": 0,
      "rows_match": false,
      "status": "error",
      "error": "Binder Error: Referenced column \"d_moy\" not found in FROM clause!\nCandidate bindings: \"ss_cdemo_sk\", \"ss_hdemo_sk\", \"d_date_sk\", \"ss_item_sk\", \"ss_store_sk\"\n\nLINE 17: ...old_date_sk IN (SELECT d_date_sk FROM filtered_dates WHERE d_moy = 4 AND d_year = 1999)\n                                                                       ^"
    },
    {
      "worker_id": 2,
      "times_ms": [
        479.5038209995255,
        438.6308780003674,
        442.0641959995919,
        428.71478800043405,
        470.8701830004429
      ],
      "trimmed_mean_ms": 450.5217523334674,
      "speedup": 1.0281513939509057,
      "row_count": 4,
      "rows_match": true,
      "status": "pass",
      "error": ""
    },
    {
      "worker_id": 3,
      "times_ms": [
        533.432891999837,
        558.4319200006576,
        526.3448380001137,
        544.2583559997729,
        514.8661650000577
      ],
      "trimmed_mean_ms": 534.6786953332412,
      "speedup": 0.8663232174945078,
      "row_count": 4,
      "rows_match": true,
      "status": "pass",
      "error": ""
    },
    {
      "worker_id": 4,
      "times_ms": [
        542.6059999999779,
        463.2449499995346,
        436.29490200055443,
        471.28701499968884,
        429.0909989995271
      ],
      "trimmed_mean_ms": 456.94228899992595,
      "speedup": 1.0137047474433565,
      "row_count": 4,
      "rows_match": true,
      "status": "pass",
      "error": ""
    }
  ],
  "best_worker_id": 2,
  "best_speedup": 1.0281513939509057,
  "exited": false
}