{
  "query_id": "query_71",
  "baseline_times_ms": [
    284.0087040003709,
    282.44730299957155,
    286.48442499979865,
    277.8812739998102,
    274.80472900060704
  ],
  "baseline_trimmed_mean_ms": 281.4457603332509,
  "baseline_row_count": 10293,
  "workers": [
    {
      "worker_id": 6,
      "times_ms": [
        314.08765300147934,
        323.2720199994219,
        288.93124100068235,
        323.21083299939346,
        301.3781850004307
      ],
      "trimmed_mean_ms": 312.8922236671012,
      "speedup": 0.8994974596514503,
      "row_count": 10293,
      "rows_match": true,
      "status": "pass",
      "error": ""
    }
  ],
  "best_worker_id": 6,
  "best_speedup": 0.8994974596514503,
  "exited": false
}