{
  "query_id": "query_39",
  "baseline_times_ms": [
    3624.7273859989946,
    3327.0834399991145,
    3186.75882000025,
    3234.1426009988936,
    3079.2122650000238
  ],
  "baseline_trimmed_mean_ms": 3249.3282869994196,
  "baseline_row_count": 52,
  "workers": [
    {
      "worker_id": 5,
      "times_ms": [
        270.75434399921505,
        254.5473480004148,
        251.74245000016526,
        253.26757000038924,
        274.8062860009668
      ],
      "trimmed_mean_ms": 259.5230873333397,
      "speedup": 12.52038236901012,
      "row_count": 1663,
      "rows_match": false,
      "status": "fail",
      "error": ""
    }
  ],
  "best_worker_id": 0,
  "best_speedup": 0.0,
  "exited": false
}