{
  "source": "swarm_w4",
  "original_path": "/mnt/c/Users/jakc9/Documents/QueryTorque_V8/packages/qt-sql/qt_sql/benchmarks/duckdb_tpcds/queries/query_60.sql",
  "optimized_path": "/mnt/c/Users/jakc9/Documents/QueryTorque_V8/packages/qt-sql/qt_sql/benchmarks/duckdb_tpcds/swarm_batch_20260208_102033/query_60/worker_4_sql.sql",
  "benchmark_iters": {
    "benchmark_iter0": {
      "query_id": "query_60",
      "baseline_times_ms": [
        294.83264299960865,
        294.4575060000716,
        289.87090999999054,
        294.1770289999113,
        310.85910000001604
      ],
      "baseline_trimmed_mean_ms": 294.4890593331972,
      "baseline_row_count": 100,
      "workers": [
        {
          "worker_id": 1,
          "times_ms": [
            288.46340400014014,
            289.6217460001935,
            287.8833129998384,
            278.11331399971095,
            333.653924999453
          ],
          "trimmed_mean_ms": 288.6561543333907,
          "speedup": 1.0202071042388712,
          "row_count": 100,
          "rows_match": true,
          "status": "pass",
          "error": ""
        },
        {
          "worker_id": 2,
          "times_ms": [
            312.92352699983894,
            303.5926909997215,
            298.60853599984694,
            294.29791099937574,
            276.4051260000997
          ],
          "trimmed_mean_ms": 298.83304599964805,
          "speedup": 0.9854634996878626,
          "row_count": 100,
          "rows_match": true,
          "status": "pass",
          "error": ""
        },
        {
          "worker_id": 3,
          "times_ms": [
            324.94713999949454,
            270.33219799977815,
            294.32361500039406,
            304.6488270001646,
            281.50263899988204
          ],
          "trimmed_mean_ms": 293.49169366681355,
          "speedup": 1.0033982756170126,
          "row_count": 100,
          "rows_match": true,
          "status": "pass",
          "error": ""
        },
        {
          "worker_id": 4,
          "times_ms": [
            265.36496300013823,
            273.53691600001184,
            277.52382299968303,
            265.99806800004444,
            248.41999799991754
          ],
          "trimmed_mean_ms": 268.2999823333982,
          "speedup": 1.0976111767583183,
          "row_count": 100,
          "rows_match": true,
          "status": "pass",
          "error": ""
        }
      ],
      "best_worker_id": 4,
      "best_speedup": 1.0976111767583183,
      "exited": false
    },
    "benchmark_iter1": {
      "query_id": "query_60",
      "baseline_times_ms": [
        396.46506699864403,
        309.58402800024487,
        342.73796799971024,
        304.66130700006033,
        294.0992179992463
      ],
      "baseline_trimmed_mean_ms": 318.99443433333846,
      "baseline_row_count": 100,
      "workers": [
        {
          "worker_id": 5,
          "times_ms": [
            299.06692000076873,
            282.71183899960306,
            287.45498600073915,
            261.25703300021996,
            251.34687999889138
          ],
          "trimmed_mean_ms": 277.1412860001874,
          "speedup": 1.151017370732424,
          "row_count": 100,
          "rows_match": true,
          "status": "pass",
          "error": ""
        }
      ],
      "best_worker_id": 5,
      "best_speedup": 1.151017370732424,
      "exited": false
    },
    "benchmark_iter2": {
      "query_id": "query_60",
      "baseline_times_ms": [
        301.28215799959435,
        290.6983360007871,
        317.981255999257,
        260.41564400111383,
        267.27764799943543
      ],
      "baseline_trimmed_mean_ms": 286.4193806666056,
      "baseline_row_count": 100,
      "workers": [
        {
          "worker_id": 6,
          "times_ms": [
            257.02422500035027,
            271.51149900055316,
            253.5699130003195,
            250.24961899907794,
            252.63865399938368
          ],
          "trimmed_mean_ms": 254.4109306666845,
          "speedup": 1.1258139731498285,
          "row_count": 100,
          "rows_match": true,
          "status": "pass",
          "error": ""
        }
      ],
      "best_worker_id": 6,
      "best_speedup": 1.1258139731498285,
      "exited": false
    }
  }
}