{
  "query_id": "query_53",
  "baseline_times_ms": [
    277.2127360003651,
    228.67111999948975,
    231.326151999383,
    226.9219379995775,
    248.74157100020966
  ],
  "baseline_trimmed_mean_ms": 236.24628099969414,
  "baseline_row_count": 100,
  "workers": [
    {
      "worker_id": 6,
      "times_ms": [
        204.9578770001972,
        191.31299300170213,
        201.0009360001277,
        193.99550699927204,
        192.86524900053337
      ],
      "trimmed_mean_ms": 195.95389733331103,
      "speedup": 1.2056217519258987,
      "row_count": 100,
      "rows_match": true,
      "status": "pass",
      "error": ""
    }
  ],
  "best_worker_id": 6,
  "best_speedup": 1.2056217519258987,
  "exited": false
}