{
  "source": "swarm2_w1",
  "original_path": "/mnt/c/Users/jakc9/Documents/QueryTorque_V8/packages/qt-sql/qt_sql/benchmarks/postgres_dsb/queries/query100_agg.sql",
  "optimized_path": "/mnt/c/Users/jakc9/Documents/QueryTorque_V8/packages/qt-sql/qt_sql/benchmarks/postgres_dsb/swarm_batch_20260208_142643/query100_agg/worker_1_sql.sql",
  "validation": {
    "query_id": "query100_agg",
    "status": "NEUTRAL",
    "best_speedup": 1.01,
    "best_worker": 1,
    "best_iteration": 0
  },
  "benchmark_iters": {
    "benchmark_iter0": {
      "query_id": "query100_agg",
      "baseline_times_ms": [
        13750.523997001437,
        13604.158800000732,
        13482.192044997646,
        13570.723535998695,
        14527.882503
      ],
      "baseline_trimmed_mean_ms": 13641.802111000288,
      "baseline_row_count": 111,
      "workers": [
        {
          "worker_id": 1,
          "times_ms": [
            13336.406110000098,
            16626.44640200233,
            13254.690608999226,
            13467.776114001026,
            13521.694671999285
          ],
          "trimmed_mean_ms": 13441.95896533347,
          "speedup": 1.014867114695277,
          "row_count": 111,
          "rows_match": true,
          "status": "pass",
          "error": ""
        },
        {
          "worker_id": 2,
          "times_ms": [
            14037.647069999366,
            13705.240616996889,
            13607.953268001438,
            13522.046854999644,
            13481.655614999909
          ],
          "trimmed_mean_ms": 13611.746913332658,
          "speedup": 1.0022080338298232,
          "row_count": 111,
          "rows_match": true,
          "status": "pass",
          "error": ""
        },
        {
          "worker_id": 3,
          "times_ms": [
            21354.695829002594,
            21568.18275399928,
            22573.388178996538,
            21579.964440999902,
            23110.773254000378
          ],
          "trimmed_mean_ms": 21907.178457998572,
          "speedup": 0.6227092246112371,
          "row_count": 111,
          "rows_match": true,
          "status": "pass",
          "error": ""
        },
        {
          "worker_id": 4,
          "times_ms": [
            5780.909831999452,
            5312.701832001039,
            4591.240830002789,
            4642.816296000092,
            4905.419791997701
          ],
          "trimmed_mean_ms": 4953.645973332944,
          "speedup": 2.753891211531559,
          "row_count": 109,
          "rows_match": false,
          "status": "fail",
          "error": ""
        }
      ],
      "best_worker_id": 1,
      "best_speedup": 1.014867114695277,
      "exited": false
    },
    "benchmark_iter1": {
      "query_id": "query100_agg",
      "baseline_times_ms": [
        19108.682930000214,
        19784.937288997753,
        19786.617744000978,
        19785.057678996964,
        19690.771038000094
      ],
      "baseline_trimmed_mean_ms": 19753.588668664936,
      "baseline_row_count": 111,
      "workers": [
        {
          "worker_id": 5,
          "times_ms": [
            25643.585903999337,
            26012.087184997654,
            26118.39336799676,
            25793.68032400089,
            25188.428534002014
          ],
          "trimmed_mean_ms": 25816.45113766596,
          "speedup": 0.7651550774089407,
          "row_count": 109,
          "rows_match": false,
          "status": "fail",
          "error": ""
        }
      ],
      "best_worker_id": 0,
      "best_speedup": 0.0,
      "exited": false
    },
    "benchmark_iter2": {
      "query_id": "query100_agg",
      "baseline_times_ms": [
        19344.749037998554,
        19352.341652000177,
        19740.58368799888,
        19812.873220002075,
        19626.801186001103
      ],
      "baseline_trimmed_mean_ms": 19573.242175333387,
      "baseline_row_count": 111,
      "workers": [
        {
          "worker_id": 6,
          "times_ms": [
            11278.784473000997,
            11106.701804001204,
            11069.800221997866,
            11116.06088299959,
            11112.981872996897
          ],
          "trimmed_mean_ms": 11111.914853332564,
          "speedup": 1.7614643770837746,
          "row_count": 40,
          "rows_match": false,
          "status": "fail",
          "error": ""
        }
      ],
      "best_worker_id": 0,
      "best_speedup": 0.0,
      "exited": false
    }
  }
}