{
  "query_id": "query_31",
  "baseline_times_ms": [
    535.5825919996278,
    480.96102500039706,
    442.8148959996179,
    474.76384499987034,
    408.6056860005556
  ],
  "baseline_trimmed_mean_ms": 466.1799219999618,
  "baseline_row_count": 307,
  "workers": [
    {
      "worker_id": 1,
      "times_ms": [
        646.117442999639,
        587.547068999811,
        612.5985119997495,
        624.4299129994033,
        611.0684870000114
      ],
      "trimmed_mean_ms": 616.0323039997214,
      "speedup": 0.7567459027281345,
      "row_count": 307,
      "rows_match": true,
      "status": "pass",
      "error": ""
    },
    {
      "worker_id": 2,
      "times_ms": [
        623.6640040006023,
        594.9395219995495,
        606.661265999719,
        612.022455999977,
        575.1426239994544
      ],
      "trimmed_mean_ms": 604.5410813330818,
      "speedup": 0.7711302612751842,
      "row_count": 307,
      "rows_match": true,
      "status": "pass",
      "error": ""
    },
    {
      "worker_id": 3,
      "times_ms": [
        556.7007480003667,
        579.7113139997236,
        626.6168720003407,
        618.8801119997152,
        615.7004080005208
      ],
      "trimmed_mean_ms": 604.7639446666532,
      "speedup": 0.7708460898027261,
      "row_count": 307,
      "rows_match": true,
      "status": "pass",
      "error": ""
    },
    {
      "worker_id": 4,
      "times_ms": [],
      "trimmed_mean_ms": 0,
      "speedup": 0,
      "row_count": 0,
      "rows_match": false,
      "status": "error",
      "error": "Not implemented Error: Non-inner join on correlated columns not supported"
    }
  ],
  "best_worker_id": 2,
  "best_speedup": 0.7711302612751842,
  "exited": false
}