{
  "source": "swarm_snipe",
  "original_path": "/mnt/c/Users/jakc9/Documents/QueryTorque_V8/packages/qt-sql/qt_sql/benchmarks/duckdb_tpcds/queries/query_52.sql",
  "optimized_path": "/mnt/c/Users/jakc9/Documents/QueryTorque_V8/packages/qt-sql/qt_sql/benchmarks/duckdb_tpcds/swarm_batch_20260208_102033/query_52/snipe_worker_sql.sql",
  "benchmark_iters": {
    "benchmark_iter0": {
      "query_id": "query_52",
      "baseline_times_ms": [
        161.85631900043518,
        169.36858499957452,
        172.76317599953472,
        176.34493200057477,
        196.20687699989503
      ],
      "baseline_trimmed_mean_ms": 172.82556433322802,
      "baseline_row_count": 100,
      "workers": [
        {
          "worker_id": 1,
          "times_ms": [
            167.98554900015006,
            178.02008699982252,
            154.7842749996562,
            176.03613800019957,
            172.8280730003462
          ],
          "trimmed_mean_ms": 172.28325333356528,
          "speedup": 1.0031477870841732,
          "row_count": 100,
          "rows_match": true,
          "status": "pass",
          "error": ""
        },
        {
          "worker_id": 2,
          "times_ms": [
            171.75690600015514,
            170.92467000020406,
            162.10711599978822,
            157.88381199945434,
            174.94367099970987
          ],
          "trimmed_mean_ms": 168.26289733338248,
          "speedup": 1.0271162987928673,
          "row_count": 100,
          "rows_match": true,
          "status": "pass",
          "error": ""
        },
        {
          "worker_id": 3,
          "times_ms": [
            209.20316799947614,
            157.3255249995782,
            163.4205229993313,
            165.09098899950914,
            185.63582700062398
          ],
          "trimmed_mean_ms": 171.3824463331548,
          "speedup": 1.0084204539668427,
          "row_count": 100,
          "rows_match": true,
          "status": "pass",
          "error": ""
        },
        {
          "worker_id": 4,
          "times_ms": [
            188.7041660002069,
            178.27965000014956,
            174.6623589997398,
            195.46995300061099,
            215.2609280001343
          ],
          "trimmed_mean_ms": 187.48458966698914,
          "speedup": 0.9218121054119779,
          "row_count": 100,
          "rows_match": true,
          "status": "pass",
          "error": ""
        }
      ],
      "best_worker_id": 2,
      "best_speedup": 1.0271162987928673,
      "exited": false
    },
    "benchmark_iter1": {
      "query_id": "query_52",
      "baseline_times_ms": [
        177.55368899997848,
        223.9107650002552,
        160.90233199975046,
        155.74016000027768,
        172.10825999973167
      ],
      "baseline_trimmed_mean_ms": 170.18809366648688,
      "baseline_row_count": 100,
      "workers": [
        {
          "worker_id": 5,
          "times_ms": [
            156.05492600116122,
            165.677273998881,
            166.1478360001638,
            154.52334099973086,
            151.0710789989389
          ],
          "trimmed_mean_ms": 158.75184699992437,
          "speedup": 1.0720385109381938,
          "row_count": 100,
          "rows_match": true,
          "status": "pass",
          "error": ""
        }
      ],
      "best_worker_id": 5,
      "best_speedup": 1.0720385109381938,
      "exited": false
    },
    "benchmark_iter2": {
      "query_id": "query_52",
      "baseline_times_ms": [
        163.81797500071116,
        179.0128700013156,
        146.48923899949295,
        150.1386759991874,
        139.51331899988872
      ],
      "baseline_trimmed_mean_ms": 153.4819633331305,
      "baseline_row_count": 100,
      "workers": [
        {
          "worker_id": 6,
          "times_ms": [
            160.80757700001413,
            171.103018001304,
            158.38825900027587,
            153.54041399950802,
            175.44541099960043
          ],
          "trimmed_mean_ms": 163.43295133386468,
          "speedup": 0.939112719194515,
          "row_count": 100,
          "rows_match": true,
          "status": "pass",
          "error": ""
        }
      ],
      "best_worker_id": 6,
      "best_speedup": 0.939112719194515,
      "exited": false
    }
  }
}