{
  "query_id": "query_36",
  "baseline_times_ms": [
    917.7152759984892,
    905.7707709998795,
    868.042037000123,
    787.1528550003859,
    863.880324001002
  ],
  "baseline_trimmed_mean_ms": 879.2310440003348,
  "baseline_row_count": 100,
  "workers": [
    {
      "worker_id": 6,
      "times_ms": [
        369.81076299889537,
        332.31745900047827,
        329.89199900112,
        379.2709819990705,
        366.41038800007664
      ],
      "trimmed_mean_ms": 356.17953666648344,
      "speedup": 2.4685052157379332,
      "row_count": 100,
      "rows_match": true,
      "status": "pass",
      "error": ""
    }
  ],
  "best_worker_id": 6,
  "best_speedup": 2.4685052157379332,
  "exited": true
}