{
  "query_id": "query_36",
  "baseline_times_ms": [
    924.412760999985,
    886.1718529997233,
    869.35363900011,
    844.674083999962,
    801.0687450005207
  ],
  "baseline_trimmed_mean_ms": 866.7331919999318,
  "baseline_row_count": 100,
  "workers": [
    {
      "worker_id": 1,
      "times_ms": [
        859.1034549999677,
        900.9850780003035,
        885.9066539998821,
        875.4417940008352,
        840.9179880000011
      ],
      "trimmed_mean_ms": 873.483967666895,
      "speedup": 0.9922714372365704,
      "row_count": 100,
      "rows_match": true,
      "status": "pass",
      "error": ""
    },
    {
      "worker_id": 2,
      "times_ms": [
        926.8378930000836,
        873.8023949999842,
        872.3109700003988,
        888.4428829996978,
        848.8201360005405
      ],
      "trimmed_mean_ms": 878.185416000027,
      "speedup": 0.9869592186439876,
      "row_count": 100,
      "rows_match": true,
      "status": "pass",
      "error": ""
    },
    {
      "worker_id": 3,
      "times_ms": [
        951.069902999734,
        951.7210040003192,
        878.0459809995591,
        886.4120469997943,
        836.3506539999435
      ],
      "trimmed_mean_ms": 905.1759769996958,
      "speedup": 0.9575300428020784,
      "row_count": 100,
      "rows_match": true,
      "status": "pass",
      "error": ""
    },
    {
      "worker_id": 4,
      "times_ms": [
        2054.4575690000784,
        1987.8288620002422,
        2043.3129350003583,
        2147.1485280007983,
        1989.0746579994811
      ],
      "trimmed_mean_ms": 2028.9483873333058,
      "speedup": 0.42718345987060785,
      "row_count": 100,
      "rows_match": true,
      "status": "pass",
      "error": ""
    }
  ],
  "best_worker_id": 1,
  "best_speedup": 0.9922714372365704,
  "exited": false
}