{
  "query_id": "query_24",
  "baseline_times_ms": [
    921.82563499955,
    913.6795369995525,
    949.6688309991441,
    901.4456330005487,
    903.7185239994869
  ],
  "baseline_trimmed_mean_ms": 913.0745653328631,
  "baseline_row_count": 0,
  "workers": [
    {
      "worker_id": 6,
      "times_ms": [
        467.2027920005348,
        451.20005500029947,
        434.02681999941706,
        457.5753530007205,
        471.1083359998156
      ],
      "trimmed_mean_ms": 458.65940000051825,
      "speedup": 1.9907464347876256,
      "row_count": 1,
      "rows_match": false,
      "status": "fail",
      "error": ""
    }
  ],
  "best_worker_id": 0,
  "best_speedup": 0.0,
  "exited": false
}