{
  "query_id": "query_24",
  "baseline_times_ms": [
    1049.627997999778,
    1000.4781379993801,
    988.4389430008014,
    886.4376869987609,
    904.3086830006359
  ],
  "baseline_trimmed_mean_ms": 964.4085880002725,
  "baseline_row_count": 0,
  "workers": [
    {
      "worker_id": 5,
      "times_ms": [
        1346.5339499998663,
        1263.885936999941,
        1247.0413079990976,
        1272.332151000228,
        1258.2284030013398
      ],
      "trimmed_mean_ms": 1264.8154970005028,
      "speedup": 0.7624895411918637,
      "row_count": 1,
      "rows_match": false,
      "status": "fail",
      "error": ""
    }
  ],
  "best_worker_id": 0,
  "best_speedup": 0.0,
  "exited": false
}