{
  "query_id": "query_60",
  "baseline_times_ms": [
    301.28215799959435,
    290.6983360007871,
    317.981255999257,
    260.41564400111383,
    267.27764799943543
  ],
  "baseline_trimmed_mean_ms": 286.4193806666056,
  "baseline_row_count": 100,
  "workers": [
    {
      "worker_id": 6,
      "times_ms": [
        257.02422500035027,
        271.51149900055316,
        253.5699130003195,
        250.24961899907794,
        252.63865399938368
      ],
      "trimmed_mean_ms": 254.4109306666845,
      "speedup": 1.1258139731498285,
      "row_count": 100,
      "rows_match": true,
      "status": "pass",
      "error": ""
    }
  ],
  "best_worker_id": 6,
  "best_speedup": 1.1258139731498285,
  "exited": false
}