{
  "query_id": "query_60",
  "baseline_times_ms": [
    396.46506699864403,
    309.58402800024487,
    342.73796799971024,
    304.66130700006033,
    294.0992179992463
  ],
  "baseline_trimmed_mean_ms": 318.99443433333846,
  "baseline_row_count": 100,
  "workers": [
    {
      "worker_id": 5,
      "times_ms": [
        299.06692000076873,
        282.71183899960306,
        287.45498600073915,
        261.25703300021996,
        251.34687999889138
      ],
      "trimmed_mean_ms": 277.1412860001874,
      "speedup": 1.151017370732424,
      "row_count": 100,
      "rows_match": true,
      "status": "pass",
      "error": ""
    }
  ],
  "best_worker_id": 5,
  "best_speedup": 1.151017370732424,
  "exited": false
}