{
  "query_id": "query_65",
  "baseline_times_ms": [
    1470.6988990001264,
    1457.199780999872,
    1554.3954879995,
    1639.36003300023,
    1458.801594999386
  ],
  "baseline_trimmed_mean_ms": 1494.6319939996708,
  "baseline_row_count": 100,
  "workers": [
    {
      "worker_id": 1,
      "times_ms": [
        837.5213909994272,
        816.5940960006992,
        845.7493349997094,
        821.4683510004761,
        863.871465999182
      ],
      "trimmed_mean_ms": 834.9130256665376,
      "speedup": 1.790164901076323,
      "row_count": 100,
      "rows_match": true,
      "status": "pass",
      "error": ""
    },
    {
      "worker_id": 2,
      "times_ms": [
        841.2242129998049,
        840.3120379998654,
        796.4260819999254,
        809.7626999997374,
        837.2419449997324
      ],
      "trimmed_mean_ms": 829.1055609997784,
      "speedup": 1.8027040998221822,
      "row_count": 100,
      "rows_match": true,
      "status": "pass",
      "error": ""
    },
    {
      "worker_id": 3,
      "times_ms": [
        843.3610929996576,
        869.8862279998139,
        745.0309960004233,
        824.392631999217,
        762.7085350004563
      ],
      "trimmed_mean_ms": 810.1540866664436,
      "speedup": 1.8448737327854032,
      "row_count": 100,
      "rows_match": true,
      "status": "pass",
      "error": ""
    },
    {
      "worker_id": 4,
      "times_ms": [
        892.9250760002105,
        799.4501120001587,
        835.3406899996116,
        830.7407250003962,
        842.3720479995609
      ],
      "trimmed_mean_ms": 836.1511543331895,
      "speedup": 1.7875141190130917,
      "row_count": 100,
      "rows_match": true,
      "status": "pass",
      "error": ""
    }
  ],
  "best_worker_id": 3,
  "best_speedup": 1.8448737327854032,
  "exited": false
}