{
  "source": "swarm2_snipe",
  "original_path": "/mnt/c/Users/jakc9/Documents/QueryTorque_V8/packages/qt-sql/qt_sql/benchmarks/postgres_dsb/queries/query027_spj_spj.sql",
  "optimized_path": "/mnt/c/Users/jakc9/Documents/QueryTorque_V8/packages/qt-sql/qt_sql/benchmarks/postgres_dsb/swarm_batch_20260208_142643/query027_spj_spj/snipe_worker_sql.sql",
  "validation": {
    "query_id": "query027_spj_spj",
    "status": "WIN",
    "best_speedup": 11.23,
    "best_worker": 6,
    "best_iteration": 2
  },
  "benchmark_iters": {
    "benchmark_iter0": {
      "query_id": "query027_spj_spj",
      "baseline_times_ms": [
        28.51502200064715,
        31.732144998386502,
        28.944739999133162,
        30.489439999655588,
        67.03642299908097
      ],
      "baseline_trimmed_mean_ms": 30.388774999058416,
      "baseline_row_count": 1,
      "workers": [
        {
          "worker_id": 1,
          "times_ms": [
            56.332225001824554,
            47.49180100043304,
            44.190705000801245,
            48.453269999299664,
            42.86123700148892
          ],
          "trimmed_mean_ms": 46.71192533351132,
          "speedup": 0.6505571068220858,
          "row_count": 1,
          "rows_match": true,
          "status": "pass",
          "error": ""
        },
        {
          "worker_id": 2,
          "times_ms": [
            40.14748300323845,
            39.78657300103805,
            44.36879300192231,
            33.524883998325095,
            31.49435700106551
          ],
          "trimmed_mean_ms": 37.81964666753387,
          "speedup": 0.8035182154450308,
          "row_count": 1,
          "rows_match": true,
          "status": "pass",
          "error": ""
        },
        {
          "worker_id": 3,
          "times_ms": [
            35.34571699856315,
            30.27358400140656,
            31.861247000051662,
            32.73670800263062,
            26.796022000780795
          ],
          "trimmed_mean_ms": 31.62384633469628,
          "speedup": 0.9609449362178692,
          "row_count": 1,
          "rows_match": true,
          "status": "pass",
          "error": ""
        },
        {
          "worker_id": 4,
          "times_ms": [
            27.42897899952368,
            29.20232800170197,
            25.78814099979354,
            29.847973000869388,
            29.816891998052597
          ],
          "trimmed_mean_ms": 28.81606633309275,
          "speedup": 1.0545774932562377,
          "row_count": 1,
          "rows_match": true,
          "status": "pass",
          "error": ""
        }
      ],
      "best_worker_id": 4,
      "best_speedup": 1.0545774932562377,
      "exited": false
    },
    "benchmark_iter1": {
      "query_id": "query027_spj_spj",
      "baseline_times_ms": [
        47.6868919977278,
        17.643178998696385,
        18.0543239985127,
        17.122386998380534,
        19.20986600089236
      ],
      "baseline_trimmed_mean_ms": 18.302456332700483,
      "baseline_row_count": 1,
      "workers": [
        {
          "worker_id": 5,
          "times_ms": [
            19.24706199861248,
            18.34720500119147,
            18.60693100024946,
            18.467835998308146,
            16.78143400204135
          ],
          "trimmed_mean_ms": 18.473990666583024,
          "speedup": 0.9907148197171701,
          "row_count": 1,
          "rows_match": true,
          "status": "pass",
          "error": ""
        }
      ],
      "best_worker_id": 5,
      "best_speedup": 0.9907148197171701,
      "exited": false
    },
    "benchmark_iter2": {
      "query_id": "query027_spj_spj",
      "baseline_times_ms": [
        57.349517999682575,
        22.24099299928639,
        35.374712002521846,
        20.23361699684756,
        20.512158997007646
      ],
      "baseline_trimmed_mean_ms": 26.042621332938626,
      "baseline_row_count": 1,
      "workers": [
        {
          "worker_id": 6,
          "times_ms": [
            2.116850002494175,
            2.1263019989419263,
            2.237687000160804,
            2.728980001847958,
            2.591753000160679
          ],
          "trimmed_mean_ms": 2.3185806664211364,
          "speedup": 11.232139433447843,
          "row_count": 1,
          "rows_match": true,
          "status": "pass",
          "error": ""
        }
      ],
      "best_worker_id": 6,
      "best_speedup": 11.232139433447843,
      "exited": true
    }
  }
}