{
  "query_id": "query_55",
  "baseline_times_ms": [
    151.43421500033583,
    143.91125200017996,
    143.44243099913,
    143.89357099935296,
    151.2986229990929
  ],
  "baseline_trimmed_mean_ms": 146.36781533287527,
  "baseline_row_count": 100,
  "workers": [
    {
      "worker_id": 6,
      "times_ms": [
        161.6321159999643,
        161.35479900003702,
        149.71744200011017,
        144.466243998977,
        161.343128000226
      ],
      "trimmed_mean_ms": 157.47178966679107,
      "speedup": 0.9294859456578749,
      "row_count": 100,
      "rows_match": true,
      "status": "pass",
      "error": ""
    }
  ],
  "best_worker_id": 6,
  "best_speedup": 0.9294859456578749,
  "exited": false
}