{
  "query_id": "query_55",
  "baseline_times_ms": [
    221.4242669997475,
    261.47669100100757,
    183.97954499960179,
    186.24576299953333,
    177.5962880001316
  ],
  "baseline_trimmed_mean_ms": 197.21652499962752,
  "baseline_row_count": 100,
  "workers": [
    {
      "worker_id": 5,
      "times_ms": [
        176.31790800078306,
        190.28049199914676,
        181.89617700045346,
        190.06354499833833,
        176.5731430004962
      ],
      "trimmed_mean_ms": 182.844288333096,
      "speedup": 1.0786036949666646,
      "row_count": 100,
      "rows_match": true,
      "status": "pass",
      "error": ""
    }
  ],
  "best_worker_id": 5,
  "best_speedup": 1.0786036949666646,
  "exited": false
}