{
  "query_id": "query_55",
  "baseline_times_ms": [
    160.17934399951628,
    150.75906499987468,
    153.62772500066058,
    155.97266199984006,
    165.94177699971624
  ],
  "baseline_trimmed_mean_ms": 156.5932436666723,
  "baseline_row_count": 100,
  "workers": [
    {
      "worker_id": 1,
      "times_ms": [
        166.69444699982705,
        155.899579999641,
        149.78419500039308,
        150.33087899973907,
        175.50327299977653
      ],
      "trimmed_mean_ms": 157.64163533306905,
      "speedup": 0.9933495255604163,
      "row_count": 100,
      "rows_match": true,
      "status": "pass",
      "error": ""
    },
    {
      "worker_id": 2,
      "times_ms": [
        175.10840199975064,
        173.59858799954964,
        165.7926130001215,
        165.08740399967792,
        156.7050260000542
      ],
      "trimmed_mean_ms": 168.159534999783,
      "speedup": 0.9312183437405103,
      "row_count": 100,
      "rows_match": true,
      "status": "pass",
      "error": ""
    },
    {
      "worker_id": 3,
      "times_ms": [
        159.23109899995325,
        172.9033769997841,
        189.8219450004035,
        156.4172039998084,
        161.78615300032106
      ],
      "trimmed_mean_ms": 164.64020966668613,
      "speedup": 0.9511239325052798,
      "row_count": 100,
      "rows_match": true,
      "status": "pass",
      "error": ""
    },
    {
      "worker_id": 4,
      "times_ms": [
        151.8732339991402,
        160.52906599998096,
        175.64653400040697,
        168.4781630001453,
        158.98217899939482
      ],
      "trimmed_mean_ms": 162.66313599984036,
      "speedup": 0.9626842781810501,
      "row_count": 100,
      "rows_match": true,
      "status": "pass",
      "error": ""
    }
  ],
  "best_worker_id": 1,
  "best_speedup": 0.9933495255604163,
  "exited": false
}