{
  "query_id": "query_42",
  "baseline_times_ms": [
    944.7958659993674,
    147.46029600064503,
    138.9550309995684,
    138.723688999562,
    141.80025899986504
  ],
  "baseline_trimmed_mean_ms": 142.73852866669282,
  "baseline_row_count": 11,
  "workers": [
    {
      "worker_id": 1,
      "times_ms": [
        139.4741949998206,
        157.53410100023757,
        140.61236100042152,
        141.17508600065776,
        134.22802700006287
      ],
      "trimmed_mean_ms": 140.4205473336333,
      "speedup": 1.0165074227175037,
      "row_count": 11,
      "rows_match": true,
      "status": "pass",
      "error": ""
    },
    {
      "worker_id": 2,
      "times_ms": [
        138.05847000003268,
        139.80958899992402,
        142.65481599977647,
        146.48256999953446,
        149.13858700037963
      ],
      "trimmed_mean_ms": 142.98232499974498,
      "speedup": 0.9982949197877948,
      "row_count": 11,
      "rows_match": true,
      "status": "pass",
      "error": ""
    },
    {
      "worker_id": 3,
      "times_ms": [
        140.01908699992782,
        138.0138269996678,
        141.0798970000542,
        139.68725099948642,
        136.72731099995872
      ],
      "trimmed_mean_ms": 139.24005499969402,
      "speedup": 1.025125483231147,
      "row_count": 11,
      "rows_match": true,
      "status": "pass",
      "error": ""
    },
    {
      "worker_id": 4,
      "times_ms": [
        155.10823000022356,
        135.86124800076504,
        140.25691699953313,
        140.76407399988966,
        142.52378000037424
      ],
      "trimmed_mean_ms": 141.1815903332657,
      "speedup": 1.0110279132693711,
      "row_count": 11,
      "rows_match": true,
      "status": "pass",
      "error": ""
    }
  ],
  "best_worker_id": 3,
  "best_speedup": 1.025125483231147,
  "exited": false
}