{
  "query_id": "query100_agg",
  "baseline_times_ms": [
    13750.523997001437,
    13604.158800000732,
    13482.192044997646,
    13570.723535998695,
    14527.882503
  ],
  "baseline_trimmed_mean_ms": 13641.802111000288,
  "baseline_row_count": 111,
  "workers": [
    {
      "worker_id": 1,
      "times_ms": [
        13336.406110000098,
        16626.44640200233,
        13254.690608999226,
        13467.776114001026,
        13521.694671999285
      ],
      "trimmed_mean_ms": 13441.95896533347,
      "speedup": 1.014867114695277,
      "row_count": 111,
      "rows_match": true,
      "status": "pass",
      "error": ""
    },
    {
      "worker_id": 2,
      "times_ms": [
        14037.647069999366,
        13705.240616996889,
        13607.953268001438,
        13522.046854999644,
        13481.655614999909
      ],
      "trimmed_mean_ms": 13611.746913332658,
      "speedup": 1.0022080338298232,
      "row_count": 111,
      "rows_match": true,
      "status": "pass",
      "error": ""
    },
    {
      "worker_id": 3,
      "times_ms": [
        21354.695829002594,
        21568.18275399928,
        22573.388178996538,
        21579.964440999902,
        23110.773254000378
      ],
      "trimmed_mean_ms": 21907.178457998572,
      "speedup": 0.6227092246112371,
      "row_count": 111,
      "rows_match": true,
      "status": "pass",
      "error": ""
    },
    {
      "worker_id": 4,
      "times_ms": [
        5780.909831999452,
        5312.701832001039,
        4591.240830002789,
        4642.816296000092,
        4905.419791997701
      ],
      "trimmed_mean_ms": 4953.645973332944,
      "speedup": 2.753891211531559,
      "row_count": 109,
      "rows_match": false,
      "status": "fail",
      "error": ""
    }
  ],
  "best_worker_id": 1,
  "best_speedup": 1.014867114695277,
  "exited": false
}