{
  "query_id": "query031_multi",
  "baseline_times_ms": [
    6528.314170998783,
    2300.7966889999807,
    2098.946555001021,
    2124.5844769982796,
    2128.126315001282
  ],
  "baseline_trimmed_mean_ms": 2184.502493666514,
  "baseline_row_count": 0,
  "workers": [
    {
      "worker_id": 5,
      "times_ms": [
        4129.10000699776,
        2947.437955001078,
        2984.936013999686,
        2930.5882409971673,
        2937.2819020027237
      ],
      "trimmed_mean_ms": 2956.5519570011625,
      "speedup": 0.7388682916576443,
      "row_count": 0,
      "rows_match": true,
      "status": "pass",
      "error": ""
    }
  ],
  "best_worker_id": 5,
  "best_speedup": 0.7388682916576443,
  "exited": false
}