{
  "query_id": "query084_agg",
  "baseline_times_ms": [
    580.6207170026028,
    451.49964499796624,
    391.9142720005766,
    379.40774700109614,
    369.2947500021546
  ],
  "baseline_trimmed_mean_ms": 407.607221333213,
  "baseline_row_count": 100,
  "workers": [
    {
      "worker_id": 5,
      "times_ms": [
        361.5819549995649,
        362.93894600021304,
        351.32113399959053,
        349.20890500143287,
        352.23992399915005
      ],
      "trimmed_mean_ms": 355.0476709994352,
      "speedup": 1.148035192530136,
      "row_count": 100,
      "rows_match": true,
      "status": "pass",
      "error": ""
    }
  ],
  "best_worker_id": 5,
  "best_speedup": 1.148035192530136,
  "exited": false
}