{
  "query_id": "query072_spj_spj",
  "baseline_times_ms": [
    3762.564005999593,
    3180.362826999044,
    3148.53220799705,
    3197.256072999153,
    3162.8690810030093
  ],
  "baseline_trimmed_mean_ms": 3180.1626603337354,
  "baseline_row_count": 1,
  "workers": [
    {
      "worker_id": 1,
      "times_ms": [
        3178.461089999473,
        3199.286387000029,
        3189.817316000699,
        3147.169740001118,
        3261.3084300028277
      ],
      "trimmed_mean_ms": 3189.1882643334006,
      "speedup": 0.9971699369082083,
      "row_count": 1,
      "rows_match": true,
      "status": "pass",
      "error": ""
    },
    {
      "worker_id": 2,
      "times_ms": [
        1622.365739000088,
        1698.919921000197,
        1676.568025999586,
        1682.933874999435,
        1638.5656780003046
      ],
      "trimmed_mean_ms": 1666.0225263331085,
      "speedup": 1.908835330896292,
      "row_count": 1,
      "rows_match": true,
      "status": "pass",
      "error": ""
    },
    {
      "worker_id": 3,
      "times_ms": [
        3142.6668469975994,
        3132.8688930007047,
        3158.8751880008203,
        3067.097010996804,
        2772.6500919998216
      ],
      "trimmed_mean_ms": 3114.210916998369,
      "speedup": 1.0211776739254814,
      "row_count": 1,
      "rows_match": true,
      "status": "pass",
      "error": ""
    },
    {
      "worker_id": 4,
      "times_ms": [
        2515.5412849999266,
        2698.3683460020984,
        2744.4739540005685,
        2796.447815002466,
        2708.439111000189
      ],
      "trimmed_mean_ms": 2717.0938036676184,
      "speedup": 1.170427997752986,
      "row_count": 1,
      "rows_match": true,
      "status": "pass",
      "error": ""
    }
  ],
  "best_worker_id": 2,
  "best_speedup": 1.908835330896292,
  "exited": false
}