{
  "source": "swarm2_w4",
  "original_path": "/mnt/c/Users/jakc9/Documents/QueryTorque_V8/packages/qt-sql/qt_sql/benchmarks/postgres_dsb/queries/query101_agg.sql",
  "optimized_path": "/mnt/c/Users/jakc9/Documents/QueryTorque_V8/packages/qt-sql/qt_sql/benchmarks/postgres_dsb/swarm_batch_20260208_142643/query101_agg/worker_4_sql.sql",
  "validation": {
    "query_id": "query101_agg",
    "status": "WIN",
    "best_speedup": 5.23,
    "best_worker": 5,
    "best_iteration": 1
  },
  "benchmark_iters": {
    "benchmark_iter0": {
      "query_id": "query101_agg",
      "baseline_times_ms": [
        16083.718915000645,
        16891.524937000213,
        17288.67714899752,
        16139.851136002108,
        16192.616533000546
      ],
      "baseline_trimmed_mean_ms": 16407.99753533429,
      "baseline_row_count": 0,
      "workers": [
        {
          "worker_id": 1,
          "times_ms": [
            23822.25659300093,
            23592.6943150007,
            23298.285831999237,
            23719.79239400025,
            23161.408086998563
          ],
          "trimmed_mean_ms": 23536.924180333397,
          "speedup": 0.6971173212617228,
          "row_count": 0,
          "rows_match": true,
          "status": "pass",
          "error": ""
        },
        {
          "worker_id": 2,
          "times_ms": [
            16495.367664996593,
            16630.924277000304,
            16986.643447999086,
            17777.306095998938,
            19949.322491000203
          ],
          "trimmed_mean_ms": 17131.62460699944,
          "speedup": 0.9577607443388935,
          "row_count": 0,
          "rows_match": true,
          "status": "pass",
          "error": ""
        },
        {
          "worker_id": 3,
          "times_ms": [
            26356.280645999504,
            24883.026404000702,
            23838.356251999357,
            23119.039813998825,
            23267.612201998418
          ],
          "trimmed_mean_ms": 23996.331619332825,
          "speedup": 0.6837710778307073,
          "row_count": 0,
          "rows_match": true,
          "status": "pass",
          "error": ""
        },
        {
          "worker_id": 4,
          "times_ms": [
            22882.637599999725,
            22997.770498001046,
            23714.914453001256,
            26181.348193000304,
            28045.416705001116
          ],
          "trimmed_mean_ms": 24298.01104800087,
          "speedup": 0.6752815077300026,
          "row_count": 0,
          "rows_match": true,
          "status": "pass",
          "error": ""
        }
      ],
      "best_worker_id": 2,
      "best_speedup": 0.9577607443388935,
      "exited": false
    },
    "benchmark_iter1": {
      "query_id": "query101_agg",
      "baseline_times_ms": [
        22045.252457999595,
        22826.89996300178,
        24527.87781599909,
        22823.981425000966,
        24324.064894000912
      ],
      "baseline_trimmed_mean_ms": 23324.982094001218,
      "baseline_row_count": 0,
      "workers": [
        {
          "worker_id": 5,
          "times_ms": [
            4548.227193001367,
            4529.814030000125,
            4290.36921900115,
            4646.78172999993,
            4300.163468000392
          ],
          "trimmed_mean_ms": 4459.401563667295,
          "speedup": 5.230518436383954,
          "row_count": 0,
          "rows_match": true,
          "status": "pass",
          "error": ""
        }
      ],
      "best_worker_id": 5,
      "best_speedup": 5.230518436383954,
      "exited": true
    }
  }
}