{
  "query_id": "query099_spj_spj",
  "baseline_times_ms": [
    217.14587099995697,
    50.429970000550384,
    34.50947799865389,
    33.13819299728493,
    33.88662900033523
  ],
  "baseline_trimmed_mean_ms": 39.60869233317984,
  "baseline_row_count": 1,
  "workers": [
    {
      "worker_id": 6,
      "times_ms": [
        27.97333199850982,
        48.399928000435466,
        31.009663998702308,
        31.60937799839303,
        28.15375800128095
      ],
      "trimmed_mean_ms": 30.257599999458762,
      "speedup": 1.3090493738395756,
      "row_count": 1,
      "rows_match": true,
      "status": "pass",
      "error": ""
    }
  ],
  "best_worker_id": 6,
  "best_speedup": 1.3090493738395756,
  "exited": false
}