{
  "query_id": "query099_spj_spj",
  "baseline_times_ms": [
    33.65743899848894,
    29.329116001463262,
    32.13936499741976,
    27.36323099816218,
    30.772602000070037
  ],
  "baseline_trimmed_mean_ms": 30.74702766631769,
  "baseline_row_count": 1,
  "workers": [
    {
      "worker_id": 5,
      "times_ms": [
        31.44741800133488,
        28.49991499897442,
        30.83310800138861,
        45.611954999912996,
        33.382595000148285
      ],
      "trimmed_mean_ms": 31.88770700095726,
      "speedup": 0.9642282421057955,
      "row_count": 1,
      "rows_match": true,
      "status": "pass",
      "error": ""
    }
  ],
  "best_worker_id": 5,
  "best_speedup": 0.9642282421057955,
  "exited": false
}