{
  "query_id": "query_93",
  "baseline_times_ms": [
    1036.4260700007435,
    1068.762038999921,
    1128.193688000465,
    1048.485098999663,
    1033.1063550002
  ],
  "baseline_trimmed_mean_ms": 1051.2244026667759,
  "baseline_row_count": 100,
  "workers": [
    {
      "worker_id": 6,
      "times_ms": [
        514.0599349997501,
        515.9943350008689,
        548.0512119993364,
        525.0615989989456,
        522.249229999943
      ],
      "trimmed_mean_ms": 521.1017213332525,
      "speedup": 2.017311322590128,
      "row_count": 100,
      "rows_match": true,
      "status": "pass",
      "error": ""
    }
  ],
  "best_worker_id": 6,
  "best_speedup": 2.017311322590128,
  "exited": true
}