{
  "source": "swarm2_w3",
  "original_path": "/mnt/c/Users/jakc9/Documents/QueryTorque_V8/packages/qt-sql/qt_sql/benchmarks/postgres_dsb/queries/query010_multi.sql",
  "optimized_path": "/mnt/c/Users/jakc9/Documents/QueryTorque_V8/packages/qt-sql/qt_sql/benchmarks/postgres_dsb/swarm_batch_20260208_142643/query010_multi/worker_3_sql.sql",
  "validation": {
    "query_id": "query010_multi",
    "status": "WIN",
    "best_speedup": 73.35,
    "best_worker": 4,
    "best_iteration": 0
  },
  "benchmark_iters": {
    "benchmark_iter0": {
      "query_id": "query010_multi",
      "baseline_times_ms": [
        7486.704771999939,
        3006.25811899954,
        2781.2341160024516,
        2800.27366899958,
        2815.5505520007864
      ],
      "baseline_trimmed_mean_ms": 2874.0274466666356,
      "baseline_row_count": 0,
      "workers": [
        {
          "worker_id": 1,
          "times_ms": [
            3918.0850130032923,
            2629.3344859986973,
            2337.6201259998197,
            2380.1932169990323,
            2350.29152000061
          ],
          "trimmed_mean_ms": 2453.2730743327797,
          "speedup": 1.1715073534764526,
          "row_count": 0,
          "rows_match": true,
          "status": "pass",
          "error": ""
        },
        {
          "worker_id": 2,
          "times_ms": [
            2736.622245000035,
            2711.814884998603,
            2764.2568359988218,
            2652.4614879999717,
            2730.238393000036
          ],
          "trimmed_mean_ms": 2726.225174332891,
          "speedup": 1.05421499064908,
          "row_count": 0,
          "rows_match": true,
          "status": "pass",
          "error": ""
        },
        {
          "worker_id": 3,
          "times_ms": [
            3218.522010000015,
            3492.0691909974266,
            3601.509136999084,
            3498.177020002913,
            5074.420713997824
          ],
          "trimmed_mean_ms": 3530.585115999808,
          "speedup": 0.8140371502848629,
          "row_count": 0,
          "rows_match": true,
          "status": "pass",
          "error": ""
        },
        {
          "worker_id": 4,
          "times_ms": [
            100.97171500092372,
            38.365034000889864,
            38.53452600014862,
            40.643694999744184,
            36.971863999497145
          ],
          "trimmed_mean_ms": 39.181085000260886,
          "speedup": 73.35242111461433,
          "row_count": 0,
          "rows_match": true,
          "status": "pass",
          "error": ""
        }
      ],
      "best_worker_id": 4,
      "best_speedup": 73.35242111461433,
      "exited": true
    }
  }
}