{
  "query_id": "query_10",
  "baseline_times_ms": [
    888.8129380011378,
    228.7625749995641,
    224.21302700058732,
    209.0050839997275,
    203.30494300105784
  ],
  "baseline_trimmed_mean_ms": 220.6602286666263,
  "baseline_row_count": 75,
  "workers": [
    {
      "worker_id": 6,
      "times_ms": [
        268.4690360001696,
        233.20225499992375,
        255.35054200008744,
        244.4590569994034,
        257.2511790003773
      ],
      "trimmed_mean_ms": 252.35359266662272,
      "speedup": 0.8744089051196285,
      "row_count": 75,
      "rows_match": true,
      "status": "pass",
      "error": ""
    }
  ],
  "best_worker_id": 6,
  "best_speedup": 0.8744089051196285,
  "exited": false
}