{
  "query_id": "query_17",
  "baseline_times_ms": [
    908.0790719999641,
    384.2776060000688,
    394.38555099968653,
    400.98308799952065,
    406.14532100062206
  ],
  "baseline_trimmed_mean_ms": 400.5046533332764,
  "baseline_row_count": 0,
  "workers": [
    {
      "worker_id": 1,
      "times_ms": [
        456.566066999585,
        447.26961699961976,
        370.18643300052645,
        399.0252560006411,
        385.2926119998301
      ],
      "trimmed_mean_ms": 410.529161666697,
      "speedup": 0.9755814951300357,
      "row_count": 0,
      "rows_match": true,
      "status": "pass",
      "error": ""
    },
    {
      "worker_id": 2,
      "times_ms": [
        397.1087390000321,
        355.55864200068754,
        404.2534540003544,
        384.4983230001162,
        375.3898280001522
      ],
      "trimmed_mean_ms": 385.6656300001002,
      "speedup": 1.0384763955584333,
      "row_count": 0,
      "rows_match": true,
      "status": "pass",
      "error": ""
    },
    {
      "worker_id": 3,
      "times_ms": [
        384.6154900002148,
        403.14408499943966,
        408.1339090007532,
        422.812064000027,
        490.93253600040043
      ],
      "trimmed_mean_ms": 411.36335266673996,
      "speedup": 0.9736031436367143,
      "row_count": 0,
      "rows_match": true,
      "status": "pass",
      "error": ""
    },
    {
      "worker_id": 4,
      "times_ms": [],
      "trimmed_mean_ms": 0,
      "speedup": 0,
      "row_count": 0,
      "rows_match": false,
      "status": "error",
      "error": "Binder Error: Ambiguous reference to column name \"d_date_sk\" (use: \"filtered_dates.d_date_sk\" or \"filtered_d2.d_date_sk\")"
    }
  ],
  "best_worker_id": 2,
  "best_speedup": 1.0384763955584333,
  "exited": false
}