{
  "query_id": "query050_agg",
  "baseline_times_ms": [
    9062.96773899885,
    4308.143837002717,
    2721.129719997407,
    3100.990709997859,
    4115.641959000641
  ],
  "baseline_trimmed_mean_ms": 3841.592168667072,
  "baseline_row_count": 17,
  "workers": [
    {
      "worker_id": 5,
      "times_ms": [
        4244.747902997915,
        3130.6006089980656,
        2832.0103400001244,
        3569.6254530012084,
        2254.417354000907
      ],
      "trimmed_mean_ms": 3177.4121339997996,
      "speedup": 1.2090317549808018,
      "row_count": 17,
      "rows_match": true,
      "status": "pass",
      "error": ""
    }
  ],
  "best_worker_id": 5,
  "best_speedup": 1.2090317549808018,
  "exited": false
}