{
  "query_id": "query_20",
  "baseline_times_ms": [
    49.92282400053227,
    43.75544300000911,
    37.170171000070695,
    35.12391500044032,
    40.25186400031089
  ],
  "baseline_trimmed_mean_ms": 40.3924926667969,
  "baseline_row_count": 100,
  "workers": [
    {
      "worker_id": 5,
      "times_ms": [
        44.80063499977405,
        46.63924800024688,
        39.803613999538356,
        35.47422399969946,
        34.97491699999955
      ],
      "trimmed_mean_ms": 40.02615766633729,
      "speedup": 1.009152389882472,
      "row_count": 100,
      "rows_match": true,
      "status": "pass",
      "error": ""
    }
  ],
  "best_worker_id": 5,
  "best_speedup": 1.009152389882472,
  "exited": false
}