{
  "query_id": "query_41",
  "baseline_times_ms": [
    25.204653999935545,
    21.970845999931043,
    15.375243000562477,
    14.225595000425528,
    14.716216999659082
  ],
  "baseline_trimmed_mean_ms": 17.35410200005087,
  "baseline_row_count": 16,
  "workers": [
    {
      "worker_id": 1,
      "times_ms": [
        16.33612999921752,
        15.74971199988795,
        16.061293999882764,
        15.992947000086133,
        15.374293999229849
      ],
      "trimmed_mean_ms": 15.934650999952282,
      "speedup": 1.0890795160874773,
      "row_count": 16,
      "rows_match": true,
      "status": "pass",
      "error": ""
    },
    {
      "worker_id": 2,
      "times_ms": [
        13.008146999709425,
        13.630969000587356,
        14.954719999877852,
        12.906034000479849,
        14.14420200035238
      ],
      "trimmed_mean_ms": 13.59443933354972,
      "speedup": 1.2765588616238608,
      "row_count": 16,
      "rows_match": true,
      "status": "pass",
      "error": ""
    },
    {
      "worker_id": 3,
      "times_ms": [
        12.274693999643205,
        11.647602999801165,
        12.87919599963061,
        12.519918000180041,
        11.313293000057456
      ],
      "trimmed_mean_ms": 12.147404999874803,
      "speedup": 1.4286262786356203,
      "row_count": 16,
      "rows_match": true,
      "status": "pass",
      "error": ""
    },
    {
      "worker_id": 4,
      "times_ms": [
        51.96100900047895,
        47.12536300030479,
        49.64500099958968,
        58.35140999988653,
        45.7676480000373
      ],
      "trimmed_mean_ms": 49.57712433345781,
      "speedup": 0.3500425293594371,
      "row_count": 16,
      "rows_match": true,
      "status": "pass",
      "error": ""
    }
  ],
  "best_worker_id": 3,
  "best_speedup": 1.4286262786356203,
  "exited": false
}