{
  "source": "swarm2_w3",
  "original_path": "/mnt/c/Users/jakc9/Documents/QueryTorque_V8/packages/qt-sql/qt_sql/benchmarks/postgres_dsb/queries/query080_multi.sql",
  "optimized_path": "/mnt/c/Users/jakc9/Documents/QueryTorque_V8/packages/qt-sql/qt_sql/benchmarks/postgres_dsb/swarm_batch_20260208_142643/query080_multi/worker_3_sql.sql",
  "validation": {
    "query_id": "query080_multi",
    "status": "WIN",
    "best_speedup": 3.32,
    "best_worker": 3,
    "best_iteration": 0
  },
  "benchmark_iters": {
    "benchmark_iter0": {
      "query_id": "query080_multi",
      "baseline_times_ms": [
        585.3531950015167,
        124.66459300048882,
        110.31385699970997,
        91.70042899859254,
        109.4046280013572
      ],
      "baseline_trimmed_mean_ms": 114.794359333852,
      "baseline_row_count": 1,
      "workers": [
        {
          "worker_id": 1,
          "times_ms": [
            306.5392240023357,
            44.56697099885787,
            39.182824999443255,
            31.86677600024268,
            35.91356399920187
          ],
          "trimmed_mean_ms": 39.887786665834334,
          "speedup": 2.877932543501555,
          "row_count": 1,
          "rows_match": true,
          "status": "pass",
          "error": ""
        },
        {
          "worker_id": 2,
          "times_ms": [
            30.98200599924894,
            31.70014299757895,
            37.86975299954065,
            38.56416800044826,
            35.42411400121637
          ],
          "trimmed_mean_ms": 34.99800333277866,
          "speedup": 3.280025955833233,
          "row_count": 1,
          "rows_match": true,
          "status": "pass",
          "error": ""
        },
        {
          "worker_id": 3,
          "times_ms": [
            33.664144000795204,
            36.29345299850684,
            40.1247269983287,
            33.67022100064787,
            33.348296998156
          ],
          "trimmed_mean_ms": 34.5426059999833,
          "speedup": 3.3232686420331894,
          "row_count": 1,
          "rows_match": true,
          "status": "pass",
          "error": ""
        },
        {
          "worker_id": 4,
          "times_ms": [
            29.142818002583226,
            36.474493997957325,
            38.77482900134055,
            38.82861600141041,
            37.03661300096428
          ],
          "trimmed_mean_ms": 37.42864533342072,
          "speedup": 3.067018811694743,
          "row_count": 1,
          "rows_match": true,
          "status": "pass",
          "error": ""
        }
      ],
      "best_worker_id": 3,
      "best_speedup": 3.3232686420331894,
      "exited": true
    }
  }
}