{
  "query_id": "query018_spj_spj",
  "baseline_times_ms": [
    2464.4508250021318,
    2289.1883259981114,
    2281.167604996881,
    2353.6831630008237,
    2299.735568001779
  ],
  "baseline_trimmed_mean_ms": 2314.2023523335715,
  "baseline_row_count": 1,
  "workers": [
    {
      "worker_id": 1,
      "times_ms": [
        2292.804595999769,
        2401.7287839997152,
        2292.7878419977787,
        2305.2209279994713,
        2344.789624999976
      ],
      "trimmed_mean_ms": 2314.271716333072,
      "speedup": 0.9999700277201631,
      "row_count": 1,
      "rows_match": true,
      "status": "pass",
      "error": ""
    },
    {
      "worker_id": 2,
      "times_ms": [
        2349.391601001116,
        2312.353493998671,
        2450.534712999797,
        2684.9849550017097,
        3412.479598999198
      ],
      "trimmed_mean_ms": 2494.9704230008742,
      "speedup": 0.9275470085734001,
      "row_count": 1,
      "rows_match": true,
      "status": "pass",
      "error": ""
    },
    {
      "worker_id": 3,
      "times_ms": [
        3358.77454599904,
        3311.514746001194,
        3191.6506880006636,
        2325.167537001107,
        2432.2677519994613
      ],
      "trimmed_mean_ms": 2978.4777286671065,
      "speedup": 0.7769748721167025,
      "row_count": 1,
      "rows_match": true,
      "status": "pass",
      "error": ""
    },
    {
      "worker_id": 4,
      "times_ms": [
        2798.981266998453,
        2931.540728000982,
        2825.242333998176,
        2897.3316209994664,
        3323.5654449999856
      ],
      "trimmed_mean_ms": 2884.704894332875,
      "speedup": 0.8022319221906962,
      "row_count": 1,
      "rows_match": true,
      "status": "pass",
      "error": ""
    }
  ],
  "best_worker_id": 1,
  "best_speedup": 0.9999700277201631,
  "exited": false
}