{
  "query_id": "query018_spj_spj",
  "baseline_times_ms": [
    2428.5273540008347,
    2452.7092370008177,
    2513.8084680002066,
    2377.1455489986693,
    2284.921636997751
  ],
  "baseline_trimmed_mean_ms": 2419.4607133334407,
  "baseline_row_count": 1,
  "workers": [
    {
      "worker_id": 5,
      "times_ms": [
        2320.252885998343,
        2326.101900998765,
        2285.749979000684,
        2345.020985998417,
        2364.539569000044
      ],
      "trimmed_mean_ms": 2330.4585909985085,
      "speedup": 1.0381908190425295,
      "row_count": 1,
      "rows_match": true,
      "status": "pass",
      "error": ""
    }
  ],
  "best_worker_id": 5,
  "best_speedup": 1.0381908190425295,
  "exited": false
}