{
  "query_id": "query_92",
  "baseline_times_ms": [
    73.40882500102452,
    67.2180080000544,
    69.6014599998307,
    72.85401999979513,
    69.73832400035462
  ],
  "baseline_trimmed_mean_ms": 70.73126799999348,
  "baseline_row_count": 1,
  "workers": [
    {
      "worker_id": 6,
      "times_ms": [
        38.269960999969044,
        39.42119999919669,
        39.37270999995235,
        38.24502899988147,
        40.903502000219305
      ],
      "trimmed_mean_ms": 39.02129033303936,
      "speedup": 1.812632729371977,
      "row_count": 1,
      "rows_match": true,
      "status": "pass",
      "error": ""
    }
  ],
  "best_worker_id": 6,
  "best_speedup": 1.812632729371977,
  "exited": false
}