{
  "worker_id": 4,
  "strategy": "novel_correlation_elimination",
  "transforms": [
    "decorrelate",
    "date_cte_isolate",
    "dimension_cte_isolate"
  ],
  "status": "WIN",
  "speedup_5x": 4428.315186610831,
  "trimmed_mean_ms": 67.74585533275967,
  "all_runs_ms": [
    680.7003740032087,
    58.52108500403119,
    74.08936000138056,
    63.713866999023594,
    65.43433899787487
  ],
  "explain_cost": 16127.44,
  "cost_ratio": 1.3091631405852386
}