{
  "query_id": "query_51",
  "baseline_times_ms": [
    5022.955031000492,
    4904.252949999318,
    5133.244629000728,
    6078.739356000369,
    5224.546881000606
  ],
  "baseline_trimmed_mean_ms": 5126.915513667275,
  "baseline_row_count": 100,
  "workers": [
    {
      "worker_id": 1,
      "times_ms": [
        5071.744316999684,
        5206.098219000523,
        5205.918796000333,
        5194.00517700069,
        5075.330147999921
      ],
      "trimmed_mean_ms": 5158.418040333648,
      "speedup": 0.9938929868769738,
      "row_count": 100,
      "rows_match": true,
      "status": "pass",
      "error": ""
    },
    {
      "worker_id": 2,
      "times_ms": [
        4063.6330289999023,
        3889.3733759996394,
        4076.333353999871,
        4297.622441000385,
        4159.970179999618
      ],
      "trimmed_mean_ms": 4099.978854333131,
      "speedup": 1.250473647747917,
      "row_count": 100,
      "rows_match": true,
      "status": "pass",
      "error": ""
    },
    {
      "worker_id": 3,
      "times_ms": [
        5257.007549000264,
        5209.436074000223,
        5088.541745999464,
        5091.867252999691,
        5065.636237000035
      ],
      "trimmed_mean_ms": 5129.94835766646,
      "speedup": 0.9994087963878521,
      "row_count": 100,
      "rows_match": true,
      "status": "pass",
      "error": ""
    },
    {
      "worker_id": 4,
      "times_ms": [
        5351.887615000123,
        5419.014584999786,
        5196.922469999663,
        5105.444050999722,
        5067.882843000007
      ],
      "trimmed_mean_ms": 5218.084711999836,
      "speedup": 0.9825282257064738,
      "row_count": 100,
      "rows_match": true,
      "status": "pass",
      "error": ""
    }
  ],
  "best_worker_id": 2,
  "best_speedup": 1.250473647747917,
  "exited": false
}