{
  "query_id": "query_20",
  "baseline_times_ms": [
    47.61286499979178,
    39.33183699973597,
    37.53765500005102,
    41.36003100029484,
    32.92630000032659
  ],
  "baseline_trimmed_mean_ms": 39.40984100002728,
  "baseline_row_count": 100,
  "workers": [
    {
      "worker_id": 1,
      "times_ms": [
        40.02769799990347,
        36.28386199943634,
        43.65002399936202,
        40.33516600065923,
        37.61017799934052
      ],
      "trimmed_mean_ms": 39.32434733330107,
      "speedup": 1.002174064479738,
      "row_count": 100,
      "rows_match": true,
      "status": "pass",
      "error": ""
    },
    {
      "worker_id": 2,
      "times_ms": [
        37.8216209992388,
        36.354144000142696,
        36.56846299963945,
        38.303274999634596,
        40.87610599981417
      ],
      "trimmed_mean_ms": 37.56445299950428,
      "speedup": 1.0491259116843081,
      "row_count": 100,
      "rows_match": true,
      "status": "pass",
      "error": ""
    },
    {
      "worker_id": 3,
      "times_ms": [
        44.75186699983169,
        43.779036999694654,
        37.82866500023374,
        35.77343300003122,
        37.989346999893314
      ],
      "trimmed_mean_ms": 39.86568299994057,
      "speedup": 0.9885655539900328,
      "row_count": 100,
      "rows_match": true,
      "status": "pass",
      "error": ""
    },
    {
      "worker_id": 4,
      "times_ms": [
        39.16871099954733,
        34.64364200044656,
        39.03307899963693,
        36.86478100007662,
        34.73058200052037
      ],
      "trimmed_mean_ms": 36.8761473334113,
      "speedup": 1.0687081989262024,
      "row_count": 100,
      "rows_match": true,
      "status": "pass",
      "error": ""
    }
  ],
  "best_worker_id": 4,
  "best_speedup": 1.0687081989262024,
  "exited": false
}