{
  "query_id": "query_82",
  "baseline_times_ms": [
    172.4488250001741,
    123.58797199885885,
    147.3955580004258,
    130.6179670009442,
    130.74084100117034
  ],
  "baseline_trimmed_mean_ms": 136.25145533418012,
  "baseline_row_count": 9,
  "workers": [
    {
      "worker_id": 6,
      "times_ms": [
        118.64011699981347,
        140.50288100042962,
        112.5847840012284,
        115.56306499915081,
        110.60112899940577
      ],
      "trimmed_mean_ms": 115.59598866673089,
      "speedup": 1.1786867079531627,
      "row_count": 9,
      "rows_match": true,
      "status": "pass",
      "error": ""
    }
  ],
  "best_worker_id": 6,
  "best_speedup": 1.1786867079531627,
  "exited": false
}