{
  "source": "swarm2_final",
  "original_path": "/mnt/c/Users/jakc9/Documents/QueryTorque_V8/packages/qt-sql/qt_sql/benchmarks/postgres_dsb/queries/query083_multi.sql",
  "optimized_path": "/mnt/c/Users/jakc9/Documents/QueryTorque_V8/packages/qt-sql/qt_sql/benchmarks/postgres_dsb/swarm_batch_20260208_142643/query083_multi/final_worker_sql.sql",
  "validation": {
    "query_id": "query083_multi",
    "status": "NEUTRAL",
    "best_speedup": 1.01,
    "best_worker": 2,
    "best_iteration": 0
  },
  "benchmark_iters": {
    "benchmark_iter0": {
      "query_id": "query083_multi",
      "baseline_times_ms": [
        1101.98456299986,
        96.30405899952166,
        76.10411899804603,
        84.35491199998069,
        70.36502000119071
      ],
      "baseline_trimmed_mean_ms": 85.58769666584946,
      "baseline_row_count": 0,
      "workers": [
        {
          "worker_id": 1,
          "times_ms": [
            311.73371499971836,
            235.97837300258107,
            86.73238700066577,
            91.98139699947205,
            73.14516699989326
          ],
          "trimmed_mean_ms": 138.2307190009063,
          "speedup": 0.6191655319776519,
          "row_count": 0,
          "rows_match": true,
          "status": "pass",
          "error": ""
        },
        {
          "worker_id": 2,
          "times_ms": [
            88.98048600167385,
            85.92378700268455,
            79.70819800175377,
            80.02846999806934,
            89.26856499965652
          ],
          "trimmed_mean_ms": 84.97758100080925,
          "speedup": 1.0071797250269385,
          "row_count": 0,
          "rows_match": true,
          "status": "pass",
          "error": ""
        },
        {
          "worker_id": 3,
          "times_ms": [
            1585.1452450006036,
            1557.1615240005485,
            1516.7470180022065,
            1514.0624560008291,
            1498.843940997176
          ],
          "trimmed_mean_ms": 1529.3236660011946,
          "speedup": 0.05596440999938244,
          "row_count": 0,
          "rows_match": true,
          "status": "pass",
          "error": ""
        },
        {
          "worker_id": 4,
          "times_ms": [
            1529.8924150010862,
            1473.0281129996001,
            1499.0552979979839,
            1482.6178690018423,
            1503.448949999438
          ],
          "trimmed_mean_ms": 1495.0407056664214,
          "speedup": 0.05724773669469979,
          "row_count": 0,
          "rows_match": true,
          "status": "pass",
          "error": ""
        }
      ],
      "best_worker_id": 2,
      "best_speedup": 1.0071797250269385,
      "exited": false
    },
    "benchmark_iter1": {
      "query_id": "query083_multi",
      "baseline_times_ms": [
        1058.7658200020087,
        212.3194039995724,
        87.1508519994677,
        82.5563719990896,
        66.17168199954904
      ],
      "baseline_trimmed_mean_ms": 127.3422093327099,
      "baseline_row_count": 0,
      "workers": [
        {
          "worker_id": 5,
          "times_ms": [
            367.5545339974633,
            337.29259399842704,
            430.61585599934915,
            437.6935299987963,
            421.6074790019775
          ],
          "trimmed_mean_ms": 406.59262299959664,
          "speedup": 0.31319360492390497,
          "row_count": 0,
          "rows_match": true,
          "status": "pass",
          "error": ""
        }
      ],
      "best_worker_id": 5,
      "best_speedup": 0.31319360492390497,
      "exited": false
    },
    "benchmark_iter2": {
      "query_id": "query083_multi",
      "baseline_times_ms": [
        891.1680969977169,
        66.0566939986893,
        65.27982900297502,
        78.2064659979369,
        98.45046999907936
      ],
      "baseline_trimmed_mean_ms": 80.90454333190185,
      "baseline_row_count": 0,
      "workers": [
        {
          "worker_id": 6,
          "times_ms": [
            2197.8116860009322,
            1988.2860239995352,
            1767.6928210021288,
            1749.8430979976547,
            1752.143829002307
          ],
          "trimmed_mean_ms": 1836.040891334657,
          "speedup": 0.044064674002489465,
          "row_count": 0,
          "rows_match": true,
          "status": "pass",
          "error": ""
        }
      ],
      "best_worker_id": 6,
      "best_speedup": 0.044064674002489465,
      "exited": false
    }
  }
}