{
  "source": "swarm_w4",
  "original_path": "/mnt/c/Users/jakc9/Documents/QueryTorque_V8/packages/qt-sql/qt_sql/benchmarks/duckdb_tpcds/queries/query_98.sql",
  "optimized_path": "/mnt/c/Users/jakc9/Documents/QueryTorque_V8/packages/qt-sql/qt_sql/benchmarks/duckdb_tpcds/swarm_batch_20260208_102033/query_98/worker_4_sql.sql",
  "benchmark_iters": {
    "benchmark_iter0": {
      "query_id": "query_98",
      "baseline_times_ms": [
        260.46894900082407,
        248.08226300046954,
        249.0102370002205,
        226.79528500066226,
        254.27589000082662
      ],
      "baseline_trimmed_mean_ms": 250.45613000050557,
      "baseline_row_count": 15226,
      "workers": [
        {
          "worker_id": 1,
          "times_ms": [
            278.1642019999708,
            241.08950000027107,
            264.4424689997322,
            231.92348100019444,
            234.72033699999884
          ],
          "trimmed_mean_ms": 246.75076866666737,
          "speedup": 1.0150166151613644,
          "row_count": 15226,
          "rows_match": true,
          "status": "pass",
          "error": ""
        },
        {
          "worker_id": 2,
          "times_ms": [
            301.7334869991828,
            276.69167700059916,
            244.8263220003355,
            260.9924130001673,
            248.87221100016177
          ],
          "trimmed_mean_ms": 262.18543366697605,
          "speedup": 0.9552633283152989,
          "row_count": 15226,
          "rows_match": true,
          "status": "pass",
          "error": ""
        },
        {
          "worker_id": 3,
          "times_ms": [
            229.55635000016628,
            231.35315599938622,
            216.82272199996078,
            225.55528300017613,
            228.2458489999044
          ],
          "trimmed_mean_ms": 227.7858273334156,
          "speedup": 1.0995246408983421,
          "row_count": 15226,
          "rows_match": true,
          "status": "pass",
          "error": ""
        },
        {
          "worker_id": 4,
          "times_ms": [
            223.3476299998074,
            245.82861199996842,
            231.2370160007049,
            233.84475799957727,
            230.09651200027292
          ],
          "trimmed_mean_ms": 231.72609533351837,
          "speedup": 1.080828335885216,
          "row_count": 15226,
          "rows_match": true,
          "status": "pass",
          "error": ""
        }
      ],
      "best_worker_id": 3,
      "best_speedup": 1.0995246408983421,
      "exited": false
    },
    "benchmark_iter1": {
      "query_id": "query_98",
      "baseline_times_ms": [
        285.90848600106256,
        243.10336599955917,
        261.3547960008873,
        264.5313610009907,
        274.53292599966517
      ],
      "baseline_trimmed_mean_ms": 266.8063610005144,
      "baseline_row_count": 15226,
      "workers": [
        {
          "worker_id": 5,
          "times_ms": [
            253.18064400016738,
            285.5837410006643,
            263.29701699978614,
            252.80293700052425,
            238.41535199971986
          ],
          "trimmed_mean_ms": 256.42686600015924,
          "speedup": 1.04047740848008,
          "row_count": 15226,
          "rows_match": true,
          "status": "pass",
          "error": ""
        }
      ],
      "best_worker_id": 5,
      "best_speedup": 1.04047740848008,
      "exited": false
    },
    "benchmark_iter2": {
      "query_id": "query_98",
      "baseline_times_ms": [
        250.88660799883655,
        252.14403300014965,
        209.8245439992752,
        211.83007699983136,
        236.24015499990492
      ],
      "baseline_trimmed_mean_ms": 232.9856133328576,
      "baseline_row_count": 15226,
      "workers": [
        {
          "worker_id": 6,
          "times_ms": [
            254.61449300019012,
            214.98597800018615,
            205.0088340001821,
            220.26941799958877,
            206.24175800003286
          ],
          "trimmed_mean_ms": 213.8323846666026,
          "speedup": 1.0895712251262495,
          "row_count": 15201,
          "rows_match": false,
          "status": "fail",
          "error": ""
        }
      ],
      "best_worker_id": 0,
      "best_speedup": 0.0,
      "exited": false
    }
  }
}