{
  "mean": [
    2.305263042449951,
    2.305263042449951,
    1.6631579399108887,
    1.6105263233184814,
    0.4526315927505493,
    0.04210526496171951,
    0.34736841917037964,
    0.2210526317358017,
    0.12631578743457794,
    0.1894736886024475,
    0.17894737422466278,
    0.8421052694320679,
    12.589473724365234,
    3.72631573677063,
    1.6842105388641357,
    3.221052646636963,
    0.4842105209827423,
    0.12631578743457794,
    0.031578946858644485,
    0.05263157933950424,
    0.010526316240429878,
    0.3263157904148102,
    0.021052632480859756,
    0.6421052813529968,
    2.3789472579956055,
    0.0736842080950737,
    0.10526315867900848,
    0.0736842080950737,
    0.0,
    0.8315789699554443,
    0.3263157904148102,
    0.38947367668151855,
    0.0,
    0.10526315867900848,
    0.0,
    0.13684210181236267,
    0.3368421196937561,
    0.13684210181236267,
    0.021052632480859756,
    0.0,
    7.6315789222717285,
    0.4421052634716034,
    0.49473685026168823,
    0.2526315748691559,
    0.21052631735801697,
    3.72631573677063,
    4.947368621826172,
    4.326315879821777,
    1.6105263233184814,
    0.1894736886024475,
    0.8421052694320679,
    1.6736842393875122,
    0.13684210181236267,
    0.17894737422466278,
    0.3368421196937561,
    0.12631578743457794,
    0.10526315867900848,
    0.08421052992343903,
    0.410526305437088,
    0.410526305437088,
    0.378947377204895,
    0.2947368323802948,
    0.021052632480859756,
    0.06315789371728897,
    0.34736841917037964,
    0.0,
    0.04210526496171951,
    0.05263157933950424,
    0.021052632480859756,
    0.2210526317358017,
    0.2631579041481018,
    0.7894737124443054,
    0.3368421196937561,
    0.16842105984687805,
    0.05263157933950424,
    0.021052632480859756,
    0.021052632480859756,
    0.12631578743457794,
    0.11578947305679321,
    0.031578946858644485,
    0.031578946858644485,
    0.1894736886024475,
    0.4736842215061188,
    0.04210526496171951,
    0.021052632480859756,
    72.4000015258789,
    1.672161340713501,
    2.557894706726074,
    4.947368621826172,
    0.9894737005233765
  ],
  "std": [
    2.8287038803100586,
    2.8287038803100586,
    2.456400156021118,
    3.078943967819214,
    0.8798132538795471,
    0.3216991424560547,
    0.7506973147392273,
    0.4149559438228607,
    0.3322051167488098,
    0.5674455165863037,
    0.5978724360466003,
    2.332000494003296,
    20.341550827026367,
    4.722718715667725,
    3.902125597000122,
    5.245910167694092,
    1.1037077903747559,
    0.4643525183200836,
    0.17487628757953644,
    0.4197342097759247,
    0.10205642879009247,
    0.9563324451446533,
    0.14355981349945068,
    2.3837852478027344,
    5.917290687561035,
    0.2988434135913849,
    0.4695723056793213,
    0.4643533527851105,
    1.0,
    2.14551043510437,
    0.8996157050132751,
    1.5238085985183716,
    1.0,
    0.6565258502960205,
    1.0,
    0.8658478856086731,
    1.1662859916687012,
    0.6088910698890686,
    0.14355981349945068,
    1.0,
    3.583743095397949,
    0.5566025376319885,
    0.5404419302940369,
    0.6644102334976196,
    0.9613001942634583,
    4.722718715667725,
    7.217477321624756,
    7.041892051696777,
    3.078943967819214,
    0.5674455165863037,
    2.332000494003296,
    3.271703004837036,
    0.6088910698890686,
    0.5978724360466003,
    1.1662859916687012,
    0.3322051167488098,
    0.3068922162055969,
    0.2777034342288971,
    0.4919290542602539,
    0.4919290542602539,
    0.4851248562335968,
    0.4559246897697449,
    0.14355982840061188,
    0.24324671924114227,
    0.47613391280174255,
    1.0,
    0.2008293718099594,
    0.2232966423034668,
    0.14355982840061188,
    0.4149559438228607,
    0.4403473436832428,
    0.4076824486255646,
    0.4726303517818451,
    0.37424010038375854,
    0.2232968956232071,
    0.14355981349945068,
    0.14355981349945068,
    0.33220523595809937,
    0.3199719488620758,
    0.17487646639347076,
    0.17487643659114838,
    0.3918842673301697,
    0.49930694699287415,
    0.2008293718099594,
    0.14355982840061188,
    103.78333282470703,
    0.16700303554534912,
    5.992473125457764,
    7.217477321624756,
    2.273392915725708
  ],
  "num_features": 90
}