{
  "mean": [
    2.6470587253570557,
    2.6470587253570557,
    2.1764705181121826,
    1.529411792755127,
    0.29411765933036804,
    0.05882352963089943,
    0.3529411852359772,
    0.29411765933036804,
    0.11764705926179886,
    0.1764705926179886,
    0.11764705926179886,
    1.1176470518112183,
    11.117647171020508,
    3.941176414489746,
    1.1176470518112183,
    3.2352941036224365,
    0.3529411852359772,
    0.0,
    0.05882352963089943,
    0.0,
    0.05882352963089943,
    0.23529411852359772,
    0.0,
    0.5882353186607361,
    1.8823529481887817,
    0.11764705926179886,
    0.1764705926179886,
    0.05882352963089943,
    0.0,
    0.4117647111415863,
    0.29411765933036804,
    0.4117647111415863,
    0.0,
    0.0,
    0.0,
    0.0,
    0.29411765933036804,
    0.0,
    0.0,
    0.0,
    8.588234901428223,
    0.7058823704719543,
    0.5882353186607361,
    0.23529411852359772,
    0.1764705926179886,
    3.941176414489746,
    4.352941036224365,
    4.588235378265381,
    1.529411792755127,
    0.1764705926179886,
    1.1176470518112183,
    1.1176470518112183,
    0.0,
    0.11764705926179886,
    0.29411765933036804,
    0.11764705926179886,
    0.11764705926179886,
    0.11764705926179886,
    0.7058823704719543,
    0.7058823704719543,
    0.47058823704719543,
    0.29411765933036804,
    0.05882352963089943,
    0.0,
    0.47058823704719543,
    0.0,
    0.05882352963089943,
    0.0,
    0.11764705926179886,
    0.29411765933036804,
    0.3529411852359772,
    0.9411764740943909,
    0.3529411852359772,
    0.1764705926179886,
    0.05882352963089943,
    0.05882352963089943,
    0.0,
    0.1764705926179886,
    0.1764705926179886,
    0.0,
    0.05882352963089943,
    0.29411765933036804,
    0.5882353186607361,
    0.05882352963089943,
    0.05882352963089943,
    68.29412078857422,
    1.6762113571166992,
    2.1764705181121826,
    4.352941036224365,
    1.058823585510254
  ],
  "std": [
    1.6066471338272095,
    1.6066471338272095,
    1.5805915594100952,
    2.0034570693969727,
    0.45564505457878113,
    0.2352941334247589,
    0.4778846502304077,
    0.45564505457878113,
    0.3221897482872009,
    0.5128116607666016,
    0.3221897482872009,
    1.3669353723526,
    8.662850379943848,
    2.5775179862976074,
    1.6762125492095947,
    2.9211080074310303,
    0.5882353186607361,
    1.0,
    0.2352941334247589,
    1.0,
    0.2352941334247589,
    0.5455069541931152,
    1.0,
    1.5361840724945068,
    2.8877501487731934,
    0.4705882668495178,
    0.3812200427055359,
    0.2352941334247589,
    1.0,
    0.5998846292495728,
    0.6655122637748718,
    0.9737026691436768,
    1.0,
    1.0,
    1.0,
    1.0,
    0.6655122637748718,
    1.0,
    1.0,
    1.0,
    2.450901985168457,
    0.4556450843811035,
    0.6910199522972107,
    0.6443794965744019,
    0.7058823704719543,
    2.5775179862976074,
    3.0086381435394287,
    4.116806507110596,
    2.0034570693969727,
    0.5128116607666016,
    1.3669353723526,
    1.490454077720642,
    1.0,
    0.3221897482872009,
    0.6655122637748718,
    0.3221897482872009,
    0.3221897482872009,
    0.3221897482872009,
    0.4556450843811035,
    0.4556450843811035,
    0.4991341829299927,
    0.45564505457878113,
    0.2352941334247589,
    1.0,
    0.4991341829299927,
    1.0,
    0.2352941334247589,
    1.0,
    0.3221897482872009,
    0.45564505457878113,
    0.4778846502304077,
    0.2352941632270813,
    0.4778846502304077,
    0.3812200427055359,
    0.2352941334247589,
    0.2352941334247589,
    1.0,
    0.3812200427055359,
    0.3812200427055359,
    1.0,
    0.2352941334247589,
    0.45564505457878113,
    0.49215295910835266,
    0.23529411852359772,
    0.23529411852359772,
    48.67148208618164,
    0.16183160245418549,
    3.110424280166626,
    3.0086381435394287,
    2.8588480949401855
  ],
  "num_features": 90
}