{
  "mean": [
    1.5675675868988037,
    1.5675675868988037,
    1.0270270109176636,
    0.4864864945411682,
    0.1621621549129486,
    0.0,
    0.13513512909412384,
    0.027027027681469917,
    0.054054055362939835,
    0.054054055362939835,
    0.10810811072587967,
    0.3513513505458832,
    4.216216087341309,
    1.9729729890823364,
    0.29729729890823364,
    1.2702702283859253,
    0.13513512909412384,
    0.10810811072587967,
    0.027027027681469917,
    0.0,
    0.0,
    0.0810810774564743,
    0.027027027681469917,
    0.0,
    0.13513512909412384,
    0.027027027681469917,
    0.054054055362939835,
    0.0,
    0.0,
    0.21621622145175934,
    0.13513512909412384,
    0.054054055362939835,
    0.0,
    0.027027027681469917,
    0.0,
    0.0,
    0.027027027681469917,
    0.10810811072587967,
    0.027027027681469917,
    0.0,
    6.054054260253906,
    0.3513513505458832,
    0.3513513505458832,
    0.10810811072587967,
    0.027027027681469917,
    1.9729729890823364,
    2.4594595432281494,
    1.3783783912658691,
    0.4864864945411682,
    0.054054055362939835,
    0.3513513505458832,
    0.4324324429035187,
    0.10810811072587967,
    0.10810811072587967,
    0.027027027681469917,
    0.054054055362939835,
    0.0810810774564743,
    0.054054055362939835,
    0.3513513505458832,
    0.3513513505458832,
    0.2432432472705841,
    0.13513512909412384,
    0.0,
    0.054054055362939835,
    0.2432432472705841,
    0.0,
    0.0,
    0.0,
    0.0,
    0.027027027681469917,
    0.0810810774564743,
    0.7297297120094299,
    0.18918919563293457,
    0.0810810774564743,
    0.054054055362939835,
    0.027027027681469917,
    0.027027027681469917,
    0.0,
    0.027027027681469917,
    0.0,
    0.0,
    0.0,
    0.3243243098258972,
    0.0,
    0.0,
    28.513513565063477,
    1.6749109029769897,
    0.21621622145175934,
    2.4594595432281494,
    0.5405405163764954
  ],
  "std": [
    0.5945945978164673,
    0.5945945978164673,
    0.7160887718200684,
    0.757721483707428,
    0.4357977509498596,
    1.0,
    0.5282384157180786,
    0.1621621698141098,
    0.22612428665161133,
    0.22612428665161133,
    0.38791075348854065,
    0.47739243507385254,
    2.4729361534118652,
    0.7528858780860901,
    0.6091582179069519,
    0.8898419141769409,
    0.3418677747249603,
    0.38791075348854065,
    0.1621621549129486,
    1.0,
    1.0,
    0.2729596197605133,
    0.1621621549129486,
    1.0,
    0.3418678045272827,
    0.1621621549129486,
    0.22612428665161133,
    1.0,
    1.0,
    0.6210336685180664,
    0.3418678343296051,
    0.22612428665161133,
    1.0,
    0.1621621698141098,
    1.0,
    1.0,
    0.1621621549129486,
    0.5085104703903198,
    0.1621621698141098,
    1.0,
    1.6431009769439697,
    0.47739243507385254,
    0.47739240527153015,
    0.45224857330322266,
    0.1621621549129486,
    0.7528858780860901,
    1.4994521141052246,
    1.2159156799316406,
    0.757721483707428,
    0.22612428665161133,
    0.47739243507385254,
    0.7548236846923828,
    0.5085104703903198,
    0.38791075348854065,
    0.1621621549129486,
    0.22612428665161133,
    0.2729596197605133,
    0.22612428665161133,
    0.47739243507385254,
    0.47739243507385254,
    0.4290408790111542,
    0.3418678343296051,
    1.0,
    0.22612431645393372,
    0.4290408790111542,
    1.0,
    1.0,
    1.0,
    1.0,
    0.1621621698141098,
    0.2729595899581909,
    0.44409939646720886,
    0.39165881276130676,
    0.2729596197605133,
    0.22612428665161133,
    0.16216214001178741,
    0.1621621549129486,
    1.0,
    0.1621621549129486,
    1.0,
    1.0,
    1.0,
    0.4681219458580017,
    1.0,
    1.0,
    11.635504722595215,
    0.18262219429016113,
    0.4116634130477905,
    1.4994521141052246,
    0.888198971748352
  ],
  "num_features": 90
}