{
  "mean": [
    2.3714284896850586,
    2.3714284896850586,
    1.7333333492279053,
    1.92380952835083,
    0.5047619342803955,
    0.03809523954987526,
    0.4571428596973419,
    0.2857142984867096,
    0.16190476715564728,
    0.2380952388048172,
    0.17142857611179352,
    0.8571428656578064,
    14.838095664978027,
    4.057142734527588,
    1.990476131439209,
    3.752380847930908,
    0.561904788017273,
    0.11428571492433548,
    0.02857142873108387,
    0.05714285746216774,
    0.02857142873108387,
    0.34285715222358704,
    0.01904761977493763,
    0.6857143044471741,
    3.028571367263794,
    0.06666667014360428,
    0.15238095819950104,
    0.11428571492433548,
    0.0,
    0.9047619104385376,
    0.3523809611797333,
    0.3619047701358795,
    0.0,
    0.11428571492433548,
    0.0,
    0.16190476715564728,
    0.39047619700431824,
    0.17142857611179352,
    0.01904761977493763,
    0.0,
    8.276190757751465,
    0.4761904776096344,
    0.5523809790611267,
    0.32380953431129456,
    0.21904762089252472,
    4.057142734527588,
    5.4285712242126465,
    5.085714340209961,
    1.92380952835083,
    0.2380952388048172,
    0.8571428656578064,
    1.7714285850524902,
    0.17142857611179352,
    0.17142857611179352,
    0.39047619700431824,
    0.16190476715564728,
    0.10476190596818924,
    0.08571428805589676,
    0.4285714328289032,
    0.4285714328289032,
    0.4285714328289032,
    0.3333333432674408,
    0.01904761977493763,
    0.07619047909975052,
    0.39047619700431824,
    0.0,
    0.0476190485060215,
    0.06666667014360428,
    0.03809523954987526,
    0.2857142984867096,
    0.3333333432674408,
    0.8095238208770752,
    0.380952388048172,
    0.18095238506793976,
    0.05714285746216774,
    0.02857142873108387,
    0.01904761977493763,
    0.17142857611179352,
    0.1428571492433548,
    0.05714285746216774,
    0.0476190485060215,
    0.2571428716182709,
    0.523809552192688,
    0.05714285746216774,
    0.02857142873108387,
    83.07618713378906,
    1.6738224029541016,
    3.247619152069092,
    5.4285712242126465,
    1.038095235824585
  ],
  "std": [
    2.7159368991851807,
    2.7159368991851807,
    2.359445810317993,
    3.1643707752227783,
    0.8850480914115906,
    0.3062467575073242,
    0.8731827735900879,
    0.45175397396087646,
    0.36836302280426025,
    0.6098217964172363,
    0.5766432881355286,
    2.235762119293213,
    21.161569595336914,
    4.675833225250244,
    3.9629151821136475,
    5.528768062591553,
    1.2643365859985352,
    0.44324132800102234,
    0.16659867763519287,
    0.41007718443870544,
    0.16659867763519287,
    0.9444441199302673,
    0.1366923600435257,
    2.3024404048919678,
    6.246462345123291,
    0.28507882356643677,
    0.5981073379516602,
    0.5906299948692322,
    1.0,
    2.08634614944458,
    0.9048134088516235,
    1.454870581626892,
    1.0,
    0.651946485042572,
    1.0,
    0.8521554470062256,
    1.1911981105804443,
    0.6963465213775635,
    0.1366923749446869,
    1.0,
    4.090627193450928,
    0.5870868563652039,
    0.5517236590385437,
    0.7367260456085205,
    0.9559928774833679,
    4.675833225250244,
    7.235963344573975,
    7.442615509033203,
    3.1643707752227783,
    0.6098217964172363,
    2.235762119293213,
    3.1600379943847656,
    0.6963465213775635,
    0.5766432881355286,
    1.1911981105804443,
    0.36836302280426025,
    0.30624622106552124,
    0.2799418866634369,
    0.4948717951774597,
    0.4948717951774597,
    0.4948717951774597,
    0.4714042544364929,
    0.13669218122959137,
    0.2653026878833771,
    0.4878569543361664,
    1.0,
    0.21295851469039917,
    0.24944405257701874,
    0.19142621755599976,
    0.45175397396087646,
    0.47140422463417053,
    0.39267683029174805,
    0.4856208264827728,
    0.3849785029888153,
    0.2321154773235321,
    0.16659867763519287,
    0.1366923600435257,
    0.3768828213214874,
    0.3499275743961334,
    0.2321155071258545,
    0.21295851469039917,
    0.4370585083961487,
    0.4994327127933502,
    0.2321155071258545,
    0.16659867763519287,
    106.7440185546875,
    0.16168637573719025,
    6.324227333068848,
    7.235963344573975,
    2.3296172618865967
  ],
  "num_features": 90
}