{
  "mean": [
    1.454545497894287,
    1.454545497894287,
    1.0606060028076172,
    0.7272727489471436,
    0.1515151560306549,
    0.01515151560306549,
    0.1666666716337204,
    0.09090909361839294,
    0.04545454680919647,
    0.06060606241226196,
    0.07575757801532745,
    0.39393940567970276,
    5.060606002807617,
    2.10606050491333,
    0.40909090638160706,
    1.6363636255264282,
    0.1515151560306549,
    0.06060606241226196,
    0.04545454680919647,
    0.0,
    0.01515151560306549,
    0.07575757801532745,
    0.01515151560306549,
    0.1515151560306549,
    0.5909090638160706,
    0.04545454680919647,
    0.06060606241226196,
    0.01515151560306549,
    0.0,
    0.19696970283985138,
    0.1515151560306549,
    0.12121212482452393,
    0.0,
    0.01515151560306549,
    0.0,
    0.0,
    0.09090909361839294,
    0.06060606241226196,
    0.01515151560306549,
    0.0,
    5.7727274894714355,
    0.28787878155708313,
    0.39393940567970276,
    0.09090909361839294,
    0.06060606241226196,
    2.10606050491333,
    2.257575750350952,
    1.878787875175476,
    0.7272727489471436,
    0.06060606241226196,
    0.39393940567970276,
    0.4848484992980957,
    0.06060606241226196,
    0.07575757801532745,
    0.09090909361839294,
    0.04545454680919647,
    0.06060606241226196,
    0.04545454680919647,
    0.28787878155708313,
    0.28787878155708313,
    0.22727273404598236,
    0.13636364042758942,
    0.01515151560306549,
    0.03030303120613098,
    0.22727273404598236,
    0.0,
    0.01515151560306549,
    0.0,
    0.03030303120613098,
    0.09090909361839294,
    0.13636364042758942,
    0.5909090638160706,
    0.21212121844291687,
    0.06060606241226196,
    0.04545454680919647,
    0.03030303120613098,
    0.01515151560306549,
    0.04545454680919647,
    0.06060606241226196,
    0.0,
    0.01515151560306549,
    0.07575757801532745,
    0.28787878155708313,
    0.01515151560306549,
    0.01515151560306549,
    33.01515197753906,
    1.564381718635559,
    0.6969696879386902,
    2.257575750350952,
    0.6363636255264282
  ],
  "std": [
    1.2453770637512207,
    1.2453770637512207,
    1.2045217752456665,
    1.2856487035751343,
    0.39857420325279236,
    0.12215543538331985,
    0.479372501373291,
    0.2874797582626343,
    0.2082989364862442,
    0.2953573763370514,
    0.31673553586006165,
    0.8682757019996643,
    6.092416286468506,
    1.9079482555389404,
    1.0441361665725708,
    1.9277585744857788,
    0.39857417345046997,
    0.2953573763370514,
    0.20829890668392181,
    1.0,
    0.12215542793273926,
    0.31673553586006165,
    0.12215546518564224,
    0.8209828734397888,
    1.6785389184951782,
    0.27146172523498535,
    0.238606259226799,
    0.12215542793273926,
    1.0,
    0.5564961433410645,
    0.43493032455444336,
    0.5369710326194763,
    1.0,
    0.12215545028448105,
    1.0,
    1.0,
    0.37848469614982605,
    0.38450247049331665,
    0.12215544283390045,
    1.0,
    2.7402470111846924,
    0.4527743458747864,
    0.5471355319023132,
    0.4165978729724884,
    0.3845023512840271,
    1.9079482555389404,
    2.376084089279175,
    2.81508469581604,
    1.2856487035751343,
    0.2953573763370514,
    0.8682757019996643,
    1.0186506509780884,
    0.38450247049331665,
    0.31673553586006165,
    0.37848469614982605,
    0.2082989364862442,
    0.2386062741279602,
    0.2082989364862442,
    0.4527743458747864,
    0.4527743458747864,
    0.41907018423080444,
    0.3431743085384369,
    0.12215543538331985,
    0.17141982913017273,
    0.41907018423080444,
    1.0,
    0.12215542793273926,
    1.0,
    0.17141982913017273,
    0.2874797582626343,
    0.3431743085384369,
    0.49166616797447205,
    0.40881016850471497,
    0.2386062741279602,
    0.2082989364862442,
    0.17141981422901154,
    0.12215546518564224,
    0.20829889178276062,
    0.2386062741279602,
    1.0,
    0.12215542793273926,
    0.26460984349250793,
    0.45277437567710876,
    0.12215542793273926,
    0.12215542793273926,
    34.522056579589844,
    0.31649601459503174,
    1.8337715864181519,
    2.376084089279175,
    1.6388866901397705
  ],
  "num_features": 90
}