{
  "mean": [
    1.691489338874817,
    1.6808511018753052,
    1.2127659320831299,
    0.9468085169792175,
    0.24468085169792175,
    0.010638297535479069,
    0.20212766528129578,
    0.11702127754688263,
    0.05319149047136307,
    0.06382978707551956,
    0.09574468433856964,
    0.5106382966041565,
    6.861701965332031,
    2.4893617630004883,
    0.6382978558540344,
    2.0319149494171143,
    0.19148936867713928,
    0.09574468433856964,
    0.03191489353775978,
    0.010638297535479069,
    0.010638297535479069,
    0.11702127754688263,
    0.021276595070958138,
    0.25531914830207825,
    0.8829787373542786,
    0.05319149047136307,
    0.07446808367967606,
    0.03191489353775978,
    0.0,
    0.3723404109477997,
    0.19148936867713928,
    0.20212766528129578,
    0.0,
    0.021276595070958138,
    0.0,
    0.0,
    0.19148936867713928,
    0.08510638028383255,
    0.021276595070958138,
    0.0,
    6.808510780334473,
    0.3723404109477997,
    0.43617022037506104,
    0.10638298094272614,
    0.05319149047136307,
    2.4893617630004883,
    2.957446813583374,
    2.340425491333008,
    0.9468085169792175,
    0.06382978707551956,
    0.5106382966041565,
    0.7872340679168701,
    0.08510638028383255,
    0.09574468433856964,
    0.19148936867713928,
    0.05319149047136307,
    0.07446808367967606,
    0.05319149047136307,
    0.3617021143436432,
    0.3617021143436432,
    0.3085106313228607,
    0.20212766528129578,
    0.010638297535479069,
    0.042553190141916275,
    0.2978723347187042,
    0.0,
    0.021276595070958138,
    0.010638297535479069,
    0.021276595070958138,
    0.11702127754688263,
    0.1595744639635086,
    0.7234042286872864,
    0.25531914830207825,
    0.10638298094272614,
    0.05319149047136307,
    0.03191489353775978,
    0.021276595070958138,
    0.07446808367967606,
    0.08510638028383255,
    0.0,
    0.021276595070958138,
    0.10638298094272614,
    0.39361703395843506,
    0.010638297535479069,
    0.010638297535479069,
    46.10638427734375,
    1.4972068071365356,
    1.0106383562088013,
    2.957446813583374,
    0.7978723645210266
  ],
  "std": [
    1.2030690908432007,
    1.1597208976745605,
    1.1838667392730713,
    1.715803861618042,
    0.5396245718002319,
    0.1025921031832695,
    0.5375234484672546,
    0.32144543528556824,
    0.22441524267196655,
    0.28466129302978516,
    0.35934779047966003,
    0.9972792267799377,
    8.61913013458252,
    2.0039565563201904,
    1.2952539920806885,
    2.711095094680786,
    0.4442684054374695,
    0.35934773087501526,
    0.1757735162973404,
    0.1025920882821083,
    0.1025921031832695,
    0.35299259424209595,
    0.14430487155914307,
    1.0612726211547852,
    2.3468258380889893,
    0.2676544785499573,
    0.26253119111061096,
    0.2284138798713684,
    1.0,
    0.9891318678855896,
    0.4676014184951782,
    0.7377334237098694,
    1.0,
    0.14430488646030426,
    1.0,
    1.0,
    0.828694760799408,
    0.453346312046051,
    0.14430488646030426,
    1.0,
    3.008061408996582,
    0.5049551725387573,
    0.5565568804740906,
    0.4488304853439331,
    0.3379232585430145,
    2.0039565563201904,
    2.5926036834716797,
    3.092728614807129,
    1.715803861618042,
    0.28466129302978516,
    0.9972792267799377,
    1.3904868364334106,
    0.453346312046051,
    0.35934779047966003,
    0.828694760799408,
    0.22441524267196655,
    0.2625311315059662,
    0.22441519796848297,
    0.480493426322937,
    0.480493426322937,
    0.46187835931777954,
    0.40158677101135254,
    0.1025921031832695,
    0.20184752345085144,
    0.4573230445384979,
    1.0,
    0.14430473744869232,
    0.1025920882821083,
    0.14430472254753113,
    0.32144543528556824,
    0.3662109971046448,
    0.447314977645874,
    0.4360402524471283,
    0.3083270788192749,
    0.22441521286964417,
    0.1757734715938568,
    0.14430487155914307,
    0.2625313103199005,
    0.27904003858566284,
    1.0,
    0.14430473744869232,
    0.3083270490169525,
    0.48855140805244446,
    0.1025920957326889,
    0.1025920957326889,
    49.020713806152344,
    0.4322013258934021,
    2.481823205947876,
    2.5926036834716797,
    1.949248194694519
  ],
  "num_features": 90
}