{
  "mean": [
    2.564814805984497,
    2.564814805984497,
    1.8611111640930176,
    2.3333332538604736,
    0.5370370149612427,
    0.06481481343507767,
    0.4722222089767456,
    0.29629629850387573,
    0.1666666716337204,
    0.25,
    0.20370370149612427,
    0.9907407164573669,
    16.879629135131836,
    4.564815044403076,
    2.185185194015503,
    4.518518447875977,
    0.5740740895271301,
    0.14814814925193787,
    0.06481481343507767,
    0.2777777910232544,
    0.02777777798473835,
    0.37037035822868347,
    0.018518518656492233,
    0.7222222089767456,
    3.8611111640930176,
    0.21296297013759613,
    0.14814814925193787,
    0.1111111119389534,
    0.0,
    0.9907407164573669,
    0.4444444477558136,
    0.3611111044883728,
    0.0,
    0.1111111119389534,
    0.0,
    0.15740740299224854,
    0.39814814925193787,
    0.17592592537403107,
    0.018518518656492233,
    0.0,
    8.407407760620117,
    0.49074074625968933,
    0.5833333134651184,
    0.3333333432674408,
    0.2777777910232544,
    4.564815044403076,
    5.842592716217041,
    6.185184955596924,
    2.3333332538604736,
    0.25,
    0.9907407164573669,
    1.9444444179534912,
    0.17592592537403107,
    0.20370370149612427,
    0.39814814925193787,
    0.1666666716337204,
    0.1111111119389534,
    0.09259258955717087,
    0.43518519401550293,
    0.43518519401550293,
    0.4444444477558136,
    0.34259259700775146,
    0.02777777798473835,
    0.0833333358168602,
    0.39814814925193787,
    0.0,
    0.046296294778585434,
    0.06481481343507767,
    0.03703703731298447,
    0.29629629850387573,
    0.34259259700775146,
    0.8148148059844971,
    0.3888888955116272,
    0.1944444477558136,
    0.0555555559694767,
    0.02777777798473835,
    0.018518518656492233,
    0.17592592537403107,
    0.14814814925193787,
    0.0555555559694767,
    0.046296294778585434,
    0.2777777910232544,
    0.5370370149612427,
    0.06481481343507767,
    0.03703703731298447,
    95.30555725097656,
    1.6733975410461426,
    4.222222328186035,
    5.842592716217041,
    2.222222328186035
  ],
  "std": [
    3.1336677074432373,
    3.1336677074432373,
    2.529304027557373,
    4.386427879333496,
    0.9371532797813416,
    0.4143981337547302,
    0.8762109875679016,
    0.45662325620651245,
    0.37267789244651794,
    0.6254627704620361,
    0.6771302819252014,
    2.436204671859741,
    25.203514099121094,
    5.911816596984863,
    4.170327186584473,
    8.159835815429688,
    1.270780086517334,
    0.5743730068206787,
    0.4143981635570526,
    2.3286964893341064,
    0.16433535516262054,
    0.9679366946220398,
    0.13481689989566803,
    2.3286993503570557,
    9.218998908996582,
    1.5518847703933716,
    0.5902743935585022,
    0.5826707482337952,
    1.0,
    2.187910556793213,
    1.1811256408691406,
    1.4366778135299683,
    1.0,
    0.6431010961532593,
    1.0,
    0.8406584858894348,
    1.1858726739883423,
    0.6915984749794006,
    0.13481688499450684,
    1.0,
    4.150053024291992,
    0.600853443145752,
    0.5793516635894775,
    0.7453557848930359,
    1.145308256149292,
    5.911816596984863,
    8.176484107971191,
    11.678682327270508,
    4.386427879333496,
    0.6254627704620361,
    2.436204671859741,
    3.324526786804199,
    0.6915984749794006,
    0.6771302819252014,
    1.1858726739883423,
    0.37267789244651794,
    0.31426963210105896,
    0.2898608148097992,
    0.4957813024520874,
    0.4957813024520874,
    0.4969039261341095,
    0.4745769500732422,
    0.16433532536029816,
    0.27638566493988037,
    0.4895162284374237,
    1.0,
    0.2101260870695114,
    0.24619875848293304,
    0.18885284662246704,
    0.45662325620651245,
    0.4745769500732422,
    0.3884476125240326,
    0.4874977767467499,
    0.39577236771583557,
    0.22906148433685303,
    0.1643354892730713,
    0.13481689989566803,
    0.38075682520866394,
    0.35524678230285645,
    0.22906166315078735,
    0.2101261019706726,
    0.4479026794433594,
    0.49862608313560486,
    0.24619875848293304,
    0.18885281682014465,
    137.25521850585938,
    0.159639373421669,
    10.395275115966797,
    8.176484107971191,
    11.568910598754883
  ],
  "num_features": 90
}