{
  "query_id": "query_69",
  "baseline_times_ms": [
    235.89413699846773,
    228.1307299999753,
    230.96068799895875,
    229.15033800018136,
    231.34012099944812
  ],
  "baseline_trimmed_mean_ms": 230.48371566619608,
  "baseline_row_count": 100,
  "workers": [
    {
      "worker_id": 6,
      "times_ms": [
        322.73261900081707,
        304.86073899919575,
        323.9103300002171,
        326.9537249998393,
        335.71482700062916
      ],
      "trimmed_mean_ms": 324.5322246669578,
      "speedup": 0.7102028647624241,
      "row_count": 100,
      "rows_match": true,
      "status": "pass",
      "error": ""
    }
  ],
  "best_worker_id": 6,
  "best_speedup": 0.7102028647624241,
  "exited": false
}