{
  "query_id": "query_11",
  "baseline_times_ms": [
    4883.54878500013,
    3325.0301050002236,
    3017.4794739996287,
    2981.7716019997533,
    2987.9229309999573
  ],
  "baseline_trimmed_mean_ms": 3110.1441699999364,
  "baseline_row_count": 100,
  "workers": [
    {
      "worker_id": 1,
      "times_ms": [
        2803.862841999944,
        3094.3776119993345,
        2842.460145999212,
        2881.985056999838,
        2856.945493999774
      ],
      "trimmed_mean_ms": 2860.4635656662745,
      "speedup": 1.0872867626529286,
      "row_count": 100,
      "rows_match": true,
      "status": "pass",
      "error": ""
    },
    {
      "worker_id": 2,
      "times_ms": [
        3064.35649299965,
        2958.3404960003463,
        2995.801164000113,
        2943.3470809999562,
        2945.762193000519
      ],
      "trimmed_mean_ms": 2966.6346176669927,
      "speedup": 1.0483745289960251,
      "row_count": 100,
      "rows_match": true,
      "status": "pass",
      "error": ""
    },
    {
      "worker_id": 3,
      "times_ms": [
        2398.4313579994705,
        2446.248344000196,
        2446.726354999555,
        2609.1066669996508,
        2460.1862660001643
      ],
      "trimmed_mean_ms": 2451.053654999972,
      "speedup": 1.2689008923388794,
      "row_count": 100,
      "rows_match": true,
      "status": "pass",
      "error": ""
    },
    {
      "worker_id": 4,
      "times_ms": [
        7161.45760299969,
        7205.1431139998385,
        6698.304380999616,
        6655.192678000276,
        6704.403407999962
      ],
      "trimmed_mean_ms": 6854.721797333089,
      "speedup": 0.45372288795293997,
      "row_count": 100,
      "rows_match": true,
      "status": "pass",
      "error": ""
    }
  ],
  "best_worker_id": 3,
  "best_speedup": 1.2689008923388794,
  "exited": false
}