{
  "query_id": "query_43",
  "baseline_times_ms": [
    408.70713499953126,
    400.4027179998957,
    339.695822000067,
    348.92226600004506,
    333.1663560002198
  ],
  "baseline_trimmed_mean_ms": 363.0069353333359,
  "baseline_row_count": 18,
  "workers": [
    {
      "worker_id": 1,
      "times_ms": [
        357.67821300032665,
        341.3092050004707,
        333.29271500042523,
        355.04338500049926,
        343.3352259999083
      ],
      "trimmed_mean_ms": 346.5626053336261,
      "speedup": 1.047449810644975,
      "row_count": 18,
      "rows_match": true,
      "status": "pass",
      "error": ""
    },
    {
      "worker_id": 2,
      "times_ms": [
        333.89391800028534,
        343.9121460005481,
        359.74299800000153,
        381.25286099966615,
        346.14964299998974
      ],
      "trimmed_mean_ms": 349.9349290001798,
      "speedup": 1.0373555345575387,
      "row_count": 18,
      "rows_match": true,
      "status": "pass",
      "error": ""
    },
    {
      "worker_id": 3,
      "times_ms": [
        385.2447930003109,
        406.5411450001193,
        376.6962899999271,
        343.05156400023407,
        356.57041299964476
      ],
      "trimmed_mean_ms": 372.83716533329425,
      "speedup": 0.9736339857879492,
      "row_count": 18,
      "rows_match": true,
      "status": "pass",
      "error": ""
    },
    {
      "worker_id": 4,
      "times_ms": [
        347.18266499930905,
        369.7436860002199,
        362.9743649999,
        361.2641709996751,
        337.03051599968603
      ],
      "trimmed_mean_ms": 357.1404003329614,
      "speedup": 1.016426410999442,
      "row_count": 18,
      "rows_match": true,
      "status": "pass",
      "error": ""
    }
  ],
  "best_worker_id": 1,
  "best_speedup": 1.047449810644975,
  "exited": false
}