{
  "query_id": "query_87",
  "baseline_times_ms": [
    1685.795922001489,
    1142.9704060010408,
    1147.2672360014258,
    1269.7003780012892,
    1154.1824340001767
  ],
  "baseline_trimmed_mean_ms": 1190.3833493342972,
  "baseline_row_count": 1,
  "workers": [
    {
      "worker_id": 5,
      "times_ms": [
        1359.4005450013356,
        1187.4906070006546,
        1622.5503259993275,
        1157.8238479996799,
        1469.481280000764
      ],
      "trimmed_mean_ms": 1338.7908106675848,
      "speedup": 0.889148132665114,
      "row_count": 1,
      "rows_match": true,
      "status": "pass",
      "error": ""
    }
  ],
  "best_worker_id": 5,
  "best_speedup": 0.889148132665114,
  "exited": false
}