{
  "query_id": "query_87",
  "baseline_times_ms": [
    899.6672979992582,
    870.921243000339,
    931.680237999899,
    958.7924370007386,
    953.9287339994189
  ],
  "baseline_trimmed_mean_ms": 928.4254233328587,
  "baseline_row_count": 1,
  "workers": [
    {
      "worker_id": 6,
      "times_ms": [
        485.294251000596,
        483.4203790014726,
        486.91600799975276,
        496.3489699985075,
        472.1668869988207
      ],
      "trimmed_mean_ms": 485.21021266727377,
      "speedup": 1.913449880267697,
      "row_count": 1,
      "rows_match": true,
      "status": "pass",
      "error": ""
    }
  ],
  "best_worker_id": 6,
  "best_speedup": 1.913449880267697,
  "exited": false
}