{
  "query_id": "query087_multi",
  "baseline_times_ms": [
    5731.098339998425,
    4763.294684002176,
    4775.849175002804,
    4740.987950000999,
    5079.393848998734
  ],
  "baseline_trimmed_mean_ms": 4872.845902667905,
  "baseline_row_count": 1,
  "workers": [
    {
      "worker_id": 1,
      "times_ms": [
        9076.256532000116,
        8388.320640002348,
        10591.128157997446,
        10187.613556001452,
        8359.204214000783
      ],
      "trimmed_mean_ms": 9217.396909334639,
      "speedup": 0.5286574887247264,
      "row_count": 1,
      "rows_match": true,
      "status": "pass",
      "error": ""
    },
    {
      "worker_id": 2,
      "times_ms": [
        8726.000774000568,
        9874.044164000225,
        11036.50847499739,
        9614.178083000297,
        11760.64107700222
      ],
      "trimmed_mean_ms": 10174.910240665971,
      "speedup": 0.4789079989317887,
      "row_count": 1,
      "rows_match": true,
      "status": "pass",
      "error": ""
    },
    {
      "worker_id": 3,
      "times_ms": [
        10282.227208001132,
        8389.753434003069,
        8536.065071999474,
        8009.941137999704,
        8391.731539999455
      ],
      "trimmed_mean_ms": 8439.183348667333,
      "speedup": 0.5774072799872746,
      "row_count": 1,
      "rows_match": true,
      "status": "pass",
      "error": ""
    },
    {
      "worker_id": 4,
      "times_ms": [
        3329.4632279976213,
        3223.4521259997564,
        3104.571758001839,
        3162.9598529980285,
        3202.798119997169
      ],
      "trimmed_mean_ms": 3196.4033663316513,
      "speedup": 1.5244777783663208,
      "row_count": 1,
      "rows_match": true,
      "status": "pass",
      "error": ""
    }
  ],
  "best_worker_id": 4,
  "best_speedup": 1.5244777783663208,
  "exited": false
}