{
  "query_id": "query087_multi",
  "baseline_times_ms": [
    7486.398764001933,
    7239.12801500046,
    7198.893967000913,
    7255.040996999014,
    7388.914775998273
  ],
  "baseline_trimmed_mean_ms": 7294.361262665916,
  "baseline_row_count": 1,
  "workers": [
    {
      "worker_id": 6,
      "times_ms": [
        4413.040789000661,
        4382.334380003158,
        3999.972359997628,
        4069.461473998672,
        3891.2711560005846
      ],
      "trimmed_mean_ms": 4150.589404666486,
      "speedup": 1.7574278136172428,
      "row_count": 1,
      "rows_match": true,
      "status": "pass",
      "error": ""
    }
  ],
  "best_worker_id": 6,
  "best_speedup": 1.7574278136172428,
  "exited": false
}