{
  "query_id": "query087_multi",
  "baseline_times_ms": [
    5610.00111300018,
    5896.323455999664,
    5406.4826860012545,
    6047.247001002688,
    5710.192687998642
  ],
  "baseline_trimmed_mean_ms": 5738.839085666162,
  "baseline_row_count": 1,
  "workers": [
    {
      "worker_id": 5,
      "times_ms": [
        9856.60171500058,
        13358.332830001018,
        12847.510375999263,
        9797.878581000987,
        8879.789386002813
      ],
      "trimmed_mean_ms": 10833.996890666944,
      "speedup": 0.5297065472309617,
      "row_count": 1,
      "rows_match": true,
      "status": "pass",
      "error": ""
    }
  ],
  "best_worker_id": 5,
  "best_speedup": 0.5297065472309617,
  "exited": false
}