{
  "query_id": "query065_multi",
  "baseline_times_ms": [
    4694.494088998908,
    4042.998434000765,
    4057.872101999237,
    3955.153233000601,
    3339.7728039999492
  ],
  "baseline_trimmed_mean_ms": 4018.6745896668676,
  "baseline_row_count": 0,
  "workers": [
    {
      "worker_id": 5,
      "times_ms": [
        2056.2835939999786,
        2079.4760070020857,
        2104.3624310004816,
        2081.443171999126,
        2105.5332839969196
      ],
      "trimmed_mean_ms": 2088.427203333898,
      "speedup": 1.9242588792425155,
      "row_count": 0,
      "rows_match": true,
      "status": "pass",
      "error": ""
    }
  ],
  "best_worker_id": 5,
  "best_speedup": 1.9242588792425155,
  "exited": false
}