{
  "query_id": "query_1",
  "baseline_times_ms": [
    277.61103400007414,
    99.85236399916175,
    113.8395349998973,
    102.5139350003883,
    103.53390100044635
  ],
  "baseline_trimmed_mean_ms": 106.62912366691064,
  "baseline_row_count": 100,
  "workers": [
    {
      "worker_id": 1,
      "times_ms": [
        106.38041099991824,
        99.8323009998785,
        102.72051199990528,
        110.30135999953927,
        106.99456600013946
      ],
      "trimmed_mean_ms": 105.36516299998766,
      "speedup": 1.0119960016283858,
      "row_count": 100,
      "rows_match": true,
      "status": "pass",
      "error": ""
    },
    {
      "worker_id": 2,
      "times_ms": [
        69.8487469999236,
        64.44611599999917,
        77.2668950003208,
        67.65274400004273,
        75.14018700021552
      ],
      "trimmed_mean_ms": 70.88055933339395,
      "speedup": 1.504349354318293,
      "row_count": 100,
      "rows_match": true,
      "status": "pass",
      "error": ""
    },
    {
      "worker_id": 3,
      "times_ms": [
        60.54313799995725,
        61.04736400084221,
        66.84200000017881,
        69.61588600006507,
        73.34262800031865
      ],
      "trimmed_mean_ms": 65.83508333369537,
      "speedup": 1.6196398374168426,
      "row_count": 100,
      "rows_match": true,
      "status": "pass",
      "error": ""
    },
    {
      "worker_id": 4,
      "times_ms": [
        121.24321100054658,
        119.47779799993441,
        97.780142999909,
        92.88586000002397,
        98.18845600057102
      ],
      "trimmed_mean_ms": 105.14879900013814,
      "speedup": 1.0140783792192487,
      "row_count": 100,
      "rows_match": true,
      "status": "pass",
      "error": ""
    }
  ],
  "best_worker_id": 3,
  "best_speedup": 1.6196398374168426,
  "exited": false
}