{
  "query_id": "query_78",
  "baseline_times_ms": [
    3354.3055379996076,
    2830.7243889994425,
    2684.6336430007796,
    2712.199290001081,
    2791.6843270013487
  ],
  "baseline_trimmed_mean_ms": 2778.2026686672907,
  "baseline_row_count": 100,
  "workers": [
    {
      "worker_id": 6,
      "times_ms": [
        7224.338115000137,
        7006.397333001587,
        7115.646272999584,
        7015.5178109998815,
        6996.755980999296
      ],
      "trimmed_mean_ms": 7045.853805667018,
      "speedup": 0.3943031952256471,
      "row_count": 100,
      "rows_match": true,
      "status": "pass",
      "error": ""
    }
  ],
  "best_worker_id": 6,
  "best_speedup": 0.3943031952256471,
  "exited": false
}