{
  "query_id": "query_32",
  "baseline_times_ms": [
    23.63036699989607,
    12.268096999832778,
    10.400271000435168,
    11.285020999821427,
    10.846191000382532
  ],
  "baseline_trimmed_mean_ms": 11.466436333345579,
  "baseline_row_count": 1,
  "workers": [
    {
      "worker_id": 1,
      "times_ms": [
        16.822323999804212,
        16.463703000226815,
        18.12788100050966,
        17.086066999581817,
        17.637064999689755
      ],
      "trimmed_mean_ms": 17.181818666358595,
      "speedup": 0.6673587095757484,
      "row_count": 1,
      "rows_match": true,
      "status": "pass",
      "error": ""
    },
    {
      "worker_id": 2,
      "times_ms": [
        16.33582100021158,
        21.89920399996481,
        20.831830000133778,
        18.44957999946928,
        17.07563400032086
      ],
      "trimmed_mean_ms": 18.785681333307974,
      "speedup": 0.6103817120018427,
      "row_count": 1,
      "rows_match": true,
      "status": "pass",
      "error": ""
    },
    {
      "worker_id": 3,
      "times_ms": [
        26.048945999718853,
        28.00305000073422,
        26.19071199933387,
        23.873539000305755,
        26.229647000036493
      ],
      "trimmed_mean_ms": 26.156434999696405,
      "speedup": 0.4383791726004965,
      "row_count": 1,
      "rows_match": true,
      "status": "pass",
      "error": ""
    },
    {
      "worker_id": 4,
      "times_ms": [],
      "trimmed_mean_ms": 0,
      "speedup": 0,
      "row_count": 0,
      "rows_match": false,
      "status": "error",
      "error": "Binder Error: Ambiguous reference to column name \"cs_item_sk\" (use: \"catalog_sales.cs_item_sk\" or \"item_avg_discount.cs_item_sk\")"
    }
  ],
  "best_worker_id": 1,
  "best_speedup": 0.6673587095757484,
  "exited": false
}