{
  "query_id": "query_65",
  "baseline_times_ms": [
    1748.4594010002183,
    1530.7263849990704,
    1589.9760800002696,
    1501.3676719991054,
    1424.2568999998184
  ],
  "baseline_trimmed_mean_ms": 1540.6900456661485,
  "baseline_row_count": 100,
  "workers": [
    {
      "worker_id": 5,
      "times_ms": [
        906.8139320006594,
        925.3038280003238,
        890.3340329998173,
        878.8879399999132,
        879.4309379991319
      ],
      "trimmed_mean_ms": 892.1929676665362,
      "speedup": 1.7268574193043773,
      "row_count": 100,
      "rows_match": true,
      "status": "pass",
      "error": ""
    }
  ],
  "best_worker_id": 5,
  "best_speedup": 1.7268574193043773,
  "exited": false
}