{
  "query_id": "query_74",
  "baseline_times_ms": [
    2443.874238999342,
    2325.435357999595,
    2243.5611269993387,
    2243.41235799875,
    2070.315175998985
  ],
  "baseline_trimmed_mean_ms": 2270.8029476658944,
  "baseline_row_count": 100,
  "workers": [
    {
      "worker_id": 6,
      "times_ms": [
        2916.8070100004115,
        2885.3016140001273,
        2927.706657001181,
        2872.163117001037,
        2879.4532929987326
      ],
      "trimmed_mean_ms": 2893.8539723330905,
      "speedup": 0.7846985263859467,
      "row_count": 100,
      "rows_match": true,
      "status": "pass",
      "error": ""
    }
  ],
  "best_worker_id": 6,
  "best_speedup": 0.7846985263859467,
  "exited": false
}