{
  "query_id": "query030_multi",
  "baseline_times_ms": [
    1898.756433998642,
    865.1283260005584,
    750.0680779994582,
    696.8859939988761,
    727.6884999992035
  ],
  "baseline_trimmed_mean_ms": 780.9616346664067,
  "baseline_row_count": 0,
  "workers": [
    {
      "worker_id": 1,
      "times_ms": [
        719.8086380012683,
        857.7499819984951,
        889.5357979999972,
        1002.7202399978705,
        1019.6645780015388
      ],
      "trimmed_mean_ms": 916.6686733321209,
      "speedup": 0.8519562819001825,
      "row_count": 0,
      "rows_match": true,
      "status": "pass",
      "error": ""
    },
    {
      "worker_id": 2,
      "times_ms": [
        1023.1743459989957,
        990.8855229987239,
        1034.905387001345,
        1051.092066001729,
        1041.6916659996787
      ],
      "trimmed_mean_ms": 1033.2571330000064,
      "speedup": 0.7558250601173462,
      "row_count": 0,
      "rows_match": true,
      "status": "pass",
      "error": ""
    },
    {
      "worker_id": 3,
      "times_ms": [],
      "trimmed_mean_ms": 0,
      "speedup": 0,
      "row_count": 0,
      "rows_match": false,
      "status": "error",
      "error": "column wr.wr_returned_date_sk does not exist\nLINE 32:     JOIN filtered_date d ON wr.wr_returned_date_sk = d.d_dat...\n                                     ^\n"
    },
    {
      "worker_id": 4,
      "times_ms": [],
      "trimmed_mean_ms": 0,
      "speedup": 0,
      "row_count": 0,
      "rows_match": false,
      "status": "error",
      "error": "column \"c_current_addr_sk\" does not exist\nLINE 50: JOIN customer_address ca ON ca.ca_address_sk = c_current_add...\n                                                        ^\n"
    }
  ],
  "best_worker_id": 1,
  "best_speedup": 0.8519562819001825,
  "exited": false
}