{
  "query_id": "query030_multi",
  "baseline_times_ms": [
    756.428890999814,
    828.6162490003335,
    871.0948289990483,
    911.4982760002022,
    894.4050450008945
  ],
  "baseline_trimmed_mean_ms": 864.7053743334254,
  "baseline_row_count": 0,
  "workers": [
    {
      "worker_id": 5,
      "times_ms": [
        990.7397710012447,
        971.817136000027,
        880.7062250016315,
        690.7247529998131,
        663.9359729997523
      ],
      "trimmed_mean_ms": 847.7493713338239,
      "speedup": 1.0200011979636427,
      "row_count": 0,
      "rows_match": true,
      "status": "pass",
      "error": ""
    }
  ],
  "best_worker_id": 5,
  "best_speedup": 1.0200011979636427,
  "exited": false
}