{
  "query_id": "query_7",
  "baseline_times_ms": [
    778.878077000627,
    514.1815459992358,
    470.8429719994456,
    506.6422899999452,
    480.52604499935114
  ],
  "baseline_trimmed_mean_ms": 500.44996033284406,
  "baseline_row_count": 100,
  "workers": [
    {
      "worker_id": 5,
      "times_ms": [
        494.1544020002766,
        486.9324629999028,
        487.2314860003826,
        471.30243299943686,
        524.6331430007558
      ],
      "trimmed_mean_ms": 489.43945033352065,
      "speedup": 1.022496163706911,
      "row_count": 100,
      "rows_match": true,
      "status": "pass",
      "error": ""
    }
  ],
  "best_worker_id": 5,
  "best_speedup": 1.022496163706911,
  "exited": false
}