{
  "query_id": "query_7",
  "baseline_times_ms": [
    485.58118199980527,
    474.28142499848036,
    470.72197899979074,
    554.4596339987038,
    468.6925299993163
  ],
  "baseline_trimmed_mean_ms": 476.86152866602544,
  "baseline_row_count": 100,
  "workers": [
    {
      "worker_id": 6,
      "times_ms": [
        1584.0140059990517,
        1395.0601449996611,
        1292.4971710017417,
        1457.1048060006433,
        1268.0947949993424
      ],
      "trimmed_mean_ms": 1381.5540406673488,
      "speedup": 0.34516313848691815,
      "row_count": 100,
      "rows_match": true,
      "status": "pass",
      "error": ""
    }
  ],
  "best_worker_id": 6,
  "best_speedup": 0.34516313848691815,
  "exited": false
}