{
  "query_id": "query_76",
  "baseline_times_ms": [
    469.28740899966215,
    309.297021999555,
    316.3015549998818,
    341.6797179997957,
    363.1450319999203
  ],
  "baseline_trimmed_mean_ms": 340.37543499986594,
  "baseline_row_count": 100,
  "workers": [
    {
      "worker_id": 1,
      "times_ms": [
        326.1057580002671,
        307.86337399968033,
        357.8570059999038,
        312.8984570003013,
        332.8451560000758
      ],
      "trimmed_mean_ms": 323.94979033354804,
      "speedup": 1.0507042917033704,
      "row_count": 100,
      "rows_match": true,
      "status": "pass",
      "error": ""
    },
    {
      "worker_id": 2,
      "times_ms": [
        324.8427389999051,
        299.4059010006822,
        306.5984369995931,
        323.6754449999353,
        321.15955100016436
      ],
      "trimmed_mean_ms": 317.1444776665642,
      "speedup": 1.0732503920743846,
      "row_count": 100,
      "rows_match": true,
      "status": "pass",
      "error": ""
    },
    {
      "worker_id": 3,
      "times_ms": [
        311.72684699959063,
        331.59717400030786,
        302.25681999945664,
        310.2715259992692,
        300.7540609996795
      ],
      "trimmed_mean_ms": 308.08506433277216,
      "speedup": 1.1048099190949936,
      "row_count": 100,
      "rows_match": true,
      "status": "pass",
      "error": ""
    },
    {
      "worker_id": 4,
      "times_ms": [
        301.0006990007241,
        318.102760000329,
        298.5919570000988,
        332.22026100065705,
        301.74844800058054
      ],
      "trimmed_mean_ms": 306.9506356672112,
      "speedup": 1.1088930774161783,
      "row_count": 100,
      "rows_match": true,
      "status": "pass",
      "error": ""
    }
  ],
  "best_worker_id": 4,
  "best_speedup": 1.1088930774161783,
  "exited": false
}