{
  "source": "swarm2_w2",
  "original_path": "/mnt/c/Users/jakc9/Documents/QueryTorque_V8/packages/qt-sql/qt_sql/benchmarks/postgres_dsb/queries/query040_spj_spj.sql",
  "optimized_path": "/mnt/c/Users/jakc9/Documents/QueryTorque_V8/packages/qt-sql/qt_sql/benchmarks/postgres_dsb/swarm_batch_20260208_142643/query040_spj_spj/worker_2_sql.sql",
  "validation": {
    "query_id": "query040_spj_spj",
    "status": "WIN",
    "best_speedup": 4.33,
    "best_worker": 1,
    "best_iteration": 0
  },
  "benchmark_iters": {
    "benchmark_iter0": {
      "query_id": "query040_spj_spj",
      "baseline_times_ms": [
        1422.865759999695,
        911.8982680010959,
        74.24335299947415,
        83.68103599786991,
        88.06253199873026
      ],
      "baseline_trimmed_mean_ms": 361.21394533256534,
      "baseline_row_count": 1,
      "workers": [
        {
          "worker_id": 1,
          "times_ms": [
            90.13085200058413,
            77.46053799928632,
            84.08175200020196,
            88.57331500257715,
            76.10774999920977
          ],
          "trimmed_mean_ms": 83.37186833402181,
          "speedup": 4.332563879765709,
          "row_count": 1,
          "rows_match": true,
          "status": "pass",
          "error": ""
        },
        {
          "worker_id": 2,
          "times_ms": [
            103.05071199763916,
            110.00136100119562,
            86.56399000028614,
            95.20045799945365,
            77.03555799889727
          ],
          "trimmed_mean_ms": 94.93838666579298,
          "speedup": 3.804719650483733,
          "row_count": 1,
          "rows_match": true,
          "status": "pass",
          "error": ""
        },
        {
          "worker_id": 3,
          "times_ms": [
            86.01593499770388,
            87.13151499978267,
            77.27022700055386,
            90.91961499871104,
            85.65737699973397
          ],
          "trimmed_mean_ms": 86.26827566574018,
          "speedup": 4.1871005597949456,
          "row_count": 1,
          "rows_match": true,
          "status": "pass",
          "error": ""
        },
        {
          "worker_id": 4,
          "times_ms": [
            3485.005626000202,
            2215.426254002523,
            2360.585615999298,
            2523.780956998962,
            2482.4725100006617
          ],
          "trimmed_mean_ms": 2455.6130276663075,
          "speedup": 0.14709725891780479,
          "row_count": 1,
          "rows_match": true,
          "status": "pass",
          "error": ""
        }
      ],
      "best_worker_id": 1,
      "best_speedup": 4.332563879765709,
      "exited": true
    }
  }
}