{
  "query_id": "query072_agg",
  "baseline_times_ms": [
    3417.981933002011,
    2834.3826800009992,
    3450.2951210015453,
    3459.2375310021453,
    3033.368841999618
  ],
  "baseline_trimmed_mean_ms": 3300.548632001058,
  "baseline_row_count": 0,
  "workers": [
    {
      "worker_id": 1,
      "times_ms": [
        2995.7081399988965,
        3309.63962199894,
        3329.0155430004233,
        3259.8905689992534,
        2806.8229499986046
      ],
      "trimmed_mean_ms": 3188.41277699903,
      "speedup": 1.0351698048041231,
      "row_count": 0,
      "rows_match": true,
      "status": "pass",
      "error": ""
    },
    {
      "worker_id": 2,
      "times_ms": [
        2799.5570480015886,
        2740.449777000322,
        2805.5234780003957,
        2819.1887739994854,
        2779.6417249992373
      ],
      "trimmed_mean_ms": 2794.9074170004073,
      "speedup": 1.180915193084758,
      "row_count": 0,
      "rows_match": true,
      "status": "pass",
      "error": ""
    },
    {
      "worker_id": 3,
      "times_ms": [
        2796.471179000946,
        2814.6092950009916,
        2568.992253000033,
        2810.5417890001263,
        2799.764163999498
      ],
      "trimmed_mean_ms": 2802.25904400019,
      "speedup": 1.1778171040495835,
      "row_count": 0,
      "rows_match": true,
      "status": "pass",
      "error": ""
    },
    {
      "worker_id": 4,
      "times_ms": [],
      "trimmed_mean_ms": 0,
      "speedup": 0,
      "row_count": 0,
      "rows_match": false,
      "status": "error",
      "error": "column reference \"d_week_seq\" is ambiguous\nLINE 69:     d_week_seq,\n             ^\n"
    }
  ],
  "best_worker_id": 2,
  "best_speedup": 1.180915193084758,
  "exited": false
}