{
  "query_id": "query_47",
  "baseline_times_ms": [
    1308.2908369997313,
    1310.5673609989026,
    1340.8762899998692,
    1191.283760999795,
    1192.092491000949
  ],
  "baseline_trimmed_mean_ms": 1270.3168963331943,
  "baseline_row_count": 100,
  "workers": [
    {
      "worker_id": 6,
      "times_ms": [
        7110.483266000301,
        6855.116384000212,
        6885.2186530002655,
        7211.044895999294,
        7110.631321998881
      ],
      "trimmed_mean_ms": 7035.444413666482,
      "speedup": 0.18055958112121248,
      "row_count": 100,
      "rows_match": true,
      "status": "pass",
      "error": ""
    }
  ],
  "best_worker_id": 6,
  "best_speedup": 0.18055958112121248,
  "exited": false
}