{
  "query_id": "query_25",
  "baseline_times_ms": [
    156.20478900018497,
    89.09588700043969,
    83.50624900049297,
    93.0679989996861,
    86.1354710013984
  ],
  "baseline_trimmed_mean_ms": 89.43311900050806,
  "baseline_row_count": 0,
  "workers": [
    {
      "worker_id": 6,
      "times_ms": [
        1678.817447000256,
        1661.5756009996403,
        1623.0779580000672,
        1571.7000719996577,
        1577.2140730005049
      ],
      "trimmed_mean_ms": 1620.6225440000708,
      "speedup": 0.05518442238855104,
      "row_count": 100,
      "rows_match": false,
      "status": "fail",
      "error": ""
    }
  ],
  "best_worker_id": 0,
  "best_speedup": 0.0,
  "exited": false
}