{
  "query_id": "query_25",
  "baseline_times_ms": [
    229.12654999890947,
    108.61797500001558,
    107.69832200094243,
    85.5899620000855,
    87.37839800051006
  ],
  "baseline_trimmed_mean_ms": 101.23156500048935,
  "baseline_row_count": 0,
  "workers": [
    {
      "worker_id": 5,
      "times_ms": [
        314.9759379994066,
        319.4941909987392,
        298.504979999052,
        316.9483530000434,
        308.54008000096655
      ],
      "trimmed_mean_ms": 313.4881236668055,
      "speedup": 0.3229199365398751,
      "row_count": 0,
      "rows_match": true,
      "status": "pass",
      "error": ""
    }
  ],
  "best_worker_id": 5,
  "best_speedup": 0.3229199365398751,
  "exited": false
}