{
  "query_id": "query018_agg",
  "baseline_times_ms": [
    4783.807312000135,
    2348.553058000107,
    2392.633665000176,
    2344.443803001923,
    2361.120016001223
  ],
  "baseline_trimmed_mean_ms": 2367.4355796671684,
  "baseline_row_count": 1,
  "workers": [
    {
      "worker_id": 5,
      "times_ms": [
        3126.3030340014666,
        3293.687918001524,
        3271.690966001188,
        3459.522000001016,
        2575.421990997711
      ],
      "trimmed_mean_ms": 3230.560639334726,
      "speedup": 0.7328249935449896,
      "row_count": 1,
      "rows_match": true,
      "status": "pass",
      "error": ""
    }
  ],
  "best_worker_id": 5,
  "best_speedup": 0.7328249935449896,
  "exited": false
}