{
  "query_id": "query018_agg",
  "baseline_times_ms": [
    2690.275045999442,
    2652.5262409995776,
    2780.4816140014736,
    2848.152618000313,
    2868.564618001983
  ],
  "baseline_trimmed_mean_ms": 2772.969759333743,
  "baseline_row_count": 1,
  "workers": [
    {
      "worker_id": 6,
      "times_ms": [
        2843.0782670002372,
        2907.096681999974,
        2880.918220998865,
        2848.458069998742,
        3473.786864997237
      ],
      "trimmed_mean_ms": 2878.824324332527,
      "speedup": 0.9632299324053658,
      "row_count": 1,
      "rows_match": true,
      "status": "pass",
      "error": ""
    }
  ],
  "best_worker_id": 6,
  "best_speedup": 0.9632299324053658,
  "exited": false
}