{
  "source": "swarm_w1",
  "original_path": "/mnt/c/Users/jakc9/Documents/QueryTorque_V8/packages/qt-sql/qt_sql/benchmarks/duckdb_tpcds/queries/query_26.sql",
  "optimized_path": "/mnt/c/Users/jakc9/Documents/QueryTorque_V8/packages/qt-sql/qt_sql/benchmarks/duckdb_tpcds/swarm_batch_20260208_102033/query_26/worker_1_sql.sql",
  "benchmark_iters": {
    "benchmark_iter0": {
      "query_id": "query_26",
      "baseline_times_ms": [
        351.4060850002352,
        202.0097300000998,
        201.98491599967383,
        184.82875900008366,
        183.02252600005886
      ],
      "baseline_trimmed_mean_ms": 196.27446833328577,
      "baseline_row_count": 100,
      "workers": [
        {
          "worker_id": 1,
          "times_ms": [
            206.0142909995193,
            193.40464400011115,
            196.48869800039392,
            183.17250200016133,
            184.45558800067374
          ],
          "trimmed_mean_ms": 191.44964333372627,
          "speedup": 1.0252015355868231,
          "row_count": 100,
          "rows_match": true,
          "status": "pass",
          "error": ""
        },
        {
          "worker_id": 2,
          "times_ms": [
            181.34983100026147,
            182.87653699917428,
            191.21051999991323,
            192.17231599941442,
            202.2512449993883
          ],
          "trimmed_mean_ms": 188.75312433283398,
          "speedup": 1.0398475205485298,
          "row_count": 100,
          "rows_match": true,
          "status": "pass",
          "error": ""
        },
        {
          "worker_id": 3,
          "times_ms": [
            227.49933999966743,
            194.47415299964632,
            237.76255899974785,
            194.01918000039586,
            207.66846799961058
          ],
          "trimmed_mean_ms": 209.88065366630812,
          "speedup": 0.935171798375209,
          "row_count": 100,
          "rows_match": true,
          "status": "pass",
          "error": ""
        },
        {
          "worker_id": 4,
          "times_ms": [
            392.4732049999875,
            417.44373199981055,
            358.0779080002685,
            395.5448010001419,
            359.0691990002597
          ],
          "trimmed_mean_ms": 382.36240166679636,
          "speedup": 0.5133205238739086,
          "row_count": 100,
          "rows_match": true,
          "status": "pass",
          "error": ""
        }
      ],
      "best_worker_id": 2,
      "best_speedup": 1.0398475205485298,
      "exited": false
    },
    "benchmark_iter1": {
      "query_id": "query_26",
      "baseline_times_ms": [
        391.7080859991984,
        242.37665900000138,
        207.75219200004358,
        213.55316100016353,
        202.7120359998662
      ],
      "baseline_trimmed_mean_ms": 221.22733733340283,
      "baseline_row_count": 100,
      "workers": [
        {
          "worker_id": 5,
          "times_ms": [
            206.7115149984602,
            228.62458700001298,
            220.44869699857372,
            203.71471100042982,
            183.8647120002861
          ],
          "trimmed_mean_ms": 210.29164099915457,
          "speedup": 1.052002525075603,
          "row_count": 100,
          "rows_match": true,
          "status": "pass",
          "error": ""
        }
      ],
      "best_worker_id": 5,
      "best_speedup": 1.052002525075603,
      "exited": false
    },
    "benchmark_iter2": {
      "query_id": "query_26",
      "baseline_times_ms": [
        309.7876379997615,
        198.08114199986449,
        223.1967909992818,
        194.23820600059116,
        213.77677999953448
      ],
      "baseline_trimmed_mean_ms": 211.68490433289358,
      "baseline_row_count": 100,
      "workers": [
        {
          "worker_id": 6,
          "times_ms": [
            988.4222649998264,
            578.2484339997609,
            487.81173399947875,
            452.9142579995096,
            487.0866540004499
          ],
          "trimmed_mean_ms": 517.7156073332299,
          "speedup": 0.40888260144075916,
          "row_count": 100,
          "rows_match": true,
          "status": "pass",
          "error": ""
        }
      ],
      "best_worker_id": 6,
      "best_speedup": 0.40888260144075916,
      "exited": false
    }
  }
}