{
  "query_id": "query069_multi",
  "baseline_times_ms": [
    2424.0524399974674,
    1802.6029259999632,
    1718.9123989992368,
    2261.0712259993306,
    2183.993136000936
  ],
  "baseline_trimmed_mean_ms": 2082.5557626667432,
  "baseline_row_count": 0,
  "workers": [
    {
      "worker_id": 5,
      "times_ms": [
        1637.044044000504,
        1313.0683080016752,
        1306.8102249999356,
        1326.463421999506,
        1316.7872369995166
      ],
      "trimmed_mean_ms": 1318.7729890002327,
      "speedup": 1.5791616753126991,
      "row_count": 0,
      "rows_match": true,
      "status": "pass",
      "error": ""
    }
  ],
  "best_worker_id": 5,
  "best_speedup": 1.5791616753126991,
  "exited": false
}