{
  "query_id": "query069_multi",
  "baseline_times_ms": [
    1896.168253999349,
    530.6065539989504,
    513.897029999498,
    492.30807999992976,
    519.2841890020645
  ],
  "baseline_trimmed_mean_ms": 521.262591000171,
  "baseline_row_count": 0,
  "workers": [
    {
      "worker_id": 6,
      "times_ms": [
        2803.554472000542,
        2894.490460999805,
        3109.4903029988927,
        3902.2169220006617,
        3384.2207550005696
      ],
      "trimmed_mean_ms": 3129.400506333089,
      "speedup": 0.16656947231435276,
      "row_count": 0,
      "rows_match": true,
      "status": "pass",
      "error": ""
    }
  ],
  "best_worker_id": 6,
  "best_speedup": 0.16656947231435276,
  "exited": false
}