{
  "query_id": "query_81",
  "baseline_times_ms": [
    250.47876799908408,
    256.7472190003173,
    226.34464299881074,
    158.80374500011385,
    161.59506700023485
  ],
  "baseline_trimmed_mean_ms": 212.80615933270988,
  "baseline_row_count": 100,
  "workers": [
    {
      "worker_id": 5,
      "times_ms": [
        176.5658189997339,
        166.10726900034933,
        161.32026500054053,
        177.9928199994174,
        145.552690999466
      ],
      "trimmed_mean_ms": 167.99778433354126,
      "speedup": 1.2667200354869352,
      "row_count": 100,
      "rows_match": true,
      "status": "pass",
      "error": ""
    }
  ],
  "best_worker_id": 5,
  "best_speedup": 1.2667200354869352,
  "exited": false
}