{
  "query_id": "query_81",
  "baseline_times_ms": [
    178.1803800004127,
    133.35790899964195,
    143.62984699982917,
    143.54753699990397,
    137.63707099951716
  ],
  "baseline_trimmed_mean_ms": 141.60481833308344,
  "baseline_row_count": 100,
  "workers": [
    {
      "worker_id": 1,
      "times_ms": [
        155.1275230003739,
        150.08975899945654,
        163.28554499978054,
        138.2688869998674,
        145.5169399996521
      ],
      "trimmed_mean_ms": 150.24474066649418,
      "speedup": 0.9424943442606806,
      "row_count": 100,
      "rows_match": true,
      "status": "pass",
      "error": ""
    },
    {
      "worker_id": 2,
      "times_ms": [
        64.2788359991755,
        59.497105999980704,
        62.780625999948825,
        66.4395269996021,
        57.799324999905366
      ],
      "trimmed_mean_ms": 62.18552266636834,
      "speedup": 2.2771348098625417,
      "row_count": 16,
      "rows_match": false,
      "status": "fail",
      "error": ""
    },
    {
      "worker_id": 3,
      "times_ms": [],
      "trimmed_mean_ms": 0,
      "speedup": 0,
      "row_count": 0,
      "rows_match": false,
      "status": "error",
      "error": "Binder Error: Values list \"ca\" does not have a column named \"ca_street_number\"\n\nLINE 27:     ca.ca_street_number,\n             ^"
    },
    {
      "worker_id": 4,
      "times_ms": [
        147.05772799970873,
        145.70835399990756,
        143.61616800033516,
        133.1999909998558,
        164.18623400022625
      ],
      "trimmed_mean_ms": 145.46074999998382,
      "speedup": 0.9734916005389714,
      "row_count": 100,
      "rows_match": true,
      "status": "pass",
      "error": ""
    }
  ],
  "best_worker_id": 4,
  "best_speedup": 0.9734916005389714,
  "exited": false
}