{
  "query_id": "query038_multi",
  "baseline_times_ms": [
    15454.263840998465,
    10602.887003999058,
    12273.32607900098,
    10556.722700999671,
    10433.20136499824
  ],
  "baseline_trimmed_mean_ms": 11144.311927999903,
  "baseline_row_count": 1,
  "workers": [
    {
      "worker_id": 5,
      "times_ms": [
        16069.895584998449,
        14641.092855999887,
        13821.643382998445,
        14472.791596999741,
        14503.148667998175
      ],
      "trimmed_mean_ms": 14539.011040332602,
      "speedup": 0.766511002507978,
      "row_count": 1,
      "rows_match": true,
      "status": "pass",
      "error": ""
    }
  ],
  "best_worker_id": 5,
  "best_speedup": 0.766511002507978,
  "exited": false
}