{
  "query_id": "query038_multi",
  "baseline_times_ms": [
    8836.704854002164,
    7946.859406998556,
    7926.365313000133,
    7835.374223002873,
    8088.037330999214
  ],
  "baseline_trimmed_mean_ms": 7987.087350332634,
  "baseline_row_count": 1,
  "workers": [
    {
      "worker_id": 6,
      "times_ms": [
        12608.223129998805,
        15262.138916998083,
        13626.474073997088,
        13107.541230998322,
        11884.654888999648
      ],
      "trimmed_mean_ms": 13114.079478331405,
      "speedup": 0.6090467396914759,
      "row_count": 1,
      "rows_match": true,
      "status": "pass",
      "error": ""
    }
  ],
  "best_worker_id": 6,
  "best_speedup": 0.6090467396914759,
  "exited": false
}