{
  "query_id": "query038_multi",
  "baseline_times_ms": [
    19399.918244002038,
    9572.749154998746,
    9727.612522001436,
    9402.647938000882,
    9183.448122999835
  ],
  "baseline_trimmed_mean_ms": 9567.669871667022,
  "baseline_row_count": 1,
  "workers": [
    {
      "worker_id": 1,
      "times_ms": [
        16924.561469000764,
        18795.661707001273,
        14895.89486100158,
        15271.158103001653,
        21270.273825000913
      ],
      "trimmed_mean_ms": 16997.12709300123,
      "speedup": 0.5628992369896807,
      "row_count": 1,
      "rows_match": true,
      "status": "pass",
      "error": ""
    },
    {
      "worker_id": 2,
      "times_ms": [
        17466.851055000006,
        21492.321932000777,
        16971.56137500133,
        14987.289056000009,
        14167.239826001605
      ],
      "trimmed_mean_ms": 16475.233828667115,
      "speedup": 0.5807304449311763,
      "row_count": 1,
      "rows_match": true,
      "status": "pass",
      "error": ""
    },
    {
      "worker_id": 3,
      "times_ms": [
        19931.18882699855,
        15279.628372998559,
        14088.33614499963,
        14821.848792002129,
        20011.700413000653
      ],
      "trimmed_mean_ms": 16677.55533066641,
      "speedup": 0.5736853922513541,
      "row_count": 1,
      "rows_match": true,
      "status": "pass",
      "error": ""
    },
    {
      "worker_id": 4,
      "times_ms": [
        26471.320173001004,
        14725.306820000696,
        14790.313569999853,
        16480.348302000493,
        16338.216314998135
      ],
      "trimmed_mean_ms": 15869.626062332827,
      "speedup": 0.6028919543590417,
      "row_count": 1,
      "rows_match": true,
      "status": "pass",
      "error": ""
    }
  ],
  "best_worker_id": 4,
  "best_speedup": 0.6028919543590417,
  "exited": false
}