{
  "query_id": "query_68",
  "baseline_times_ms": [
    1141.628106999633,
    595.3837059987563,
    551.0977630001435,
    590.4047410003841,
    607.3611639985756
  ],
  "baseline_trimmed_mean_ms": 597.7165369992387,
  "baseline_row_count": 100,
  "workers": [
    {
      "worker_id": 5,
      "times_ms": [
        506.4444910003658,
        513.0555790001381,
        511.0456359998352,
        550.1556760009407,
        495.2630829993723
      ],
      "trimmed_mean_ms": 510.18190200011304,
      "speedup": 1.1715753433352998,
      "row_count": 100,
      "rows_match": true,
      "status": "pass",
      "error": ""
    }
  ],
  "best_worker_id": 5,
  "best_speedup": 1.1715753433352998,
  "exited": false
}