{
  "query_id": "query_47",
  "baseline_times_ms": [
    1456.5527729992027,
    1391.4883739998913,
    1403.4596820001752,
    1309.1305929992814,
    1258.2335749993945
  ],
  "baseline_trimmed_mean_ms": 1368.026216333116,
  "baseline_row_count": 100,
  "workers": [
    {
      "worker_id": 5,
      "times_ms": [
        1254.6903200000088,
        1258.5746840013599,
        1275.9034680002515,
        1397.2552039995207,
        1288.0067120004242
      ],
      "trimmed_mean_ms": 1274.161621334012,
      "speedup": 1.0736677305511921,
      "row_count": 100,
      "rows_match": true,
      "status": "pass",
      "error": ""
    }
  ],
  "best_worker_id": 5,
  "best_speedup": 1.0736677305511921,
  "exited": false
}