{
  "query_id": "query025_agg",
  "baseline_times_ms": [
    4428.372580001451,
    1976.3376650007558,
    1858.0037329993502,
    1908.1512600023416,
    1929.1700269968715
  ],
  "baseline_trimmed_mean_ms": 1937.886317333323,
  "baseline_row_count": 0,
  "workers": [
    {
      "worker_id": 1,
      "times_ms": [
        1945.7932639998035,
        1912.787542998558,
        1937.2600660026364,
        1952.4918309980421,
        4640.623369003151
      ],
      "trimmed_mean_ms": 1945.181720333494,
      "speedup": 0.9962495005356516,
      "row_count": 0,
      "rows_match": true,
      "status": "pass",
      "error": ""
    },
    {
      "worker_id": 2,
      "times_ms": [
        4960.461932998442,
        4744.675849000487,
        1899.6071360015776,
        1788.385369000025,
        1864.6401620026154
      ],
      "trimmed_mean_ms": 2836.3077156682266,
      "speedup": 0.6832426209004484,
      "row_count": 0,
      "rows_match": true,
      "status": "pass",
      "error": ""
    },
    {
      "worker_id": 3,
      "times_ms": [
        4697.085928000888,
        2421.11087900048,
        2350.087840000924,
        2380.1860320018022,
        2376.894770000945
      ],
      "trimmed_mean_ms": 2392.730560334409,
      "speedup": 0.809905782731543,
      "row_count": 0,
      "rows_match": true,
      "status": "pass",
      "error": ""
    },
    {
      "worker_id": 4,
      "times_ms": [
        4054.250272001809,
        4083.0763319972903,
        4153.344391997962,
        4167.042462002428,
        4045.7831579988124
      ],
      "trimmed_mean_ms": 4096.89033199902,
      "speedup": 0.47301395944073477,
      "row_count": 0,
      "rows_match": true,
      "status": "pass",
      "error": ""
    }
  ],
  "best_worker_id": 1,
  "best_speedup": 0.9962495005356516,
  "exited": false
}