{
  "source": "swarm_w3",
  "original_path": "/mnt/c/Users/jakc9/Documents/QueryTorque_V8/packages/qt-sql/qt_sql/benchmarks/duckdb_tpcds/queries/query_51.sql",
  "optimized_path": "/mnt/c/Users/jakc9/Documents/QueryTorque_V8/packages/qt-sql/qt_sql/benchmarks/duckdb_tpcds/swarm_batch_20260208_102033/query_51/worker_3_sql.sql",
  "benchmark_iters": {
    "benchmark_iter0": {
      "query_id": "query_51",
      "baseline_times_ms": [
        5022.955031000492,
        4904.252949999318,
        5133.244629000728,
        6078.739356000369,
        5224.546881000606
      ],
      "baseline_trimmed_mean_ms": 5126.915513667275,
      "baseline_row_count": 100,
      "workers": [
        {
          "worker_id": 1,
          "times_ms": [
            5071.744316999684,
            5206.098219000523,
            5205.918796000333,
            5194.00517700069,
            5075.330147999921
          ],
          "trimmed_mean_ms": 5158.418040333648,
          "speedup": 0.9938929868769738,
          "row_count": 100,
          "rows_match": true,
          "status": "pass",
          "error": ""
        },
        {
          "worker_id": 2,
          "times_ms": [
            4063.6330289999023,
            3889.3733759996394,
            4076.333353999871,
            4297.622441000385,
            4159.970179999618
          ],
          "trimmed_mean_ms": 4099.978854333131,
          "speedup": 1.250473647747917,
          "row_count": 100,
          "rows_match": true,
          "status": "pass",
          "error": ""
        },
        {
          "worker_id": 3,
          "times_ms": [
            5257.007549000264,
            5209.436074000223,
            5088.541745999464,
            5091.867252999691,
            5065.636237000035
          ],
          "trimmed_mean_ms": 5129.94835766646,
          "speedup": 0.9994087963878521,
          "row_count": 100,
          "rows_match": true,
          "status": "pass",
          "error": ""
        },
        {
          "worker_id": 4,
          "times_ms": [
            5351.887615000123,
            5419.014584999786,
            5196.922469999663,
            5105.444050999722,
            5067.882843000007
          ],
          "trimmed_mean_ms": 5218.084711999836,
          "speedup": 0.9825282257064738,
          "row_count": 100,
          "rows_match": true,
          "status": "pass",
          "error": ""
        }
      ],
      "best_worker_id": 2,
      "best_speedup": 1.250473647747917,
      "exited": false
    },
    "benchmark_iter1": {
      "query_id": "query_51",
      "baseline_times_ms": [
        5389.943824999136,
        6408.659400000033,
        5744.834582999829,
        5105.059669000184,
        5489.116052000099
      ],
      "baseline_trimmed_mean_ms": 5541.298153333021,
      "baseline_row_count": 100,
      "workers": [
        {
          "worker_id": 5,
          "times_ms": [
            4438.548437999998,
            4599.581122000018,
            4260.174423001445,
            4280.380534000869,
            4314.611918000082
          ],
          "trimmed_mean_ms": 4344.513630000317,
          "speedup": 1.275470311582983,
          "row_count": 100,
          "rows_match": true,
          "status": "pass",
          "error": ""
        }
      ],
      "best_worker_id": 5,
      "best_speedup": 1.275470311582983,
      "exited": false
    },
    "benchmark_iter2": {
      "query_id": "query_51",
      "baseline_times_ms": [
        5064.465985000425,
        4860.080065000147,
        4888.665254000443,
        4830.771118000484,
        4855.042283999865
      ],
      "baseline_trimmed_mean_ms": 4867.929201000152,
      "baseline_row_count": 100,
      "workers": [
        {
          "worker_id": 6,
          "times_ms": [
            6444.734033999339,
            6394.644349000373,
            6237.374420999913,
            6280.343696998898,
            5939.259952001521
          ],
          "trimmed_mean_ms": 6304.120822333061,
          "speedup": 0.7721820913956727,
          "row_count": 100,
          "rows_match": true,
          "status": "pass",
          "error": ""
        }
      ],
      "best_worker_id": 6,
      "best_speedup": 0.7721820913956727,
      "exited": false
    }
  }
}