{
  "source": "swarm_w2",
  "original_path": "/mnt/c/Users/jakc9/Documents/QueryTorque_V8/packages/qt-sql/qt_sql/benchmarks/duckdb_tpcds/queries/query_43.sql",
  "optimized_path": "/mnt/c/Users/jakc9/Documents/QueryTorque_V8/packages/qt-sql/qt_sql/benchmarks/duckdb_tpcds/swarm_batch_20260208_102033/query_43/worker_2_sql.sql",
  "benchmark_iters": {
    "benchmark_iter0": {
      "query_id": "query_43",
      "baseline_times_ms": [
        408.70713499953126,
        400.4027179998957,
        339.695822000067,
        348.92226600004506,
        333.1663560002198
      ],
      "baseline_trimmed_mean_ms": 363.0069353333359,
      "baseline_row_count": 18,
      "workers": [
        {
          "worker_id": 1,
          "times_ms": [
            357.67821300032665,
            341.3092050004707,
            333.29271500042523,
            355.04338500049926,
            343.3352259999083
          ],
          "trimmed_mean_ms": 346.5626053336261,
          "speedup": 1.047449810644975,
          "row_count": 18,
          "rows_match": true,
          "status": "pass",
          "error": ""
        },
        {
          "worker_id": 2,
          "times_ms": [
            333.89391800028534,
            343.9121460005481,
            359.74299800000153,
            381.25286099966615,
            346.14964299998974
          ],
          "trimmed_mean_ms": 349.9349290001798,
          "speedup": 1.0373555345575387,
          "row_count": 18,
          "rows_match": true,
          "status": "pass",
          "error": ""
        },
        {
          "worker_id": 3,
          "times_ms": [
            385.2447930003109,
            406.5411450001193,
            376.6962899999271,
            343.05156400023407,
            356.57041299964476
          ],
          "trimmed_mean_ms": 372.83716533329425,
          "speedup": 0.9736339857879492,
          "row_count": 18,
          "rows_match": true,
          "status": "pass",
          "error": ""
        },
        {
          "worker_id": 4,
          "times_ms": [
            347.18266499930905,
            369.7436860002199,
            362.9743649999,
            361.2641709996751,
            337.03051599968603
          ],
          "trimmed_mean_ms": 357.1404003329614,
          "speedup": 1.016426410999442,
          "row_count": 18,
          "rows_match": true,
          "status": "pass",
          "error": ""
        }
      ],
      "best_worker_id": 1,
      "best_speedup": 1.047449810644975,
      "exited": false
    },
    "benchmark_iter1": {
      "query_id": "query_43",
      "baseline_times_ms": [
        456.1366590005491,
        368.9457829987077,
        389.20933900044474,
        398.3276010003465,
        380.6066239994834
      ],
      "baseline_trimmed_mean_ms": 389.3811880000915,
      "baseline_row_count": 18,
      "workers": [
        {
          "worker_id": 5,
          "times_ms": [
            395.1758079983847,
            391.8176040006074,
            383.6913420000201,
            359.58226600087073,
            368.5176609997143
          ],
          "trimmed_mean_ms": 381.34220233344723,
          "speedup": 1.0210807658251655,
          "row_count": 18,
          "rows_match": true,
          "status": "pass",
          "error": ""
        }
      ],
      "best_worker_id": 5,
      "best_speedup": 1.0210807658251655,
      "exited": false
    },
    "benchmark_iter2": {
      "query_id": "query_43",
      "baseline_times_ms": [
        362.0235039998079,
        348.2600990009814,
        359.91775700131257,
        330.0584799999342,
        361.1986199994135
      ],
      "baseline_trimmed_mean_ms": 356.4588253339025,
      "baseline_row_count": 18,
      "workers": [
        {
          "worker_id": 6,
          "times_ms": [
            268.24709700122185,
            271.729467998739,
            267.7549469990481,
            257.16295699930924,
            304.5092720003595
          ],
          "trimmed_mean_ms": 269.243837333003,
          "speedup": 1.3239256610840502,
          "row_count": 18,
          "rows_match": true,
          "status": "pass",
          "error": ""
        }
      ],
      "best_worker_id": 6,
      "best_speedup": 1.3239256610840502,
      "exited": false
    }
  }
}