{
  "source": "swarm_snipe",
  "original_path": "/mnt/c/Users/jakc9/Documents/QueryTorque_V8/packages/qt-sql/qt_sql/benchmarks/duckdb_tpcds/queries/query_45.sql",
  "optimized_path": "/mnt/c/Users/jakc9/Documents/QueryTorque_V8/packages/qt-sql/qt_sql/benchmarks/duckdb_tpcds/swarm_batch_20260208_102033/query_45/snipe_worker_sql.sql",
  "benchmark_iters": {
    "benchmark_iter0": {
      "query_id": "query_45",
      "baseline_times_ms": [
        153.8458670002001,
        104.64093999962643,
        92.7583800003049,
        94.37199300009524,
        91.69862199996714
      ],
      "baseline_trimmed_mean_ms": 97.25710433334218,
      "baseline_row_count": 36,
      "workers": [
        {
          "worker_id": 1,
          "times_ms": [
            101.05882799962274,
            122.74550099937187,
            98.92084499915654,
            100.52940500008845,
            90.16582900039793
          ],
          "trimmed_mean_ms": 100.16969266628924,
          "speedup": 0.9709234574308797,
          "row_count": 36,
          "rows_match": true,
          "status": "pass",
          "error": ""
        },
        {
          "worker_id": 2,
          "times_ms": [
            79.99213299990515,
            84.78175700020074,
            78.6533619993861,
            77.0918399994116,
            81.163915999241
          ],
          "trimmed_mean_ms": 79.93647033284408,
          "speedup": 1.2166799951058316,
          "row_count": 36,
          "rows_match": true,
          "status": "pass",
          "error": ""
        },
        {
          "worker_id": 3,
          "times_ms": [
            118.517456000518,
            123.69452899929456,
            120.41169800068019,
            148.38838699961343,
            139.52081000024918
          ],
          "trimmed_mean_ms": 127.87567900007464,
          "speedup": 0.7605598272779096,
          "row_count": 36,
          "rows_match": true,
          "status": "pass",
          "error": ""
        },
        {
          "worker_id": 4,
          "times_ms": [
            122.47083200054476,
            131.5232080005444,
            117.35463900004106,
            109.37501399985194,
            106.85748100058845
          ],
          "trimmed_mean_ms": 116.4001616668126,
          "speedup": 0.8355409729733358,
          "row_count": 36,
          "rows_match": true,
          "status": "pass",
          "error": ""
        }
      ],
      "best_worker_id": 2,
      "best_speedup": 1.2166799951058316,
      "exited": false
    },
    "benchmark_iter1": {
      "query_id": "query_45",
      "baseline_times_ms": [
        165.02325200053747,
        124.05045299965423,
        157.36768599890638,
        98.4444320001785,
        95.10839299946383
      ],
      "baseline_trimmed_mean_ms": 126.6208569995797,
      "baseline_row_count": 36,
      "workers": [
        {
          "worker_id": 5,
          "times_ms": [],
          "trimmed_mean_ms": 0,
          "speedup": 0,
          "row_count": 0,
          "rows_match": false,
          "status": "error",
          "error": "Binder Error: Referenced column \"ca_address_sk\" not found in FROM clause!\nCandidate bindings: \"d_date_sk\", \"ws_sold_date_sk\", \"ws_ship_addr_sk\", \"ws_bill_addr_sk\", \"ws_warehouse_sk\"\n\nLINE 21:         ca_address_sk,\n                 ^"
        }
      ],
      "best_worker_id": 0,
      "best_speedup": 0.0,
      "exited": false
    },
    "benchmark_iter2": {
      "query_id": "query_45",
      "baseline_times_ms": [
        178.23485000008077,
        103.20592499920167,
        105.45447900040017,
        107.21422999995411,
        100.56414000064251
      ],
      "baseline_trimmed_mean_ms": 105.29154466651865,
      "baseline_row_count": 36,
      "workers": [
        {
          "worker_id": 6,
          "times_ms": [
            82.3680150006112,
            75.18293399880349,
            75.71546200051671,
            94.64339300029678,
            77.82681699973182
          ],
          "trimmed_mean_ms": 78.63676466695324,
          "speedup": 1.3389607915897253,
          "row_count": 36,
          "rows_match": true,
          "status": "pass",
          "error": ""
        }
      ],
      "best_worker_id": 6,
      "best_speedup": 1.3389607915897253,
      "exited": false
    }
  }
}