{
  "query_id": "query_84",
  "baseline_times_ms": [
    72.21348999883048,
    46.85986600088654,
    46.6523059985775,
    49.49853600010101,
    58.68937800005369
  ],
  "baseline_trimmed_mean_ms": 51.682593333680416,
  "baseline_row_count": 100,
  "workers": [
    {
      "worker_id": 6,
      "times_ms": [
        206.09562400022696,
        199.90466200033552,
        196.5690140004881,
        195.21095500022057,
        236.6132249990187
      ],
      "trimmed_mean_ms": 200.85643333368353,
      "speedup": 0.2573111175772993,
      "row_count": 68,
      "rows_match": false,
      "status": "fail",
      "error": ""
    }
  ],
  "best_worker_id": 0,
  "best_speedup": 0.0,
  "exited": false
}