{
  "source": "swarm_w2",
  "original_path": "/mnt/c/Users/jakc9/Documents/QueryTorque_V8/packages/qt-sql/qt_sql/benchmarks/duckdb_tpcds/queries/query_47.sql",
  "optimized_path": "/mnt/c/Users/jakc9/Documents/QueryTorque_V8/packages/qt-sql/qt_sql/benchmarks/duckdb_tpcds/swarm_batch_20260208_102033/query_47/worker_2_sql.sql",
  "benchmark_iters": {
    "benchmark_iter0": {
      "query_id": "query_47",
      "baseline_times_ms": [
        1250.186682000276,
        1438.9810319999015,
        1188.8813939995089,
        1298.310899000171,
        1283.0617990002793
      ],
      "baseline_trimmed_mean_ms": 1277.186460000242,
      "baseline_row_count": 100,
      "workers": [
        {
          "worker_id": 1,
          "times_ms": [
            1253.1877380006335,
            1374.3613560000085,
            1295.982691000063,
            1253.6788180004805,
            1295.3644109993547
          ],
          "trimmed_mean_ms": 1281.6753066666327,
          "speedup": 0.9964976725048521,
          "row_count": 100,
          "rows_match": true,
          "status": "pass",
          "error": ""
        },
        {
          "worker_id": 2,
          "times_ms": [
            1230.5787690002035,
            1199.7442570000203,
            1146.6788569996424,
            1237.4283589997503,
            1257.6357349998943
          ],
          "trimmed_mean_ms": 1222.5837949999914,
          "speedup": 1.044661695356637,
          "row_count": 100,
          "rows_match": true,
          "status": "pass",
          "error": ""
        },
        {
          "worker_id": 3,
          "times_ms": [
            1295.4529759999787,
            1396.1328309997043,
            1441.0139150004397,
            1537.7215580001575,
            1473.7686559992653
          ],
          "trimmed_mean_ms": 1436.9718006664698,
          "speedup": 0.8888041222575703,
          "row_count": 100,
          "rows_match": true,
          "status": "pass",
          "error": ""
        },
        {
          "worker_id": 4,
          "times_ms": [
            1741.895533999923,
            1752.8588360000867,
            1649.1576759999589,
            1685.1807419998295,
            1696.6549660000965
          ],
          "trimmed_mean_ms": 1707.9104139999497,
          "speedup": 0.7478064713060996,
          "row_count": 100,
          "rows_match": true,
          "status": "pass",
          "error": ""
        }
      ],
      "best_worker_id": 2,
      "best_speedup": 1.044661695356637,
      "exited": false
    },
    "benchmark_iter1": {
      "query_id": "query_47",
      "baseline_times_ms": [
        1456.5527729992027,
        1391.4883739998913,
        1403.4596820001752,
        1309.1305929992814,
        1258.2335749993945
      ],
      "baseline_trimmed_mean_ms": 1368.026216333116,
      "baseline_row_count": 100,
      "workers": [
        {
          "worker_id": 5,
          "times_ms": [
            1254.6903200000088,
            1258.5746840013599,
            1275.9034680002515,
            1397.2552039995207,
            1288.0067120004242
          ],
          "trimmed_mean_ms": 1274.161621334012,
          "speedup": 1.0736677305511921,
          "row_count": 100,
          "rows_match": true,
          "status": "pass",
          "error": ""
        }
      ],
      "best_worker_id": 5,
      "best_speedup": 1.0736677305511921,
      "exited": false
    },
    "benchmark_iter2": {
      "query_id": "query_47",
      "baseline_times_ms": [
        1308.2908369997313,
        1310.5673609989026,
        1340.8762899998692,
        1191.283760999795,
        1192.092491000949
      ],
      "baseline_trimmed_mean_ms": 1270.3168963331943,
      "baseline_row_count": 100,
      "workers": [
        {
          "worker_id": 6,
          "times_ms": [
            7110.483266000301,
            6855.116384000212,
            6885.2186530002655,
            7211.044895999294,
            7110.631321998881
          ],
          "trimmed_mean_ms": 7035.444413666482,
          "speedup": 0.18055958112121248,
          "row_count": 100,
          "rows_match": true,
          "status": "pass",
          "error": ""
        }
      ],
      "best_worker_id": 6,
      "best_speedup": 0.18055958112121248,
      "exited": false
    }
  }
}