{
  "query_id": "query_3",
  "baseline_times_ms": [
    213.3154650000506,
    237.49383200083685,
    202.13910299935378,
    228.39236199979496,
    196.902334000697
  ],
  "baseline_trimmed_mean_ms": 214.61564333306646,
  "baseline_row_count": 67,
  "workers": [
    {
      "worker_id": 5,
      "times_ms": [
        198.75500700072735,
        206.84429599896248,
        211.5134469986515,
        194.95093599834945,
        211.9935919999989
      ],
      "trimmed_mean_ms": 205.70424999944711,
      "speedup": 1.043321386571465,
      "row_count": 67,
      "rows_match": true,
      "status": "pass",
      "error": ""
    }
  ],
  "best_worker_id": 5,
  "best_speedup": 1.043321386571465,
  "exited": false
}