{
  "source": "swarm2_final",
  "original_path": "/mnt/c/Users/jakc9/Documents/QueryTorque_V8/packages/qt-sql/qt_sql/benchmarks/postgres_dsb/queries/query018_spj_spj.sql",
  "optimized_path": "/mnt/c/Users/jakc9/Documents/QueryTorque_V8/packages/qt-sql/qt_sql/benchmarks/postgres_dsb/swarm_batch_20260208_142643/query018_spj_spj/final_worker_sql.sql",
  "validation": {
    "query_id": "query018_spj_spj",
    "status": "IMPROVED",
    "best_speedup": 1.3,
    "best_worker": 6,
    "best_iteration": 2
  },
  "benchmark_iters": {
    "benchmark_iter0": {
      "query_id": "query018_spj_spj",
      "baseline_times_ms": [
        2464.4508250021318,
        2289.1883259981114,
        2281.167604996881,
        2353.6831630008237,
        2299.735568001779
      ],
      "baseline_trimmed_mean_ms": 2314.2023523335715,
      "baseline_row_count": 1,
      "workers": [
        {
          "worker_id": 1,
          "times_ms": [
            2292.804595999769,
            2401.7287839997152,
            2292.7878419977787,
            2305.2209279994713,
            2344.789624999976
          ],
          "trimmed_mean_ms": 2314.271716333072,
          "speedup": 0.9999700277201631,
          "row_count": 1,
          "rows_match": true,
          "status": "pass",
          "error": ""
        },
        {
          "worker_id": 2,
          "times_ms": [
            2349.391601001116,
            2312.353493998671,
            2450.534712999797,
            2684.9849550017097,
            3412.479598999198
          ],
          "trimmed_mean_ms": 2494.9704230008742,
          "speedup": 0.9275470085734001,
          "row_count": 1,
          "rows_match": true,
          "status": "pass",
          "error": ""
        },
        {
          "worker_id": 3,
          "times_ms": [
            3358.77454599904,
            3311.514746001194,
            3191.6506880006636,
            2325.167537001107,
            2432.2677519994613
          ],
          "trimmed_mean_ms": 2978.4777286671065,
          "speedup": 0.7769748721167025,
          "row_count": 1,
          "rows_match": true,
          "status": "pass",
          "error": ""
        },
        {
          "worker_id": 4,
          "times_ms": [
            2798.981266998453,
            2931.540728000982,
            2825.242333998176,
            2897.3316209994664,
            3323.5654449999856
          ],
          "trimmed_mean_ms": 2884.704894332875,
          "speedup": 0.8022319221906962,
          "row_count": 1,
          "rows_match": true,
          "status": "pass",
          "error": ""
        }
      ],
      "best_worker_id": 1,
      "best_speedup": 0.9999700277201631,
      "exited": false
    },
    "benchmark_iter1": {
      "query_id": "query018_spj_spj",
      "baseline_times_ms": [
        2428.5273540008347,
        2452.7092370008177,
        2513.8084680002066,
        2377.1455489986693,
        2284.921636997751
      ],
      "baseline_trimmed_mean_ms": 2419.4607133334407,
      "baseline_row_count": 1,
      "workers": [
        {
          "worker_id": 5,
          "times_ms": [
            2320.252885998343,
            2326.101900998765,
            2285.749979000684,
            2345.020985998417,
            2364.539569000044
          ],
          "trimmed_mean_ms": 2330.4585909985085,
          "speedup": 1.0381908190425295,
          "row_count": 1,
          "rows_match": true,
          "status": "pass",
          "error": ""
        }
      ],
      "best_worker_id": 5,
      "best_speedup": 1.0381908190425295,
      "exited": false
    },
    "benchmark_iter2": {
      "query_id": "query018_spj_spj",
      "baseline_times_ms": [
        3921.7057440000644,
        3723.5863659989263,
        3648.1744869997783,
        2870.814382997196,
        2419.1617110009247
      ],
      "baseline_trimmed_mean_ms": 3414.191745331967,
      "baseline_row_count": 1,
      "workers": [
        {
          "worker_id": 6,
          "times_ms": [
            2455.2772309980355,
            2414.2247609997867,
            2686.919334999402,
            2786.4447299980384,
            2722.681707000447
          ],
          "trimmed_mean_ms": 2621.626090999295,
          "speedup": 1.3023183424416436,
          "row_count": 1,
          "rows_match": true,
          "status": "pass",
          "error": ""
        }
      ],
      "best_worker_id": 6,
      "best_speedup": 1.3023183424416436,
      "exited": false
    }
  }
}