{
  "query_id": "query_34",
  "baseline_times_ms": [
    356.0107089997473,
    331.6122610003731,
    356.15065900037735,
    359.24231999979384,
    370.2905660002216
  ],
  "baseline_trimmed_mean_ms": 357.1345626666395,
  "baseline_row_count": 4543,
  "workers": [
    {
      "worker_id": 1,
      "times_ms": [
        354.40978899987385,
        408.86602099999436,
        379.6211349999794,
        326.8799810002747,
        328.6253750002288
      ],
      "trimmed_mean_ms": 354.2187663333607,
      "speedup": 1.0082316257928998,
      "row_count": 4543,
      "rows_match": true,
      "status": "pass",
      "error": ""
    },
    {
      "worker_id": 2,
      "times_ms": [
        358.5569340002621,
        330.93884299978527,
        340.9809700006008,
        373.6280319999423,
        340.08473999983835
      ],
      "trimmed_mean_ms": 346.5408813335671,
      "speedup": 1.0305697881655567,
      "row_count": 4543,
      "rows_match": true,
      "status": "pass",
      "error": ""
    },
    {
      "worker_id": 3,
      "times_ms": [
        355.92369500045606,
        343.4508899999855,
        336.04862799984403,
        356.6283549998843,
        358.18447100064077
      ],
      "trimmed_mean_ms": 352.00098000010865,
      "speedup": 1.0145840010630915,
      "row_count": 4543,
      "rows_match": true,
      "status": "pass",
      "error": ""
    },
    {
      "worker_id": 4,
      "times_ms": [
        370.5409169997438,
        340.84403500037297,
        352.02292800022406,
        351.17816799993307,
        393.26198299932
      ],
      "trimmed_mean_ms": 357.9140043333003,
      "speedup": 0.9978222655240533,
      "row_count": 4543,
      "rows_match": true,
      "status": "pass",
      "error": ""
    }
  ],
  "best_worker_id": 2,
  "best_speedup": 1.0305697881655567,
  "exited": false
}