{
  "query_id": "query_12",
  "baseline_times_ms": [
    331.4077790000738,
    65.21860799875867,
    59.950132001176826,
    56.97825700008252,
    65.47197500003676
  ],
  "baseline_trimmed_mean_ms": 63.54690499999075,
  "baseline_row_count": 100,
  "workers": [
    {
      "worker_id": 6,
      "times_ms": [
        110.7115539998631,
        109.89392599913117,
        122.23198799983948,
        110.97168600099394,
        126.64521400074591
      ],
      "trimmed_mean_ms": 114.6384093335655,
      "speedup": 0.5543247273702756,
      "row_count": 100,
      "rows_match": true,
      "status": "pass",
      "error": ""
    }
  ],
  "best_worker_id": 6,
  "best_speedup": 0.5543247273702756,
  "exited": false
}