{
  "query_id": "query_23b",
  "baseline_times_ms": [
    7954.9856319990795,
    7316.669932000877,
    7312.285100000736,
    7211.442027000885,
    7365.173635000247
  ],
  "baseline_trimmed_mean_ms": 7331.376222333954,
  "baseline_row_count": 5,
  "workers": [
    {
      "worker_id": 5,
      "times_ms": [
        6322.776128999976,
        6164.826621999964,
        6049.394191999454,
        6225.628827000037,
        6781.122181999308
      ],
      "trimmed_mean_ms": 6237.743859333325,
      "speedup": 1.1753249873132035,
      "row_count": 5,
      "rows_match": true,
      "status": "pass",
      "error": ""
    }
  ],
  "best_worker_id": 5,
  "best_speedup": 1.1753249873132035,
  "exited": false
}