{
  "query_id": "query_23b",
  "baseline_times_ms": [
    6968.406861000403,
    6673.567961000117,
    6719.816435999746,
    6645.816909000132,
    6614.7529489999215
  ],
  "baseline_trimmed_mean_ms": 6679.733768666665,
  "baseline_row_count": 5,
  "workers": [
    {
      "worker_id": 1,
      "times_ms": [
        7111.279966000438,
        7059.605991999888,
        6712.307607999719,
        7064.476207999178,
        7172.342246999506
      ],
      "trimmed_mean_ms": 7078.454055333168,
      "speedup": 0.9436712757404857,
      "row_count": 5,
      "rows_match": true,
      "status": "pass",
      "error": ""
    },
    {
      "worker_id": 2,
      "times_ms": [],
      "trimmed_mean_ms": 0,
      "speedup": 0,
      "row_count": 0,
      "rows_match": false,
      "status": "error",
      "error": "Binder Error: Referenced column \"d_date\" not found in FROM clause!\nCandidate bindings: \"d_date_sk\", \"ss_sold_date_sk\", \"i_category\", \"i_category_id\", \"i_item_sk\"\n\nLINE 17:     d_date\n             ^"
    },
    {
      "worker_id": 3,
      "times_ms": [
        7123.782428000595,
        6866.781047000586,
        7284.597899000801,
        8163.352507000127,
        7983.806313000059
      ],
      "trimmed_mean_ms": 7464.062213333818,
      "speedup": 0.8949193586213647,
      "row_count": 5,
      "rows_match": true,
      "status": "pass",
      "error": ""
    },
    {
      "worker_id": 4,
      "times_ms": [],
      "trimmed_mean_ms": 0,
      "speedup": 0,
      "row_count": 0,
      "rows_match": false,
      "status": "error",
      "error": "Binder Error: Ambiguous reference to column name \"c_customer_sk\" (use: \"customer.c_customer_sk\" or \"best_customers_set.c_customer_sk\")"
    }
  ],
  "best_worker_id": 1,
  "best_speedup": 0.9436712757404857,
  "exited": false
}