{
  "query_id": "query019_spj_spj",
  "baseline_times_ms": [
    78.73304000167991,
    74.47499800036894,
    88.0955209977401,
    82.92838000124902,
    84.2628220016195
  ],
  "baseline_trimmed_mean_ms": 81.97474733484948,
  "baseline_row_count": 1,
  "workers": [
    {
      "worker_id": 1,
      "times_ms": [
        86.12296899809735,
        95.69465499953367,
        82.96841800256516,
        80.69860599789536,
        82.75517500078422
      ],
      "trimmed_mean_ms": 83.94885400048224,
      "speedup": 0.9764844119775427,
      "row_count": 1,
      "rows_match": true,
      "status": "pass",
      "error": ""
    },
    {
      "worker_id": 2,
      "times_ms": [
        99.92432400031248,
        82.72701899841195,
        92.98089599906234,
        84.43949299908127,
        86.88596299907658
      ],
      "trimmed_mean_ms": 88.10211733240673,
      "speedup": 0.9304515012455505,
      "row_count": 1,
      "rows_match": true,
      "status": "pass",
      "error": ""
    },
    {
      "worker_id": 3,
      "times_ms": [
        91.37939100037329,
        82.24902899746667,
        79.8247819984681,
        86.93301999664982,
        81.05673599857255
      ],
      "trimmed_mean_ms": 83.41292833089635,
      "speedup": 0.9827582962878171,
      "row_count": 1,
      "rows_match": true,
      "status": "pass",
      "error": ""
    },
    {
      "worker_id": 4,
      "times_ms": [
        1295.561422000901,
        687.6552690009703,
        582.5887789978879,
        894.6260869997786,
        1128.253658000176
      ],
      "trimmed_mean_ms": 903.5116713336416,
      "speedup": 0.0907290408477507,
      "row_count": 1,
      "rows_match": true,
      "status": "pass",
      "error": ""
    }
  ],
  "best_worker_id": 3,
  "best_speedup": 0.9827582962878171,
  "exited": false
}