{
  "source": "swarm_snipe",
  "original_path": "/mnt/c/Users/jakc9/Documents/QueryTorque_V8/packages/qt-sql/qt_sql/benchmarks/duckdb_tpcds/queries/query_39.sql",
  "optimized_path": "/mnt/c/Users/jakc9/Documents/QueryTorque_V8/packages/qt-sql/qt_sql/benchmarks/duckdb_tpcds/swarm_batch_20260208_102033/query_39/snipe_worker_sql.sql",
  "benchmark_iters": {
    "benchmark_iter0": {
      "query_id": "query_39",
      "baseline_times_ms": [
        3383.0825800005186,
        3033.7444090000645,
        3008.8945189991136,
        3093.0119140002716,
        2992.402902000322
      ],
      "baseline_trimmed_mean_ms": 3045.21694733315,
      "baseline_row_count": 52,
      "workers": [
        {
          "worker_id": 1,
          "times_ms": [
            295.3119149997292,
            268.4672440000213,
            279.78811800039693,
            263.2936730005895,
            278.3965539993005
          ],
          "trimmed_mean_ms": 275.5506386665729,
          "speedup": 11.05138773065223,
          "row_count": 1663,
          "rows_match": false,
          "status": "fail",
          "error": ""
        },
        {
          "worker_id": 2,
          "times_ms": [
            372.004466999897,
            319.3690149992108,
            336.68130099977134,
            360.5372640004134,
            350.1019659997837
          ],
          "trimmed_mean_ms": 349.1068436666562,
          "speedup": 8.7228795498517,
          "row_count": 1663,
          "rows_match": false,
          "status": "fail",
          "error": ""
        },
        {
          "worker_id": 3,
          "times_ms": [
            348.52657900046324,
            349.961384999915,
            327.93210799991357,
            341.0862909995558,
            351.14228899965383
          ],
          "trimmed_mean_ms": 346.5247516666447,
          "speedup": 8.787877150728429,
          "row_count": 1663,
          "rows_match": false,
          "status": "fail",
          "error": ""
        },
        {
          "worker_id": 4,
          "times_ms": [
            234.2724130003262,
            239.15573399972345,
            240.64005099990027,
            232.93884899976547,
            237.2536829998353
          ],
          "trimmed_mean_ms": 236.89394333329497,
          "speedup": 12.854769119397536,
          "row_count": 1663,
          "rows_match": false,
          "status": "fail",
          "error": ""
        }
      ],
      "best_worker_id": 0,
      "best_speedup": 0.0,
      "exited": false
    },
    "benchmark_iter1": {
      "query_id": "query_39",
      "baseline_times_ms": [
        3624.7273859989946,
        3327.0834399991145,
        3186.75882000025,
        3234.1426009988936,
        3079.2122650000238
      ],
      "baseline_trimmed_mean_ms": 3249.3282869994196,
      "baseline_row_count": 52,
      "workers": [
        {
          "worker_id": 5,
          "times_ms": [
            270.75434399921505,
            254.5473480004148,
            251.74245000016526,
            253.26757000038924,
            274.8062860009668
          ],
          "trimmed_mean_ms": 259.5230873333397,
          "speedup": 12.52038236901012,
          "row_count": 1663,
          "rows_match": false,
          "status": "fail",
          "error": ""
        }
      ],
      "best_worker_id": 0,
      "best_speedup": 0.0,
      "exited": false
    },
    "benchmark_iter2": {
      "query_id": "query_39",
      "baseline_times_ms": [
        3818.2123029982904,
        3159.2579100015428,
        3238.8367610001296,
        3207.700341999953,
        3104.618737999772
      ],
      "baseline_trimmed_mean_ms": 3201.931671000542,
      "baseline_row_count": 52,
      "workers": [
        {
          "worker_id": 6,
          "times_ms": [],
          "trimmed_mean_ms": 0,
          "speedup": 0,
          "row_count": 0,
          "rows_match": false,
          "status": "error",
          "error": "Binder Error: Referenced table \"d\" not found!\nCandidate tables: \"i\"\n\nLINE 23: ...  GROUP BY w.w_warehouse_sk, w.w_warehouse_name, i.i_item_sk, d.d_moy\n                                                                          ^"
        }
      ],
      "best_worker_id": 0,
      "best_speedup": 0.0,
      "exited": false
    }
  }
}