{
  "query_id": "query_60",
  "baseline_times_ms": [
    294.83264299960865,
    294.4575060000716,
    289.87090999999054,
    294.1770289999113,
    310.85910000001604
  ],
  "baseline_trimmed_mean_ms": 294.4890593331972,
  "baseline_row_count": 100,
  "workers": [
    {
      "worker_id": 1,
      "times_ms": [
        288.46340400014014,
        289.6217460001935,
        287.8833129998384,
        278.11331399971095,
        333.653924999453
      ],
      "trimmed_mean_ms": 288.6561543333907,
      "speedup": 1.0202071042388712,
      "row_count": 100,
      "rows_match": true,
      "status": "pass",
      "error": ""
    },
    {
      "worker_id": 2,
      "times_ms": [
        312.92352699983894,
        303.5926909997215,
        298.60853599984694,
        294.29791099937574,
        276.4051260000997
      ],
      "trimmed_mean_ms": 298.83304599964805,
      "speedup": 0.9854634996878626,
      "row_count": 100,
      "rows_match": true,
      "status": "pass",
      "error": ""
    },
    {
      "worker_id": 3,
      "times_ms": [
        324.94713999949454,
        270.33219799977815,
        294.32361500039406,
        304.6488270001646,
        281.50263899988204
      ],
      "trimmed_mean_ms": 293.49169366681355,
      "speedup": 1.0033982756170126,
      "row_count": 100,
      "rows_match": true,
      "status": "pass",
      "error": ""
    },
    {
      "worker_id": 4,
      "times_ms": [
        265.36496300013823,
        273.53691600001184,
        277.52382299968303,
        265.99806800004444,
        248.41999799991754
      ],
      "trimmed_mean_ms": 268.2999823333982,
      "speedup": 1.0976111767583183,
      "row_count": 100,
      "rows_match": true,
      "status": "pass",
      "error": ""
    }
  ],
  "best_worker_id": 4,
  "best_speedup": 1.0976111767583183,
  "exited": false
}