{
  "source": "swarm_w4",
  "original_path": "/mnt/c/Users/jakc9/Documents/QueryTorque_V8/packages/qt-sql/qt_sql/benchmarks/duckdb_tpcds/queries/query_61.sql",
  "optimized_path": "/mnt/c/Users/jakc9/Documents/QueryTorque_V8/packages/qt-sql/qt_sql/benchmarks/duckdb_tpcds/swarm_batch_20260208_102033/query_61/worker_4_sql.sql",
  "benchmark_iters": {
    "benchmark_iter0": {
      "query_id": "query_61",
      "baseline_times_ms": [
        17.24580900008732,
        10.483121999641298,
        10.108987999956298,
        11.584957000195573,
        9.854007000285492
      ],
      "baseline_trimmed_mean_ms": 10.725688999931057,
      "baseline_row_count": 1,
      "workers": [
        {
          "worker_id": 1,
          "times_ms": [
            22.519313000884722,
            19.753662999391963,
            19.479569000395713,
            18.5685119995469,
            20.509398999820405
          ],
          "trimmed_mean_ms": 19.914210333202693,
          "speedup": 0.5385947431743382,
          "row_count": 1,
          "rows_match": true,
          "status": "pass",
          "error": ""
        },
        {
          "worker_id": 2,
          "times_ms": [
            523.6284089996843,
            524.6864920000007,
            576.3200259998484,
            564.0462660003323,
            582.4167459995806
          ],
          "trimmed_mean_ms": 555.0175946667272,
          "speedup": 0.01932495312400238,
          "row_count": 1,
          "rows_match": true,
          "status": "pass",
          "error": ""
        },
        {
          "worker_id": 3,
          "times_ms": [
            9.304052000516094,
            10.880393999286753,
            7.214835000013409,
            7.021598999926937,
            7.508972000323411
          ],
          "trimmed_mean_ms": 8.009286333617638,
          "speedup": 1.3391566430721515,
          "row_count": 1,
          "rows_match": true,
          "status": "pass",
          "error": ""
        },
        {
          "worker_id": 4,
          "times_ms": [
            22.76946899928589,
            19.675047999953676,
            18.391930999314354,
            16.598954999608395,
            16.322344999935012
          ],
          "trimmed_mean_ms": 18.221977999625476,
          "speedup": 0.588612773001455,
          "row_count": 1,
          "rows_match": true,
          "status": "pass",
          "error": ""
        }
      ],
      "best_worker_id": 3,
      "best_speedup": 1.3391566430721515,
      "exited": false
    },
    "benchmark_iter1": {
      "query_id": "query_61",
      "baseline_times_ms": [
        14.400209000086761,
        10.56806099950336,
        11.470436000308837,
        10.937422999631963,
        13.294280999616603
      ],
      "baseline_trimmed_mean_ms": 11.9007133331858,
      "baseline_row_count": 1,
      "workers": [
        {
          "worker_id": 5,
          "times_ms": [],
          "trimmed_mean_ms": 0,
          "speedup": 0,
          "row_count": 0,
          "rows_match": false,
          "status": "error",
          "error": "Binder Error: Referenced column \"c_customer_sk\" not found in FROM clause!\nCandidate bindings: \"s_store_sk\", \"ss_customer_sk\", \"ss_cdemo_sk\", \"ss_store_sk\", \"ss_item_sk\"\n\nLINE 36:     JOIN filtered_addresses fa ON ss.ss_customer_sk = c_customer_sk\n                                                               ^"
        }
      ],
      "best_worker_id": 0,
      "best_speedup": 0.0,
      "exited": false
    },
    "benchmark_iter2": {
      "query_id": "query_61",
      "baseline_times_ms": [
        12.465305999285192,
        10.451866999574122,
        9.774422000191407,
        11.045941000702442,
        10.831874998984858
      ],
      "baseline_trimmed_mean_ms": 10.776560999753807,
      "baseline_row_count": 1,
      "workers": [
        {
          "worker_id": 6,
          "times_ms": [
            9.705598000437021,
            10.822281999935512,
            12.747680999382283,
            12.157458000729093,
            11.265975001151673
          ],
          "trimmed_mean_ms": 11.41523833393876,
          "speedup": 0.9440504599640206,
          "row_count": 1,
          "rows_match": true,
          "status": "pass",
          "error": ""
        }
      ],
      "best_worker_id": 6,
      "best_speedup": 0.9440504599640206,
      "exited": false
    }
  }
}