{
  "source": "swarm_w2",
  "original_path": "/mnt/c/Users/jakc9/Documents/QueryTorque_V8/packages/qt-sql/qt_sql/benchmarks/duckdb_tpcds/queries/query_49.sql",
  "optimized_path": "/mnt/c/Users/jakc9/Documents/QueryTorque_V8/packages/qt-sql/qt_sql/benchmarks/duckdb_tpcds/swarm_batch_20260208_102033/query_49/worker_2_sql.sql",
  "benchmark_iters": {
    "benchmark_iter0": {
      "query_id": "query_49",
      "baseline_times_ms": [
        831.2720769999942,
        333.70755100077076,
        375.85008699988975,
        393.34194000002753,
        384.4484030005333
      ],
      "baseline_trimmed_mean_ms": 384.5468100001502,
      "baseline_row_count": 41,
      "workers": [
        {
          "worker_id": 1,
          "times_ms": [
            375.7755820006423,
            359.27382099998795,
            323.82176900046034,
            359.8298019996946,
            342.3745340005553
          ],
          "trimmed_mean_ms": 353.82605233341263,
          "speedup": 1.0868244649147236,
          "row_count": 41,
          "rows_match": true,
          "status": "pass",
          "error": ""
        },
        {
          "worker_id": 2,
          "times_ms": [
            335.24594099981186,
            328.31756599989603,
            373.1771980001213,
            333.46289499968407,
            345.0251289996231
          ],
          "trimmed_mean_ms": 337.911321666373,
          "speedup": 1.1380110263953256,
          "row_count": 41,
          "rows_match": true,
          "status": "pass",
          "error": ""
        },
        {
          "worker_id": 3,
          "times_ms": [
            414.46901400013303,
            400.54192600018723,
            422.15373999988515,
            461.77424899997277,
            522.9050409998308
          ],
          "trimmed_mean_ms": 432.79900099999696,
          "speedup": 0.8885113161343754,
          "row_count": 100,
          "rows_match": false,
          "status": "fail",
          "error": ""
        },
        {
          "worker_id": 4,
          "times_ms": [
            479.0252650000184,
            369.9801210004807,
            373.87432099967555,
            395.89296000031027,
            360.429010000189
          ],
          "trimmed_mean_ms": 379.9158006668222,
          "speedup": 1.0121895675968193,
          "row_count": 41,
          "rows_match": true,
          "status": "pass",
          "error": ""
        }
      ],
      "best_worker_id": 2,
      "best_speedup": 1.1380110263953256,
      "exited": false
    },
    "benchmark_iter1": {
      "query_id": "query_49",
      "baseline_times_ms": [
        1002.3640380004508,
        330.7446809994872,
        308.70724499982316,
        326.3472279995767,
        339.6131549998245
      ],
      "baseline_trimmed_mean_ms": 332.2350213329628,
      "baseline_row_count": 41,
      "workers": [
        {
          "worker_id": 5,
          "times_ms": [
            329.2864409995673,
            323.05814400024246,
            327.5484530004178,
            335.2911990004941,
            334.69687000069825
          ],
          "trimmed_mean_ms": 330.51058800022776,
          "speedup": 1.0052174828745088,
          "row_count": 41,
          "rows_match": true,
          "status": "pass",
          "error": ""
        }
      ],
      "best_worker_id": 5,
      "best_speedup": 1.0052174828745088,
      "exited": false
    },
    "benchmark_iter2": {
      "query_id": "query_49",
      "baseline_times_ms": [
        795.0018419996923,
        299.7707869999431,
        326.42025199857017,
        331.4401360003103,
        301.84678600016923
      ],
      "baseline_trimmed_mean_ms": 319.90239133301657,
      "baseline_row_count": 41,
      "workers": [
        {
          "worker_id": 6,
          "times_ms": [
            324.0245289998711,
            350.9842200001003,
            308.42214099902776,
            330.58251299917174,
            341.4188090009702
          ],
          "trimmed_mean_ms": 332.00861700000434,
          "speedup": 0.9635364112643269,
          "row_count": 31,
          "rows_match": false,
          "status": "fail",
          "error": ""
        }
      ],
      "best_worker_id": 0,
      "best_speedup": 0.0,
      "exited": false
    }
  }
}