{
  "source": "swarm2_w2",
  "original_path": "/mnt/c/Users/jakc9/Documents/QueryTorque_V8/packages/qt-sql/qt_sql/benchmarks/postgres_dsb/queries/query013_spj_spj.sql",
  "optimized_path": "/mnt/c/Users/jakc9/Documents/QueryTorque_V8/packages/qt-sql/qt_sql/benchmarks/postgres_dsb/swarm_batch_20260208_142643/query013_spj_spj/worker_2_sql.sql",
  "validation": {
    "query_id": "query013_spj_spj",
    "status": "NEUTRAL",
    "best_speedup": 1.06,
    "best_worker": 3,
    "best_iteration": 0
  },
  "benchmark_iters": {
    "benchmark_iter0": {
      "query_id": "query013_spj_spj",
      "baseline_times_ms": [
        2977.366138002253,
        3237.075936001929,
        3003.4891390023404,
        3166.597253999498,
        3424.027595003281
      ],
      "baseline_trimmed_mean_ms": 3135.720776334589,
      "baseline_row_count": 1,
      "workers": [
        {
          "worker_id": 1,
          "times_ms": [
            3465.5032560003747,
            3349.6293790012714,
            4292.0619180004,
            4296.273405998363,
            3699.845348000963
          ],
          "trimmed_mean_ms": 3819.136840667246,
          "speedup": 0.8210548370366179,
          "row_count": 1,
          "rows_match": true,
          "status": "pass",
          "error": ""
        },
        {
          "worker_id": 2,
          "times_ms": [
            2902.607595002337,
            3027.6464669987035,
            2991.5735510003287,
            3241.813132997777,
            2901.05912099898
          ],
          "trimmed_mean_ms": 2973.942537667123,
          "speedup": 1.0543985758360925,
          "row_count": 1,
          "rows_match": true,
          "status": "pass",
          "error": ""
        },
        {
          "worker_id": 3,
          "times_ms": [
            2919.1512769975816,
            3004.2760060023284,
            2946.77318200047,
            2955.6441780005116,
            3098.8216630030365
          ],
          "trimmed_mean_ms": 2968.89778866777,
          "speedup": 1.0561902091421198,
          "row_count": 1,
          "rows_match": true,
          "status": "pass",
          "error": ""
        },
        {
          "worker_id": 4,
          "times_ms": [
            16110.57314399659,
            15940.430807000666,
            15563.218983999832,
            15818.511113000568,
            15527.766046001489
          ],
          "trimmed_mean_ms": 15774.053634667021,
          "speedup": 0.19878978789847268,
          "row_count": 1,
          "rows_match": true,
          "status": "pass",
          "error": ""
        }
      ],
      "best_worker_id": 3,
      "best_speedup": 1.0561902091421198,
      "exited": false
    },
    "benchmark_iter1": {
      "query_id": "query013_spj_spj",
      "baseline_times_ms": [
        3236.400185000093,
        2834.6863879996818,
        2742.0817259990145,
        2674.617732001934,
        2699.1925399997854
      ],
      "baseline_trimmed_mean_ms": 2758.653551332827,
      "baseline_row_count": 1,
      "workers": [
        {
          "worker_id": 5,
          "times_ms": [
            2741.9044359994587,
            2725.21346099893,
            2865.432527996745,
            2733.9936169992143,
            2742.3483849997865
          ],
          "trimmed_mean_ms": 2739.41547933282,
          "speedup": 1.0070226923024808,
          "row_count": 1,
          "rows_match": true,
          "status": "pass",
          "error": ""
        }
      ],
      "best_worker_id": 5,
      "best_speedup": 1.0070226923024808,
      "exited": false
    },
    "benchmark_iter2": {
      "query_id": "query013_spj_spj",
      "baseline_times_ms": [
        3580.764910002472,
        2881.7114919984306,
        2806.5442179977254,
        2757.46631599759,
        2826.5313459996833
      ],
      "baseline_trimmed_mean_ms": 2838.262351998613,
      "baseline_row_count": 1,
      "workers": [
        {
          "worker_id": 6,
          "times_ms": [],
          "trimmed_mean_ms": 0,
          "speedup": 0,
          "row_count": 0,
          "rows_match": false,
          "status": "error",
          "error": "column fdemo.cd_marital_status does not exist\nLINE 44: ... (ss.ss_sales_price BETWEEN 100.00 AND 150.00 AND fdemo.cd_m...\n                                                              ^\n"
        }
      ],
      "best_worker_id": 0,
      "best_speedup": 0.0,
      "exited": false
    }
  }
}