{
  "query_id": "query_99",
  "baseline_times_ms": [
    439.87710699911986,
    328.2609549987683,
    311.63901800027816,
    296.6372989994852,
    301.76685200058273
  ],
  "baseline_trimmed_mean_ms": 313.8889416665431,
  "baseline_row_count": 100,
  "workers": [
    {
      "worker_id": 6,
      "times_ms": [
        137.91288400170743,
        143.10646199919574,
        133.53347399970517,
        132.29955099996005,
        131.5923540005315
      ],
      "trimmed_mean_ms": 134.5819696671242,
      "speedup": 2.332325366042106,
      "row_count": 100,
      "rows_match": true,
      "status": "pass",
      "error": ""
    }
  ],
  "best_worker_id": 6,
  "best_speedup": 2.332325366042106,
  "exited": true
}