{
  "query_id": "query_79",
  "baseline_times_ms": [
    596.1097300005349,
    591.3685220002662,
    559.0280070009612,
    580.9294680002495,
    625.380169998607
  ],
  "baseline_trimmed_mean_ms": 589.4692400003502,
  "baseline_row_count": 100,
  "workers": [
    {
      "worker_id": 6,
      "times_ms": [
        517.5097890005418,
        485.38299199935864,
        481.21218499909446,
        497.7241779997712,
        546.2886780005647
      ],
      "trimmed_mean_ms": 500.20565299989056,
      "speedup": 1.1784537748926223,
      "row_count": 100,
      "rows_match": true,
      "status": "pass",
      "error": ""
    }
  ],
  "best_worker_id": 6,
  "best_speedup": 1.1784537748926223,
  "exited": false
}