{
  "source": "swarm_snipe",
  "original_path": "/mnt/c/Users/jakc9/Documents/QueryTorque_V8/packages/qt-sql/qt_sql/benchmarks/duckdb_tpcds/queries/query_80.sql",
  "optimized_path": "/mnt/c/Users/jakc9/Documents/QueryTorque_V8/packages/qt-sql/qt_sql/benchmarks/duckdb_tpcds/swarm_batch_20260208_102033/query_80/snipe_worker_sql.sql",
  "benchmark_iters": {
    "benchmark_iter0": {
      "query_id": "query_80",
      "baseline_times_ms": [
        866.0200899994379,
        825.4279089996999,
        776.8887679994805,
        786.6142940001737,
        701.974417999736
      ],
      "baseline_trimmed_mean_ms": 796.3103236664514,
      "baseline_row_count": 100,
      "workers": [
        {
          "worker_id": 1,
          "times_ms": [
            778.1155950005996,
            725.0370100000509,
            771.490090000043,
            734.6938390001014,
            678.8175459996637
          ],
          "trimmed_mean_ms": 743.7403130000652,
          "speedup": 1.0706832878996861,
          "row_count": 100,
          "rows_match": true,
          "status": "pass",
          "error": ""
        },
        {
          "worker_id": 2,
          "times_ms": [
            431.75285899997107,
            415.20509499969194,
            404.46248700027354,
            429.6698969992576,
            400.62958499947854
          ],
          "trimmed_mean_ms": 416.44582633307436,
          "speedup": 1.9121582527989138,
          "row_count": 100,
          "rows_match": true,
          "status": "pass",
          "error": ""
        },
        {
          "worker_id": 3,
          "times_ms": [
            429.34329500076274,
            426.4087359997575,
            425.1825790006478,
            436.1233870004071,
            432.0555849999437
          ],
          "trimmed_mean_ms": 429.26920533348795,
          "speedup": 1.855037150982724,
          "row_count": 100,
          "rows_match": true,
          "status": "pass",
          "error": ""
        },
        {
          "worker_id": 4,
          "times_ms": [
            413.44321699943976,
            443.3499719998508,
            473.412690999794,
            444.85785300003045,
            425.5838560002303
          ],
          "trimmed_mean_ms": 437.9305603333705,
          "speedup": 1.8183483771040496,
          "row_count": 100,
          "rows_match": true,
          "status": "pass",
          "error": ""
        }
      ],
      "best_worker_id": 2,
      "best_speedup": 1.9121582527989138,
      "exited": false
    },
    "benchmark_iter1": {
      "query_id": "query_80",
      "baseline_times_ms": [
        1182.4489819991868,
        816.926274999787,
        817.1327019990713,
        798.4167390004586,
        756.4586019998387
      ],
      "baseline_trimmed_mean_ms": 810.825238666439,
      "baseline_row_count": 100,
      "workers": [
        {
          "worker_id": 5,
          "times_ms": [
            803.5382269990805,
            810.5789249984809,
            877.9226879996713,
            788.6670530006086,
            798.5427180010447
          ],
          "trimmed_mean_ms": 804.219956666202,
          "speedup": 1.0082132779042419,
          "row_count": 100,
          "rows_match": true,
          "status": "pass",
          "error": ""
        }
      ],
      "best_worker_id": 5,
      "best_speedup": 1.0082132779042419,
      "exited": false
    },
    "benchmark_iter2": {
      "query_id": "query_80",
      "baseline_times_ms": [
        739.2057929992006,
        673.7565769999492,
        708.0682340001658,
        661.2483909993898,
        669.4723769996926
      ],
      "baseline_trimmed_mean_ms": 683.7657293332692,
      "baseline_row_count": 100,
      "workers": [
        {
          "worker_id": 6,
          "times_ms": [
            479.91827499936335,
            477.49824399943464,
            465.82645700073044,
            547.5766470008239,
            529.8045460003777
          ],
          "trimmed_mean_ms": 495.74035499972524,
          "speedup": 1.3792819616907084,
          "row_count": 100,
          "rows_match": true,
          "status": "pass",
          "error": ""
        }
      ],
      "best_worker_id": 6,
      "best_speedup": 1.3792819616907084,
      "exited": false
    }
  }
}