{
  "source": "swarm_w2",
  "original_path": "/mnt/c/Users/jakc9/Documents/QueryTorque_V8/packages/qt-sql/qt_sql/benchmarks/duckdb_tpcds/queries/query_10.sql",
  "optimized_path": "/mnt/c/Users/jakc9/Documents/QueryTorque_V8/packages/qt-sql/qt_sql/benchmarks/duckdb_tpcds/swarm_batch_20260208_102033/query_10/worker_2_sql.sql",
  "benchmark_iters": {
    "benchmark_iter0": {
      "query_id": "query_10",
      "baseline_times_ms": [
        836.1508190000677,
        207.31359399997018,
        217.58275799948024,
        226.98302299977513,
        233.42848399988725
      ],
      "baseline_trimmed_mean_ms": 225.99808833304755,
      "baseline_row_count": 75,
      "workers": [
        {
          "worker_id": 1,
          "times_ms": [
            226.62534499977482,
            247.78183899979922,
            203.76349900016066,
            194.228550999469,
            209.89061600084824
          ],
          "trimmed_mean_ms": 213.4264866669279,
          "speedup": 1.0589036621576347,
          "row_count": 75,
          "rows_match": true,
          "status": "pass",
          "error": ""
        },
        {
          "worker_id": 2,
          "times_ms": [
            203.70304099924397,
            203.4157990001404,
            193.53750600021158,
            204.11516000058327,
            209.94211499964877
          ],
          "trimmed_mean_ms": 203.7446666666559,
          "speedup": 1.1092221064259817,
          "row_count": 75,
          "rows_match": true,
          "status": "pass",
          "error": ""
        },
        {
          "worker_id": 3,
          "times_ms": [],
          "trimmed_mean_ms": 0,
          "speedup": 0,
          "row_count": 0,
          "rows_match": false,
          "status": "error",
          "error": "Binder Error: Table \"cd\" does not have a column named \"cd_employed_count\"\n\nCandidate bindings: : \"cd_dep_count\"\n\nLINE 83:     cd.cd_employed_count,\n             ^"
        },
        {
          "worker_id": 4,
          "times_ms": [
            212.8508960004183,
            208.36615900043398,
            230.7050290000916,
            211.37374600039038,
            202.52310499927262
          ],
          "trimmed_mean_ms": 210.86360033374754,
          "speedup": 1.0717738290314007,
          "row_count": 75,
          "rows_match": true,
          "status": "pass",
          "error": ""
        }
      ],
      "best_worker_id": 2,
      "best_speedup": 1.1092221064259817,
      "exited": false
    },
    "benchmark_iter1": {
      "query_id": "query_10",
      "baseline_times_ms": [
        854.9169629995959,
        203.0472180003926,
        209.3691290001516,
        193.7703630001124,
        204.52319899959548
      ],
      "baseline_trimmed_mean_ms": 205.64651533337988,
      "baseline_row_count": 75,
      "workers": [
        {
          "worker_id": 5,
          "times_ms": [
            202.55018599982577,
            210.1786169996558,
            207.44848899994395,
            225.86350700021285,
            219.93229599956976
          ],
          "trimmed_mean_ms": 212.51980066638984,
          "speedup": 0.9676581414463138,
          "row_count": 75,
          "rows_match": true,
          "status": "pass",
          "error": ""
        }
      ],
      "best_worker_id": 5,
      "best_speedup": 0.9676581414463138,
      "exited": false
    },
    "benchmark_iter2": {
      "query_id": "query_10",
      "baseline_times_ms": [
        888.8129380011378,
        228.7625749995641,
        224.21302700058732,
        209.0050839997275,
        203.30494300105784
      ],
      "baseline_trimmed_mean_ms": 220.6602286666263,
      "baseline_row_count": 75,
      "workers": [
        {
          "worker_id": 6,
          "times_ms": [
            268.4690360001696,
            233.20225499992375,
            255.35054200008744,
            244.4590569994034,
            257.2511790003773
          ],
          "trimmed_mean_ms": 252.35359266662272,
          "speedup": 0.8744089051196285,
          "row_count": 75,
          "rows_match": true,
          "status": "pass",
          "error": ""
        }
      ],
      "best_worker_id": 6,
      "best_speedup": 0.8744089051196285,
      "exited": false
    }
  }
}