{
  "query_id": "query_79",
  "baseline_times_ms": [
    827.447406999454,
    632.704007999564,
    610.045278999678,
    635.7107570001972,
    611.564025000007
  ],
  "baseline_trimmed_mean_ms": 626.6595966665894,
  "baseline_row_count": 100,
  "workers": [
    {
      "worker_id": 1,
      "times_ms": [
        567.5307280007473,
        603.3714850000251,
        553.4204860005048,
        556.2109269994835,
        560.9979370001383
      ],
      "trimmed_mean_ms": 561.579864000123,
      "speedup": 1.1158868699509712,
      "row_count": 100,
      "rows_match": true,
      "status": "pass",
      "error": ""
    },
    {
      "worker_id": 2,
      "times_ms": [
        584.7468830006619,
        535.2502910000112,
        574.4979370001602,
        556.3217469998563,
        570.1072889996794
      ],
      "trimmed_mean_ms": 566.9756576665653,
      "speedup": 1.1052671983232194,
      "row_count": 100,
      "rows_match": true,
      "status": "pass",
      "error": ""
    },
    {
      "worker_id": 3,
      "times_ms": [
        547.622740999941,
        552.7976200000921,
        582.571812000424,
        581.675092000296,
        602.3510819995863
      ],
      "trimmed_mean_ms": 572.3481746669373,
      "speedup": 1.0948922778189294,
      "row_count": 100,
      "rows_match": true,
      "status": "pass",
      "error": ""
    },
    {
      "worker_id": 4,
      "times_ms": [
        558.8464740003474,
        598.5720170001514,
        546.9969879995915,
        554.3830979995619,
        541.519430000335
      ],
      "trimmed_mean_ms": 553.4088533331669,
      "speedup": 1.1323627963163856,
      "row_count": 100,
      "rows_match": true,
      "status": "pass",
      "error": ""
    }
  ],
  "best_worker_id": 4,
  "best_speedup": 1.1323627963163856,
  "exited": false
}