{
  "query_id": "query_96",
  "baseline_times_ms": [
    181.07891799991194,
    189.2143049999504,
    173.30892600057268,
    174.8729959999764,
    164.77803599991603
  ],
  "baseline_trimmed_mean_ms": 176.42028000015367,
  "baseline_row_count": 1,
  "workers": [
    {
      "worker_id": 1,
      "times_ms": [
        173.97880200041982,
        184.28639600006136,
        182.63489699984348,
        178.2699710001907,
        185.83254399982252
      ],
      "trimmed_mean_ms": 181.73042133336517,
      "speedup": 0.9707801187371342,
      "row_count": 1,
      "rows_match": true,
      "status": "pass",
      "error": ""
    },
    {
      "worker_id": 2,
      "times_ms": [
        201.04389999960404,
        194.35426900054154,
        172.77928200019232,
        200.2543800008425,
        184.3645369999649
      ],
      "trimmed_mean_ms": 192.99106200044966,
      "speedup": 0.9141370495165347,
      "row_count": 1,
      "rows_match": true,
      "status": "pass",
      "error": ""
    },
    {
      "worker_id": 3,
      "times_ms": [
        176.1407899994083,
        172.2886749994359,
        205.51214599981904,
        221.56998900027247,
        176.98828599986882
      ],
      "trimmed_mean_ms": 186.2137406663654,
      "speedup": 0.9474074220776305,
      "row_count": 1,
      "rows_match": true,
      "status": "pass",
      "error": ""
    },
    {
      "worker_id": 4,
      "times_ms": [
        171.7016689999582,
        164.67224699954386,
        173.52645000028133,
        184.3740029999026,
        181.86487500042858
      ],
      "trimmed_mean_ms": 175.69766466688938,
      "speedup": 1.0041128340244836,
      "row_count": 1,
      "rows_match": true,
      "status": "pass",
      "error": ""
    }
  ],
  "best_worker_id": 4,
  "best_speedup": 1.0041128340244836,
  "exited": false
}