{
  "query_id": "query_74",
  "baseline_times_ms": [
    2644.7956140000315,
    2449.586422999346,
    2316.890259000502,
    2369.9363969990372,
    2522.419971001
  ],
  "baseline_trimmed_mean_ms": 2447.314263666461,
  "baseline_row_count": 100,
  "workers": [
    {
      "worker_id": 5,
      "times_ms": [
        2011.0926880006446,
        1972.5815340007102,
        2049.586893999731,
        1911.7395049997867,
        1995.0686869997298
      ],
      "trimmed_mean_ms": 1992.9143030003615,
      "speedup": 1.2280077773449636,
      "row_count": 100,
      "rows_match": true,
      "status": "pass",
      "error": ""
    }
  ],
  "best_worker_id": 5,
  "best_speedup": 1.2280077773449636,
  "exited": false
}