{
  "query_id": "query_66",
  "baseline_times_ms": [
    376.0804450002979,
    203.04668500011758,
    203.32283700008702,
    203.89095500013354,
    250.27121400034957
  ],
  "baseline_trimmed_mean_ms": 219.1616686668567,
  "baseline_row_count": 10,
  "workers": [
    {
      "worker_id": 1,
      "times_ms": [
        226.49270100009744,
        228.03713199937192,
        213.2388540003376,
        218.60522800034232,
        229.82591099935235
      ],
      "trimmed_mean_ms": 224.37835366660389,
      "speedup": 0.9767504979223688,
      "row_count": 10,
      "rows_match": true,
      "status": "pass",
      "error": ""
    },
    {
      "worker_id": 2,
      "times_ms": [
        290.5236659998991,
        262.6926650000314,
        218.64981900034763,
        187.1142729996791,
        203.30680799997936
      ],
      "trimmed_mean_ms": 228.21643066678612,
      "speedup": 0.9603237945073724,
      "row_count": 10,
      "rows_match": true,
      "status": "pass",
      "error": ""
    },
    {
      "worker_id": 3,
      "times_ms": [
        207.30027799982054,
        214.40710799925,
        198.02344300023833,
        203.34156699937012,
        210.95090100061498
      ],
      "trimmed_mean_ms": 207.1975819999352,
      "speedup": 1.0577424048651554,
      "row_count": 10,
      "rows_match": true,
      "status": "pass",
      "error": ""
    },
    {
      "worker_id": 4,
      "times_ms": [
        225.74088700002903,
        215.4100980005751,
        204.5220390000395,
        188.78782900083024,
        219.13681299974996
      ],
      "trimmed_mean_ms": 213.02298333345485,
      "speedup": 1.0288170094951337,
      "row_count": 10,
      "rows_match": true,
      "status": "pass",
      "error": ""
    }
  ],
  "best_worker_id": 3,
  "best_speedup": 1.0577424048651554,
  "exited": false
}