{
  "query_id": "query_38",
  "baseline_times_ms": [
    1040.5192409998563,
    909.0238810003939,
    869.7409530004734,
    914.6735630001785,
    901.8504089999624
  ],
  "baseline_trimmed_mean_ms": 908.5159510001782,
  "baseline_row_count": 1,
  "workers": [
    {
      "worker_id": 1,
      "times_ms": [
        926.9581700000344,
        888.872882999749,
        862.4610329998177,
        895.6580869999016,
        883.985493000182
      ],
      "trimmed_mean_ms": 889.5054876666109,
      "speedup": 1.0213719460949438,
      "row_count": 1,
      "rows_match": true,
      "status": "pass",
      "error": ""
    },
    {
      "worker_id": 2,
      "times_ms": [
        876.1385830002837,
        956.300322000061,
        855.1184580001063,
        864.2438139995647,
        867.8357740000138
      ],
      "trimmed_mean_ms": 869.4060569999541,
      "speedup": 1.0449846118339456,
      "row_count": 1,
      "rows_match": true,
      "status": "pass",
      "error": ""
    },
    {
      "worker_id": 3,
      "times_ms": [
        878.4525080000094,
        957.3240589998022,
        1000.4426719997355,
        896.8482410000433,
        931.8116120002742
      ],
      "trimmed_mean_ms": 928.6613040000399,
      "speedup": 0.9783071040937216,
      "row_count": 1,
      "rows_match": true,
      "status": "pass",
      "error": ""
    },
    {
      "worker_id": 4,
      "times_ms": [
        980.6814049998138,
        968.3756100002938,
        1038.565861999814,
        1033.9450290002787,
        980.2978699999585
      ],
      "trimmed_mean_ms": 998.3081013333504,
      "speedup": 0.9100556729798698,
      "row_count": 1,
      "rows_match": true,
      "status": "pass",
      "error": ""
    }
  ],
  "best_worker_id": 2,
  "best_speedup": 1.0449846118339456,
  "exited": false
}