{
  "query_id": "query_38",
  "baseline_times_ms": [
    1048.970001998896,
    912.5477620000311,
    938.8999120001245,
    954.9933529997361,
    956.9364399994811
  ],
  "baseline_trimmed_mean_ms": 950.2765683331139,
  "baseline_row_count": 1,
  "workers": [
    {
      "worker_id": 5,
      "times_ms": [
        1019.2264119996253,
        862.4060069996631,
        1009.9954359993717,
        949.2039130000194,
        976.84930899959
      ],
      "trimmed_mean_ms": 978.6828859996604,
      "speedup": 0.9709749520780357,
      "row_count": 1,
      "rows_match": true,
      "status": "pass",
      "error": ""
    }
  ],
  "best_worker_id": 5,
  "best_speedup": 0.9709749520780357,
  "exited": false
}