{
  "query_id": "query_79",
  "baseline_times_ms": [
    787.4201030008408,
    601.3028189991019,
    637.2092509991489,
    667.0114349999494,
    576.8351389997406
  ],
  "baseline_trimmed_mean_ms": 635.1745016660667,
  "baseline_row_count": 100,
  "workers": [
    {
      "worker_id": 5,
      "times_ms": [
        604.3273859995679,
        575.4436990009708,
        603.9912370015372,
        598.3611310002743,
        577.3811349990865
      ],
      "trimmed_mean_ms": 593.2445010002994,
      "speedup": 1.0706791223434302,
      "row_count": 100,
      "rows_match": true,
      "status": "pass",
      "error": ""
    }
  ],
  "best_worker_id": 5,
  "best_speedup": 1.0706791223434302,
  "exited": false
}