{
  "source": "swarm_w1",
  "original_path": "/mnt/c/Users/jakc9/Documents/QueryTorque_V8/packages/qt-sql/qt_sql/benchmarks/duckdb_tpcds/queries/query_59.sql",
  "optimized_path": "/mnt/c/Users/jakc9/Documents/QueryTorque_V8/packages/qt-sql/qt_sql/benchmarks/duckdb_tpcds/swarm_batch_20260208_102033/query_59/worker_1_sql.sql",
  "benchmark_iters": {
    "benchmark_iter0": {
      "query_id": "query_59",
      "baseline_times_ms": [
        1603.009192999707,
        1822.3586550002437,
        1924.1700200000196,
        1821.4712250000957,
        1738.3463149999443
      ],
      "baseline_trimmed_mean_ms": 1794.0587316667613,
      "baseline_row_count": 100,
      "workers": [
        {
          "worker_id": 1,
          "times_ms": [
            1511.9147039995369,
            1669.9291499999163,
            1630.1417380000203,
            1560.2787240004545,
            1680.1792030000797
          ],
          "trimmed_mean_ms": 1620.1165373334636,
          "speedup": 1.1073640014931196,
          "row_count": 100,
          "rows_match": true,
          "status": "pass",
          "error": ""
        },
        {
          "worker_id": 2,
          "times_ms": [
            1611.2111120000918,
            1462.7295039999808,
            1585.3478240005643,
            1514.864882999973,
            1514.3262310002683
          ],
          "trimmed_mean_ms": 1538.1796460002686,
          "speedup": 1.1663518863559634,
          "row_count": 100,
          "rows_match": true,
          "status": "pass",
          "error": ""
        },
        {
          "worker_id": 3,
          "times_ms": [
            826.3682010001503,
            799.4627690004563,
            803.7829360000615,
            776.9862920004016,
            811.6487939996659
          ],
          "trimmed_mean_ms": 804.9648330000613,
          "speedup": 2.2287417513388745,
          "row_count": 100,
          "rows_match": true,
          "status": "pass",
          "error": ""
        },
        {
          "worker_id": 4,
          "times_ms": [
            1437.2416670003076,
            1512.521638999715,
            1484.688310999445,
            1565.14154100023,
            1503.8313250006468
          ],
          "trimmed_mean_ms": 1500.3470916666022,
          "speedup": 1.195762461654057,
          "row_count": 100,
          "rows_match": true,
          "status": "pass",
          "error": ""
        }
      ],
      "best_worker_id": 3,
      "best_speedup": 2.2287417513388745,
      "exited": true
    }
  }
}