{
  "query_id": "query_43",
  "baseline_times_ms": [
    362.0235039998079,
    348.2600990009814,
    359.91775700131257,
    330.0584799999342,
    361.1986199994135
  ],
  "baseline_trimmed_mean_ms": 356.4588253339025,
  "baseline_row_count": 18,
  "workers": [
    {
      "worker_id": 6,
      "times_ms": [
        268.24709700122185,
        271.729467998739,
        267.7549469990481,
        257.16295699930924,
        304.5092720003595
      ],
      "trimmed_mean_ms": 269.243837333003,
      "speedup": 1.3239256610840502,
      "row_count": 18,
      "rows_match": true,
      "status": "pass",
      "error": ""
    }
  ],
  "best_worker_id": 6,
  "best_speedup": 1.3239256610840502,
  "exited": false
}