{
  "source": "swarm_w3",
  "original_path": "/mnt/c/Users/jakc9/Documents/QueryTorque_V8/packages/qt-sql/qt_sql/benchmarks/duckdb_tpcds/queries/query_16.sql",
  "optimized_path": "/mnt/c/Users/jakc9/Documents/QueryTorque_V8/packages/qt-sql/qt_sql/benchmarks/duckdb_tpcds/swarm_batch_20260208_102033/query_16/worker_3_sql.sql",
  "benchmark_iters": {
    "benchmark_iter0": {
      "query_id": "query_16",
      "baseline_times_ms": [
        92.26391999982297,
        23.163062000094214,
        19.86331800071639,
        26.38170499994885,
        20.023762000164425
      ],
      "baseline_trimmed_mean_ms": 23.18950966673583,
      "baseline_row_count": 1,
      "workers": [
        {
          "worker_id": 1,
          "times_ms": [],
          "trimmed_mean_ms": 0,
          "speedup": 0,
          "row_count": 0,
          "rows_match": false,
          "status": "error",
          "error": "Catalog Error: Table with name filtered_call_enter does not exist!\nDid you mean \"call_center\"?\n\nLINE 29: JOIN filtered_call_enter ON cs1.cs_call_center_sk = filtered_cal...\n              ^"
        },
        {
          "worker_id": 2,
          "times_ms": [
            20.83851100087486,
            29.276084000230185,
            22.490040999400662,
            21.6031390000353,
            19.78689900079189
          ],
          "trimmed_mean_ms": 21.643897000103607,
          "speedup": 1.0714110156144627,
          "row_count": 1,
          "rows_match": true,
          "status": "pass",
          "error": ""
        },
        {
          "worker_id": 3,
          "times_ms": [
            20.84115700017719,
            24.359767000532884,
            21.164957999644685,
            22.007129000485293,
            20.099741999729304
          ],
          "trimmed_mean_ms": 21.33774800010239,
          "speedup": 1.086783369389523,
          "row_count": 1,
          "rows_match": true,
          "status": "pass",
          "error": ""
        },
        {
          "worker_id": 4,
          "times_ms": [
            1620.6845169999724,
            1268.641593999746,
            1229.1978930006735,
            1273.013359000288,
            1258.7216430001718
          ],
          "trimmed_mean_ms": 1266.7921986667352,
          "speedup": 0.018305693460334036,
          "row_count": 1,
          "rows_match": true,
          "status": "pass",
          "error": ""
        }
      ],
      "best_worker_id": 3,
      "best_speedup": 1.086783369389523,
      "exited": false
    },
    "benchmark_iter1": {
      "query_id": "query_16",
      "baseline_times_ms": [
        73.82871600020735,
        20.619796000573842,
        20.10051400066004,
        26.779335999890463,
        26.09303099961835
      ],
      "baseline_trimmed_mean_ms": 24.49738766669422,
      "baseline_row_count": 1,
      "workers": [
        {
          "worker_id": 5,
          "times_ms": [
            19.968732000052114,
            23.536212999715644,
            19.084865999502654,
            19.615558000623423,
            18.352234000303724
          ],
          "trimmed_mean_ms": 19.55638533339273,
          "speedup": 1.2526541714671922,
          "row_count": 1,
          "rows_match": true,
          "status": "pass",
          "error": ""
        }
      ],
      "best_worker_id": 5,
      "best_speedup": 1.2526541714671922,
      "exited": false
    },
    "benchmark_iter2": {
      "query_id": "query_16",
      "baseline_times_ms": [
        86.51536499928625,
        20.026247000714648,
        20.242378999682842,
        28.25391700025648,
        26.7985239988775
      ],
      "baseline_trimmed_mean_ms": 25.09827333293894,
      "baseline_row_count": 1,
      "workers": [
        {
          "worker_id": 6,
          "times_ms": [
            54.489865999130416,
            52.10753199935425,
            47.75099700054852,
            48.27932199987117,
            55.03723599940713
          ],
          "trimmed_mean_ms": 51.62557333278528,
          "speedup": 0.48615970172674206,
          "row_count": 1,
          "rows_match": true,
          "status": "pass",
          "error": ""
        }
      ],
      "best_worker_id": 6,
      "best_speedup": 0.48615970172674206,
      "exited": false
    }
  }
}