{
  "source": "swarm2_w1",
  "original_path": "/mnt/c/Users/jakc9/Documents/QueryTorque_V8/packages/qt-sql/qt_sql/benchmarks/postgres_dsb/queries/query013_agg.sql",
  "optimized_path": "/mnt/c/Users/jakc9/Documents/QueryTorque_V8/packages/qt-sql/qt_sql/benchmarks/postgres_dsb/swarm_batch_20260208_142643/query013_agg/worker_1_sql.sql",
  "validation": {
    "query_id": "query013_agg",
    "status": "WIN",
    "best_speedup": 53.11,
    "best_worker": 4,
    "best_iteration": 0
  },
  "benchmark_iters": {
    "benchmark_iter0": {
      "query_id": "query013_agg",
      "baseline_times_ms": [
        7214.519180000934,
        2696.4820709981723,
        2737.73193499801,
        2741.779078001855,
        2787.613518998114
      ],
      "baseline_trimmed_mean_ms": 2755.7081773326595,
      "baseline_row_count": 1,
      "workers": [
        {
          "worker_id": 1,
          "times_ms": [
            2784.743607000564,
            2820.7565199991222,
            2788.841969002533,
            2757.800261999364,
            2907.9616839990194
          ],
          "trimmed_mean_ms": 2798.11403200074,
          "speedup": 0.9848448439973839,
          "row_count": 1,
          "rows_match": true,
          "status": "pass",
          "error": ""
        },
        {
          "worker_id": 2,
          "times_ms": [
            3816.0603379983513,
            4446.365987998433,
            3469.548985998699,
            2806.0113620013,
            2814.6386849984992
          ],
          "trimmed_mean_ms": 3366.74933633185,
          "speedup": 0.8185070826612433,
          "row_count": 1,
          "rows_match": true,
          "status": "pass",
          "error": ""
        },
        {
          "worker_id": 3,
          "times_ms": [
            2855.0051399979566,
            3146.8380890000844,
            3398.009283999272,
            3219.459146999725,
            3079.2602940018696
          ],
          "trimmed_mean_ms": 3148.5191766672265,
          "speedup": 0.8752394451824919,
          "row_count": 1,
          "rows_match": true,
          "status": "pass",
          "error": ""
        },
        {
          "worker_id": 4,
          "times_ms": [
            752.3606380018464,
            48.3727459977672,
            48.49166700296337,
            55.60820800019428,
            51.56530299791484
          ],
          "trimmed_mean_ms": 51.88839266702416,
          "speedup": 53.10837425657921,
          "row_count": 1,
          "rows_match": true,
          "status": "pass",
          "error": ""
        }
      ],
      "best_worker_id": 4,
      "best_speedup": 53.10837425657921,
      "exited": true
    }
  }
}