{
  "query_id": "query_68",
  "baseline_times_ms": [
    803.2006749999709,
    563.7856840003224,
    624.0444569993997,
    582.02200300002,
    596.0020789998453
  ],
  "baseline_trimmed_mean_ms": 600.689512999755,
  "baseline_row_count": 100,
  "workers": [
    {
      "worker_id": 1,
      "times_ms": [
        543.0682920004983,
        550.1727439996102,
        541.4099180006815,
        558.1683099999282,
        539.6833919994606
      ],
      "trimmed_mean_ms": 544.8836513335967,
      "speedup": 1.1024179410220403,
      "row_count": 100,
      "rows_match": true,
      "status": "pass",
      "error": ""
    },
    {
      "worker_id": 2,
      "times_ms": [
        516.7320509999627,
        546.1405100004413,
        528.2331340004021,
        557.035851999899,
        554.2500430001382
      ],
      "trimmed_mean_ms": 542.8745623336605,
      "speedup": 1.1064978075553307,
      "row_count": 100,
      "rows_match": true,
      "status": "pass",
      "error": ""
    },
    {
      "worker_id": 3,
      "times_ms": [
        567.0415959993989,
        542.7465380007561,
        575.9665830000813,
        487.8238430001147,
        534.1994159998649
      ],
      "trimmed_mean_ms": 547.9958500000066,
      "speedup": 1.0961570475392246,
      "row_count": 100,
      "rows_match": true,
      "status": "pass",
      "error": ""
    },
    {
      "worker_id": 4,
      "times_ms": [
        856.0177050003404,
        858.3575900001961,
        885.6907119998141,
        937.008287000026,
        929.2624730005627
      ],
      "trimmed_mean_ms": 891.1035916668576,
      "speedup": 0.6740961641464521,
      "row_count": 100,
      "rows_match": true,
      "status": "pass",
      "error": ""
    }
  ],
  "best_worker_id": 2,
  "best_speedup": 1.1064978075553307,
  "exited": false
}