{
  "query_id": "query072_agg",
  "baseline_times_ms": [
    2368.8060370004678,
    2316.0274359979667,
    2214.279889998579,
    2229.192458999023,
    2118.7898659991333
  ],
  "baseline_trimmed_mean_ms": 2253.166594998523,
  "baseline_row_count": 0,
  "workers": [
    {
      "worker_id": 6,
      "times_ms": [
        2213.2017520016234,
        2263.1252009996388,
        2234.566178998648,
        2220.6646960003127,
        2237.169238997012
      ],
      "trimmed_mean_ms": 2230.8000379986574,
      "speedup": 1.0100262491567518,
      "row_count": 0,
      "rows_match": true,
      "status": "pass",
      "error": ""
    }
  ],
  "best_worker_id": 6,
  "best_speedup": 1.0100262491567518,
  "exited": false
}