{
  "query_id": "query072_agg",
  "baseline_times_ms": [
    2436.0867830000643,
    2457.9497240010824,
    2453.369596001721,
    3027.010416997655,
    3053.242924001097
  ],
  "baseline_trimmed_mean_ms": 2646.109912333486,
  "baseline_row_count": 0,
  "workers": [
    {
      "worker_id": 5,
      "times_ms": [
        3039.710057000775,
        2986.532401002478,
        2964.628226000059,
        2952.4245520005934,
        2553.6080390011193
      ],
      "trimmed_mean_ms": 2967.8617263343767,
      "speedup": 0.891588003866242,
      "row_count": 0,
      "rows_match": true,
      "status": "pass",
      "error": ""
    }
  ],
  "best_worker_id": 5,
  "best_speedup": 0.891588003866242,
  "exited": false
}