{
  "source": "swarm_w1",
  "original_path": "/mnt/c/Users/jakc9/Documents/QueryTorque_V8/packages/qt-sql/qt_sql/benchmarks/duckdb_tpcds/queries/query_86.sql",
  "optimized_path": "/mnt/c/Users/jakc9/Documents/QueryTorque_V8/packages/qt-sql/qt_sql/benchmarks/duckdb_tpcds/swarm_batch_20260208_102033/query_86/worker_1_sql.sql",
  "benchmark_iters": {
    "benchmark_iter0": {
      "query_id": "query_86",
      "baseline_times_ms": [
        140.60326700018777,
        143.9969419998306,
        124.95144900003652,
        142.5085399996533,
        151.03894599997147
      ],
      "baseline_trimmed_mean_ms": 142.36958299989055,
      "baseline_row_count": 100,
      "workers": [
        {
          "worker_id": 1,
          "times_ms": [
            147.6735930000359,
            144.08362899939675,
            131.14994500028843,
            139.89748600033636,
            143.4360019993619
          ],
          "trimmed_mean_ms": 142.47237233303167,
          "speedup": 0.9992785314692392,
          "row_count": 100,
          "rows_match": true,
          "status": "pass",
          "error": ""
        },
        {
          "worker_id": 2,
          "times_ms": [
            141.4615200001208,
            126.75563199991302,
            141.64577999963512,
            203.03063900064444,
            164.97728600006667
          ],
          "trimmed_mean_ms": 149.36152866660754,
          "speedup": 0.9531877737919794,
          "row_count": 100,
          "rows_match": true,
          "status": "pass",
          "error": ""
        },
        {
          "worker_id": 3,
          "times_ms": [
            134.40580800033786,
            138.81526600016514,
            124.87737199990079,
            130.5930159996933,
            131.32204100020317
          ],
          "trimmed_mean_ms": 132.1069550000781,
          "speedup": 1.0776842369866626,
          "row_count": 100,
          "rows_match": true,
          "status": "pass",
          "error": ""
        },
        {
          "worker_id": 4,
          "times_ms": [
            139.78260600015346,
            141.7438749995199,
            157.9198239996913,
            118.57866900027147,
            132.22072899952764
          ],
          "trimmed_mean_ms": 137.91573666640033,
          "speedup": 1.032293967614903,
          "row_count": 100,
          "rows_match": true,
          "status": "pass",
          "error": ""
        }
      ],
      "best_worker_id": 3,
      "best_speedup": 1.0776842369866626,
      "exited": false
    },
    "benchmark_iter1": {
      "query_id": "query_86",
      "baseline_times_ms": [
        305.5067639998015,
        350.1421629989636,
        216.0399280001002,
        172.97902400059684,
        201.0595749998174
      ],
      "baseline_trimmed_mean_ms": 240.86875566657304,
      "baseline_row_count": 100,
      "workers": [
        {
          "worker_id": 5,
          "times_ms": [
            183.5015939996083,
            207.3629559999972,
            186.3781399988511,
            193.96855599916307,
            178.3493439997983
          ],
          "trimmed_mean_ms": 187.9494299992075,
          "speedup": 1.2815615118789596,
          "row_count": 100,
          "rows_match": true,
          "status": "pass",
          "error": ""
        }
      ],
      "best_worker_id": 5,
      "best_speedup": 1.2815615118789596,
      "exited": false
    },
    "benchmark_iter2": {
      "query_id": "query_86",
      "baseline_times_ms": [
        127.81745100073749,
        128.0884560001141,
        128.92425000063668,
        137.97569000053045,
        143.19054200132086
      ],
      "baseline_trimmed_mean_ms": 131.66279866709374,
      "baseline_row_count": 100,
      "workers": [
        {
          "worker_id": 6,
          "times_ms": [
            91.80197700152348,
            121.55688399980136,
            90.26782299952174,
            101.55536199999915,
            90.95696499935002
          ],
          "trimmed_mean_ms": 94.77143466695755,
          "speedup": 1.3892667039364608,
          "row_count": 100,
          "rows_match": true,
          "status": "pass",
          "error": ""
        }
      ],
      "best_worker_id": 6,
      "best_speedup": 1.3892667039364608,
      "exited": false
    }
  }
}