{
  "query_id": "query_28",
  "baseline_times_ms": [
    1952.5952940002753,
    1680.3677469997638,
    1686.9320210007572,
    1663.2009109998762,
    1595.3475369988155
  ],
  "baseline_trimmed_mean_ms": 1676.8335596667991,
  "baseline_row_count": 1,
  "workers": [
    {
      "worker_id": 6,
      "times_ms": [
        2814.159961999394,
        2881.1799380000593,
        2724.9063960007334,
        2752.4227349986177,
        2970.9157710003637
      ],
      "trimmed_mean_ms": 2815.9208783326903,
      "speedup": 0.5954831943501389,
      "row_count": 1,
      "rows_match": true,
      "status": "pass",
      "error": ""
    }
  ],
  "best_worker_id": 6,
  "best_speedup": 0.5954831943501389,
  "exited": false
}