{
  "query_id": "query_28",
  "baseline_times_ms": [
    1984.600206000323,
    1836.2303869998868,
    1646.3742539999657,
    1632.1944559995245,
    1752.9581270000563
  ],
  "baseline_trimmed_mean_ms": 1745.1875893333029,
  "baseline_row_count": 1,
  "workers": [
    {
      "worker_id": 1,
      "times_ms": [
        1379.6189139993658,
        1317.223190999357,
        1979.4051160006347,
        1865.497251999841,
        1731.7088789995978
      ],
      "trimmed_mean_ms": 1658.941681666268,
      "speedup": 1.0519885108802667,
      "row_count": 1,
      "rows_match": true,
      "status": "pass",
      "error": ""
    },
    {
      "worker_id": 2,
      "times_ms": [
        2260.232337999696,
        1742.3036620002677,
        1642.6507360001779,
        1638.6109779996332,
        1733.4534330002498
      ],
      "trimmed_mean_ms": 1706.1359436668984,
      "speedup": 1.022888941418392,
      "row_count": 1,
      "rows_match": true,
      "status": "pass",
      "error": ""
    },
    {
      "worker_id": 3,
      "times_ms": [
        3129.554219000056,
        3480.2338230001624,
        3033.8323720006883,
        2966.6332719998536,
        2894.11612099957
      ],
      "trimmed_mean_ms": 3043.3399543335327,
      "speedup": 0.5734448387365535,
      "row_count": 1,
      "rows_match": true,
      "status": "pass",
      "error": ""
    },
    {
      "worker_id": 4,
      "times_ms": [
        2300.2893969996876,
        2148.405765999996,
        2199.2832229998385,
        2192.565463000392,
        2335.6489999996484
      ],
      "trimmed_mean_ms": 2230.712694333306,
      "speedup": 0.7823452987767606,
      "row_count": 1,
      "rows_match": true,
      "status": "pass",
      "error": ""
    }
  ],
  "best_worker_id": 1,
  "best_speedup": 1.0519885108802667,
  "exited": false
}