{
  "query_id": "query_97",
  "baseline_times_ms": [
    1336.9551380001212,
    1138.393588999861,
    1187.902521000069,
    1235.683875000177,
    1173.7371919998623
  ],
  "baseline_trimmed_mean_ms": 1199.1078626667029,
  "baseline_row_count": 1,
  "workers": [
    {
      "worker_id": 1,
      "times_ms": [
        1118.8311010000689,
        1185.5343070001254,
        1160.095747000014,
        1129.5631109996975,
        1122.813643999507
      ],
      "trimmed_mean_ms": 1137.4908339997394,
      "speedup": 1.0541692529075601,
      "row_count": 1,
      "rows_match": true,
      "status": "pass",
      "error": ""
    },
    {
      "worker_id": 2,
      "times_ms": [
        1134.8347399998602,
        1130.5566390001331,
        1115.8283510003457,
        1151.7639419998886,
        1142.4710259998392
      ],
      "trimmed_mean_ms": 1135.9541349999442,
      "speedup": 1.0555953147410848,
      "row_count": 1,
      "rows_match": true,
      "status": "pass",
      "error": ""
    },
    {
      "worker_id": 3,
      "times_ms": [
        1088.2108980003977,
        1102.9764100003376,
        1190.2315309998812,
        1322.8631449992463,
        1351.7645090005317
      ],
      "trimmed_mean_ms": 1205.3570286664883,
      "speedup": 0.994815506234946,
      "row_count": 1,
      "rows_match": true,
      "status": "pass",
      "error": ""
    },
    {
      "worker_id": 4,
      "times_ms": [
        2357.7155099992524,
        2104.2648929997085,
        2163.1083489992307,
        2085.3624190003757,
        2016.4193840000735
      ],
      "trimmed_mean_ms": 2117.5785536664384,
      "speedup": 0.5662636980293042,
      "row_count": 1,
      "rows_match": true,
      "status": "pass",
      "error": ""
    }
  ],
  "best_worker_id": 2,
  "best_speedup": 1.0555953147410848,
  "exited": false
}