{
  "query_id": "query_97",
  "baseline_times_ms": [
    1669.444609000493,
    1405.9850870016817,
    1721.513442998912,
    1406.487783000557,
    1328.113832998497
  ],
  "baseline_trimmed_mean_ms": 1493.9724930009106,
  "baseline_row_count": 1,
  "workers": [
    {
      "worker_id": 5,
      "times_ms": [
        1418.7155599993275,
        1175.7841119997465,
        1257.899547001216,
        1251.864347999799,
        1176.112130000547
      ],
      "trimmed_mean_ms": 1228.6253416671873,
      "speedup": 1.2159707620662126,
      "row_count": 1,
      "rows_match": true,
      "status": "pass",
      "error": ""
    }
  ],
  "best_worker_id": 5,
  "best_speedup": 1.2159707620662126,
  "exited": false
}