{
  "query_id": "query_97",
  "baseline_times_ms": [
    1106.4194120008324,
    1136.9163479994313,
    1186.8258829999832,
    1218.660276999799,
    1235.3145199995197
  ],
  "baseline_trimmed_mean_ms": 1180.8008359997377,
  "baseline_row_count": 1,
  "workers": [
    {
      "worker_id": 6,
      "times_ms": [
        2079.3206639991695,
        2003.9604689991393,
        1909.7461390010722,
        1958.0509850002272,
        1904.068826999719
      ],
      "trimmed_mean_ms": 1957.2525310001463,
      "speedup": 0.6032950870148343,
      "row_count": 1,
      "rows_match": true,
      "status": "pass",
      "error": ""
    }
  ],
  "best_worker_id": 6,
  "best_speedup": 0.6032950870148343,
  "exited": false
}