{
  "source": "swarm_w2",
  "original_path": "/mnt/c/Users/jakc9/Documents/QueryTorque_V8/packages/qt-sql/qt_sql/benchmarks/duckdb_tpcds/queries/query_73.sql",
  "optimized_path": "/mnt/c/Users/jakc9/Documents/QueryTorque_V8/packages/qt-sql/qt_sql/benchmarks/duckdb_tpcds/swarm_batch_20260208_102033/query_73/worker_2_sql.sql",
  "benchmark_iters": {
    "benchmark_iter0": {
      "query_id": "query_73",
      "baseline_times_ms": [
        296.8170509993797,
        310.87874900003953,
        300.99555399920064,
        330.5648209998253,
        330.9912249997069
      ],
      "baseline_trimmed_mean_ms": 314.14637466635514,
      "baseline_row_count": 15,
      "workers": [
        {
          "worker_id": 1,
          "times_ms": [
            298.2539579998047,
            296.4161760000934,
            298.794982999425,
            339.44131699990976,
            330.55683599923213
          ],
          "trimmed_mean_ms": 309.20192566615395,
          "speedup": 1.015991003256363,
          "row_count": 15,
          "rows_match": true,
          "status": "pass",
          "error": ""
        },
        {
          "worker_id": 2,
          "times_ms": [
            286.81287499966857,
            304.5304750003197,
            317.8206160000627,
            290.01312099990173,
            296.3388429998304
          ],
          "trimmed_mean_ms": 296.96081300001725,
          "speedup": 1.057871479717214,
          "row_count": 15,
          "rows_match": true,
          "status": "pass",
          "error": ""
        },
        {
          "worker_id": 3,
          "times_ms": [
            329.6698340000148,
            288.9101959999607,
            308.4898480001357,
            280.74525500051095,
            292.2257680002076
          ],
          "trimmed_mean_ms": 296.54193733343465,
          "speedup": 1.0593657594983805,
          "row_count": 15,
          "rows_match": true,
          "status": "pass",
          "error": ""
        },
        {
          "worker_id": 4,
          "times_ms": [
            281.3190789993314,
            291.5336550004213,
            291.4989199998672,
            299.35143000056996,
            306.3643839996075
          ],
          "trimmed_mean_ms": 294.1280016669528,
          "speedup": 1.0680600720976903,
          "row_count": 15,
          "rows_match": true,
          "status": "pass",
          "error": ""
        }
      ],
      "best_worker_id": 4,
      "best_speedup": 1.0680600720976903,
      "exited": false
    },
    "benchmark_iter1": {
      "query_id": "query_73",
      "baseline_times_ms": [
        453.72337700064236,
        419.36505299963756,
        320.4021980000107,
        303.63223899985314,
        304.82717999984743
      ],
      "baseline_trimmed_mean_ms": 348.19814366649854,
      "baseline_row_count": 15,
      "workers": [
        {
          "worker_id": 5,
          "times_ms": [
            316.9052639987058,
            318.5190380008862,
            306.1789330004103,
            304.3304429993441,
            309.7296659998392
          ],
          "trimmed_mean_ms": 310.9379543329851,
          "speedup": 1.1198315895962039,
          "row_count": 15,
          "rows_match": true,
          "status": "pass",
          "error": ""
        }
      ],
      "best_worker_id": 5,
      "best_speedup": 1.1198315895962039,
      "exited": false
    },
    "benchmark_iter2": {
      "query_id": "query_73",
      "baseline_times_ms": [
        305.08681399987836,
        319.9559519998729,
        328.8037920010538,
        334.52253000177734,
        302.5834380005108
      ],
      "baseline_trimmed_mean_ms": 317.948852666935,
      "baseline_row_count": 15,
      "workers": [
        {
          "worker_id": 6,
          "times_ms": [
            339.5069500002137,
            337.97061999939615,
            353.48739700020815,
            361.0491859999456,
            328.83077999940724
          ],
          "trimmed_mean_ms": 343.65498899993935,
          "speedup": 0.9251978374944853,
          "row_count": 15,
          "rows_match": true,
          "status": "pass",
          "error": ""
        }
      ],
      "best_worker_id": 6,
      "best_speedup": 0.9251978374944853,
      "exited": false
    }
  }
}