{
  "query_id": "query_49",
  "baseline_times_ms": [
    1002.3640380004508,
    330.7446809994872,
    308.70724499982316,
    326.3472279995767,
    339.6131549998245
  ],
  "baseline_trimmed_mean_ms": 332.2350213329628,
  "baseline_row_count": 41,
  "workers": [
    {
      "worker_id": 5,
      "times_ms": [
        329.2864409995673,
        323.05814400024246,
        327.5484530004178,
        335.2911990004941,
        334.69687000069825
      ],
      "trimmed_mean_ms": 330.51058800022776,
      "speedup": 1.0052174828745088,
      "row_count": 41,
      "rows_match": true,
      "status": "pass",
      "error": ""
    }
  ],
  "best_worker_id": 5,
  "best_speedup": 1.0052174828745088,
  "exited": false
}