{
  "query_id": "query_3",
  "baseline_times_ms": [
    191.3914439992368,
    196.3952309997694,
    217.151400000148,
    192.67514900002425,
    213.58204999978625
  ],
  "baseline_trimmed_mean_ms": 200.8841433331933,
  "baseline_row_count": 67,
  "workers": [
    {
      "worker_id": 1,
      "times_ms": [
        250.39891899996292,
        229.4382330001099,
        198.48862500020914,
        207.336080999994,
        204.75155799977074
      ],
      "trimmed_mean_ms": 213.84195733329156,
      "speedup": 0.9394047166342461,
      "row_count": 67,
      "rows_match": true,
      "status": "pass",
      "error": ""
    },
    {
      "worker_id": 2,
      "times_ms": [
        204.9334639996232,
        205.61661500050832,
        237.73432500001945,
        203.20966700001009,
        197.36607799950434
      ],
      "trimmed_mean_ms": 204.5865820000472,
      "speedup": 0.9819028274940678,
      "row_count": 67,
      "rows_match": true,
      "status": "pass",
      "error": ""
    },
    {
      "worker_id": 3,
      "times_ms": [
        185.21819599936862,
        200.12722400042549,
        190.2568239993343,
        196.3249670006917,
        193.48990799971943
      ],
      "trimmed_mean_ms": 193.35723299991514,
      "speedup": 1.0389274826521822,
      "row_count": 67,
      "rows_match": true,
      "status": "pass",
      "error": ""
    },
    {
      "worker_id": 4,
      "times_ms": [
        203.83238700014772,
        196.47097799952462,
        211.57108299939864,
        204.81913699950383,
        211.55567400001019
      ],
      "trimmed_mean_ms": 206.7357326665539,
      "speedup": 0.971695317215439,
      "row_count": 67,
      "rows_match": true,
      "status": "pass",
      "error": ""
    }
  ],
  "best_worker_id": 3,
  "best_speedup": 1.0389274826521822,
  "exited": false
}