{
  "source": "swarm2_w4",
  "original_path": "/mnt/c/Users/jakc9/Documents/QueryTorque_V8/packages/qt-sql/qt_sql/benchmarks/postgres_dsb/queries/query025_spj_spj.sql",
  "optimized_path": "/mnt/c/Users/jakc9/Documents/QueryTorque_V8/packages/qt-sql/qt_sql/benchmarks/postgres_dsb/swarm_batch_20260208_142643/query025_spj_spj/worker_4_sql.sql",
  "validation": {
    "query_id": "query025_spj_spj",
    "status": "WIN",
    "best_speedup": 3.66,
    "best_worker": 3,
    "best_iteration": 0
  },
  "benchmark_iters": {
    "benchmark_iter0": {
      "query_id": "query025_spj_spj",
      "baseline_times_ms": [
        3939.9101509989123,
        4432.185688001482,
        4277.760913002567,
        4963.326255998254,
        4312.831510000251
      ],
      "baseline_trimmed_mean_ms": 4340.9260370014335,
      "baseline_row_count": 1,
      "workers": [
        {
          "worker_id": 1,
          "times_ms": [
            2173.2375000028696,
            2126.128570998844,
            2099.688664999121,
            2146.913704000326,
            2195.7133110008726
          ],
          "trimmed_mean_ms": 2148.75992500068,
          "speedup": 2.020200575455194,
          "row_count": 1,
          "rows_match": true,
          "status": "pass",
          "error": ""
        },
        {
          "worker_id": 2,
          "times_ms": [],
          "trimmed_mean_ms": 0,
          "speedup": 0,
          "row_count": 0,
          "rows_match": false,
          "status": "error",
          "error": "column reference \"d_date_sk\" is ambiguous\nLINE 37: JOIN filtered_d2 ON d_date_sk = sr_returned_date_sk\n                             ^\n"
        },
        {
          "worker_id": 3,
          "times_ms": [
            1362.363534000906,
            1178.8369999994757,
            1178.241457000695,
            1191.5299749998667,
            1183.3815829995729
          ],
          "trimmed_mean_ms": 1184.5828526663051,
          "speedup": 3.664518718324099,
          "row_count": 1,
          "rows_match": true,
          "status": "pass",
          "error": ""
        },
        {
          "worker_id": 4,
          "times_ms": [
            3691.9720040023094,
            3677.6229969982523,
            3703.6698190022435,
            3944.894313997793,
            3589.9389000005613
          ],
          "trimmed_mean_ms": 3691.0882733342683,
          "speedup": 1.1760558717497558,
          "row_count": 1,
          "rows_match": true,
          "status": "pass",
          "error": ""
        }
      ],
      "best_worker_id": 3,
      "best_speedup": 3.664518718324099,
      "exited": true
    }
  }
}