{
  "query_id": "query072_spj_spj",
  "baseline_times_ms": [
    2394.0143110012286,
    2372.5137889996404,
    2303.8818079985504,
    2335.0034290015174,
    2316.9417860008252
  ],
  "baseline_trimmed_mean_ms": 2341.486334667328,
  "baseline_row_count": 1,
  "workers": [
    {
      "worker_id": 5,
      "times_ms": [
        2318.65708800251,
        2201.2667900016822,
        2057.414475999394,
        2538.3704409978236,
        2970.3068589988106
      ],
      "trimmed_mean_ms": 2352.764773000672,
      "speedup": 0.9952063043178941,
      "row_count": 1,
      "rows_match": true,
      "status": "pass",
      "error": ""
    }
  ],
  "best_worker_id": 5,
  "best_speedup": 0.9952063043178941,
  "exited": false
}