{
  "query_id": "query069_multi",
  "baseline_times_ms": [
    4043.5651919979136,
    3155.0645509996684,
    3161.597704001906,
    3240.065911999409,
    3000.635639997199
  ],
  "baseline_trimmed_mean_ms": 3185.5760556669943,
  "baseline_row_count": 0,
  "workers": [
    {
      "worker_id": 1,
      "times_ms": [
        3593.140125998616,
        3719.284966999112,
        3101.489982000203,
        3251.0261930001434,
        3826.4373499987414
      ],
      "trimmed_mean_ms": 3521.150428665957,
      "speedup": 0.9046975186669034,
      "row_count": 0,
      "rows_match": true,
      "status": "pass",
      "error": ""
    },
    {
      "worker_id": 2,
      "times_ms": [
        3767.5392720011587,
        3905.9288460011885,
        3550.9990390019084,
        3878.382024999155,
        3890.896524000709
      ],
      "trimmed_mean_ms": 3845.6059403336744,
      "speedup": 0.8283677800306781,
      "row_count": 0,
      "rows_match": true,
      "status": "pass",
      "error": ""
    },
    {
      "worker_id": 3,
      "times_ms": [
        3837.8738290011825,
        3723.5356090022833,
        3688.246091001929,
        3724.285954998777,
        4024.535073000152
      ],
      "trimmed_mean_ms": 3761.898464334081,
      "speedup": 0.846800115917242,
      "row_count": 0,
      "rows_match": true,
      "status": "pass",
      "error": ""
    },
    {
      "worker_id": 4,
      "times_ms": [
        4591.8791410003905,
        2655.1906220011006,
        2569.484964998992,
        2630.6175169993367,
        3094.314353998925
      ],
      "trimmed_mean_ms": 2793.374164333121,
      "speedup": 1.1404043526791572,
      "row_count": 0,
      "rows_match": true,
      "status": "pass",
      "error": ""
    }
  ],
  "best_worker_id": 4,
  "best_speedup": 1.1404043526791572,
  "exited": false
}