{
  "query_id": "query_50",
  "baseline_times_ms": [
    768.3126530000663,
    748.7545769999997,
    737.9146750008658,
    713.3052060007685,
    754.3220269999438
  ],
  "baseline_trimmed_mean_ms": 746.9970930002697,
  "baseline_row_count": 51,
  "workers": [
    {
      "worker_id": 1,
      "times_ms": [
        786.2799299991821,
        761.3083050000569,
        785.6075099998634,
        775.3401680001843,
        693.1771970002956
      ],
      "trimmed_mean_ms": 774.0853276667016,
      "speedup": 0.9650061386022094,
      "row_count": 51,
      "rows_match": true,
      "status": "pass",
      "error": ""
    },
    {
      "worker_id": 2,
      "times_ms": [
        670.2848089998952,
        663.9963850002459,
        667.8570880003463,
        707.214699999895,
        723.9813019996291
      ],
      "trimmed_mean_ms": 681.7855323333788,
      "speedup": 1.0956482025127572,
      "row_count": 51,
      "rows_match": true,
      "status": "pass",
      "error": ""
    },
    {
      "worker_id": 3,
      "times_ms": [
        796.8020839998644,
        696.6270500006431,
        693.0534060002174,
        687.0188449993293,
        678.4789319999618
      ],
      "trimmed_mean_ms": 692.2331003333966,
      "speedup": 1.0791120688110658,
      "row_count": 51,
      "rows_match": true,
      "status": "pass",
      "error": ""
    },
    {
      "worker_id": 4,
      "times_ms": [
        702.1391440002844,
        712.5807700003861,
        771.531631000471,
        738.9214989998436,
        713.7206540000989
      ],
      "trimmed_mean_ms": 721.7409743334429,
      "speedup": 1.0349933280290091,
      "row_count": 51,
      "rows_match": true,
      "status": "pass",
      "error": ""
    }
  ],
  "best_worker_id": 2,
  "best_speedup": 1.0956482025127572,
  "exited": false
}