{
  "source": "swarm2_w2",
  "original_path": "/mnt/c/Users/jakc9/Documents/QueryTorque_V8/packages/qt-sql/qt_sql/benchmarks/postgres_dsb/queries/query050_spj_spj.sql",
  "optimized_path": "/mnt/c/Users/jakc9/Documents/QueryTorque_V8/packages/qt-sql/qt_sql/benchmarks/postgres_dsb/swarm_batch_20260208_142643/query050_spj_spj/worker_2_sql.sql",
  "validation": {
    "query_id": "query050_spj_spj",
    "status": "NEUTRAL",
    "best_speedup": 1.03,
    "best_worker": 5,
    "best_iteration": 1
  },
  "benchmark_iters": {
    "benchmark_iter0": {
      "query_id": "query050_spj_spj",
      "baseline_times_ms": [
        6991.538733000198,
        3699.8408250001376,
        3762.8616350011725,
        3780.6427750001603,
        3830.450686000404
      ],
      "baseline_trimmed_mean_ms": 3791.3183653339124,
      "baseline_row_count": 1,
      "workers": [
        {
          "worker_id": 1,
          "times_ms": [
            3873.339385998406,
            4220.864588998666,
            4372.111311000481,
            4348.682487001497,
            4006.589766999241
          ],
          "trimmed_mean_ms": 4192.045614333135,
          "speedup": 0.9044077078672319,
          "row_count": 1,
          "rows_match": true,
          "status": "pass",
          "error": ""
        },
        {
          "worker_id": 2,
          "times_ms": [
            3754.4563240007847,
            3931.4629020009306,
            4216.5658849989995,
            4028.1004429998575,
            3837.4375409985078
          ],
          "trimmed_mean_ms": 3932.333628666432,
          "speedup": 0.9641395474929878,
          "row_count": 1,
          "rows_match": true,
          "status": "pass",
          "error": ""
        },
        {
          "worker_id": 3,
          "times_ms": [
            30639.485944997432,
            30175.721332001558,
            28710.856358000456,
            29779.704886001127,
            31715.502612998534
          ],
          "trimmed_mean_ms": 30198.304054333374,
          "speedup": 0.12554739360569717,
          "row_count": 1,
          "rows_match": true,
          "status": "pass",
          "error": ""
        },
        {
          "worker_id": 4,
          "times_ms": [
            3758.6906620017544,
            3860.0056010000117,
            3838.717299000564,
            3780.457265998848,
            3904.191386001912
          ],
          "trimmed_mean_ms": 3826.3933886664745,
          "speedup": 0.9908333985113889,
          "row_count": 1,
          "rows_match": true,
          "status": "pass",
          "error": ""
        }
      ],
      "best_worker_id": 4,
      "best_speedup": 0.9908333985113889,
      "exited": false
    },
    "benchmark_iter1": {
      "query_id": "query050_spj_spj",
      "baseline_times_ms": [
        6722.919734998868,
        4136.738922999939,
        3794.5977429990307,
        3675.782985999831,
        2947.7834000026633
      ],
      "baseline_trimmed_mean_ms": 3869.0398839996,
      "baseline_row_count": 1,
      "workers": [
        {
          "worker_id": 5,
          "times_ms": [
            3223.496046000946,
            3870.854705997772,
            3791.498425001919,
            3777.52773300017,
            3749.013716002082
          ],
          "trimmed_mean_ms": 3772.6799580013903,
          "speedup": 1.0255415055268184,
          "row_count": 1,
          "rows_match": true,
          "status": "pass",
          "error": ""
        }
      ],
      "best_worker_id": 5,
      "best_speedup": 1.0255415055268184,
      "exited": false
    },
    "benchmark_iter2": {
      "query_id": "query050_spj_spj",
      "baseline_times_ms": [
        3303.4065419997205,
        2889.464791998762,
        2888.218249001511,
        2887.07115500074,
        2893.3815119999053
      ],
      "baseline_trimmed_mean_ms": 2890.3548510000596,
      "baseline_row_count": 1,
      "workers": [
        {
          "worker_id": 6,
          "times_ms": [
            3048.987183999998,
            2989.6392230002675,
            2890.5654230002256,
            2911.254516999179,
            2976.7986480001127
          ],
          "trimmed_mean_ms": 2959.230795999853,
          "speedup": 0.9767250512893768,
          "row_count": 1,
          "rows_match": true,
          "status": "pass",
          "error": ""
        }
      ],
      "best_worker_id": 6,
      "best_speedup": 0.9767250512893768,
      "exited": false
    }
  }
}