{
  "source": "swarm_snipe",
  "original_path": "/mnt/c/Users/jakc9/Documents/QueryTorque_V8/packages/qt-sql/qt_sql/benchmarks/duckdb_tpcds/queries/query_28.sql",
  "optimized_path": "/mnt/c/Users/jakc9/Documents/QueryTorque_V8/packages/qt-sql/qt_sql/benchmarks/duckdb_tpcds/swarm_batch_20260208_102033/query_28/snipe_worker_sql.sql",
  "benchmark_iters": {
    "benchmark_iter0": {
      "query_id": "query_28",
      "baseline_times_ms": [
        1984.600206000323,
        1836.2303869998868,
        1646.3742539999657,
        1632.1944559995245,
        1752.9581270000563
      ],
      "baseline_trimmed_mean_ms": 1745.1875893333029,
      "baseline_row_count": 1,
      "workers": [
        {
          "worker_id": 1,
          "times_ms": [
            1379.6189139993658,
            1317.223190999357,
            1979.4051160006347,
            1865.497251999841,
            1731.7088789995978
          ],
          "trimmed_mean_ms": 1658.941681666268,
          "speedup": 1.0519885108802667,
          "row_count": 1,
          "rows_match": true,
          "status": "pass",
          "error": ""
        },
        {
          "worker_id": 2,
          "times_ms": [
            2260.232337999696,
            1742.3036620002677,
            1642.6507360001779,
            1638.6109779996332,
            1733.4534330002498
          ],
          "trimmed_mean_ms": 1706.1359436668984,
          "speedup": 1.022888941418392,
          "row_count": 1,
          "rows_match": true,
          "status": "pass",
          "error": ""
        },
        {
          "worker_id": 3,
          "times_ms": [
            3129.554219000056,
            3480.2338230001624,
            3033.8323720006883,
            2966.6332719998536,
            2894.11612099957
          ],
          "trimmed_mean_ms": 3043.3399543335327,
          "speedup": 0.5734448387365535,
          "row_count": 1,
          "rows_match": true,
          "status": "pass",
          "error": ""
        },
        {
          "worker_id": 4,
          "times_ms": [
            2300.2893969996876,
            2148.405765999996,
            2199.2832229998385,
            2192.565463000392,
            2335.6489999996484
          ],
          "trimmed_mean_ms": 2230.712694333306,
          "speedup": 0.7823452987767606,
          "row_count": 1,
          "rows_match": true,
          "status": "pass",
          "error": ""
        }
      ],
      "best_worker_id": 1,
      "best_speedup": 1.0519885108802667,
      "exited": false
    },
    "benchmark_iter1": {
      "query_id": "query_28",
      "baseline_times_ms": [
        2077.0109009990847,
        1713.7147479988926,
        1742.3994960008713,
        1770.7312059992546,
        1713.1999929988524
      ],
      "baseline_trimmed_mean_ms": 1742.2818166663394,
      "baseline_row_count": 1,
      "workers": [
        {
          "worker_id": 5,
          "times_ms": [
            2588.085237000996,
            2697.306819000005,
            2563.0574309998337,
            2654.5899419998022,
            2630.5410389995814
          ],
          "trimmed_mean_ms": 2624.4054060001267,
          "speedup": 0.6638767824067862,
          "row_count": 1,
          "rows_match": true,
          "status": "pass",
          "error": ""
        }
      ],
      "best_worker_id": 5,
      "best_speedup": 0.6638767824067862,
      "exited": false
    },
    "benchmark_iter2": {
      "query_id": "query_28",
      "baseline_times_ms": [
        1952.5952940002753,
        1680.3677469997638,
        1686.9320210007572,
        1663.2009109998762,
        1595.3475369988155
      ],
      "baseline_trimmed_mean_ms": 1676.8335596667991,
      "baseline_row_count": 1,
      "workers": [
        {
          "worker_id": 6,
          "times_ms": [
            2814.159961999394,
            2881.1799380000593,
            2724.9063960007334,
            2752.4227349986177,
            2970.9157710003637
          ],
          "trimmed_mean_ms": 2815.9208783326903,
          "speedup": 0.5954831943501389,
          "row_count": 1,
          "rows_match": true,
          "status": "pass",
          "error": ""
        }
      ],
      "best_worker_id": 6,
      "best_speedup": 0.5954831943501389,
      "exited": false
    }
  }
}