{
  "source": "swarm_final",
  "original_path": "/mnt/c/Users/jakc9/Documents/QueryTorque_V8/packages/qt-sql/qt_sql/benchmarks/duckdb_tpcds/queries/query_92.sql",
  "optimized_path": "/mnt/c/Users/jakc9/Documents/QueryTorque_V8/packages/qt-sql/qt_sql/benchmarks/duckdb_tpcds/swarm_batch_20260208_102033/query_92/final_worker_sql.sql",
  "benchmark_iters": {
    "benchmark_iter0": {
      "query_id": "query_92",
      "baseline_times_ms": [
        70.24071600062598,
        66.14429199998995,
        65.97550799961027,
        69.14661600058025,
        73.49306700052693
      ],
      "baseline_trimmed_mean_ms": 68.51054133373206,
      "baseline_row_count": 1,
      "workers": [
        {
          "worker_id": 1,
          "times_ms": [
            69.55133999963437,
            75.86191500013229,
            70.47049599987076,
            78.19035899956361,
            73.45832600003632
          ],
          "trimmed_mean_ms": 73.26357900001312,
          "speedup": 0.935124140382492,
          "row_count": 1,
          "rows_match": true,
          "status": "pass",
          "error": ""
        },
        {
          "worker_id": 2,
          "times_ms": [
            73.56357800017577,
            73.34856899979059,
            70.12127399957535,
            79.03699899998173,
            80.11104300021543
          ],
          "trimmed_mean_ms": 75.3163819999827,
          "speedup": 0.9096366489530499,
          "row_count": 1,
          "rows_match": true,
          "status": "pass",
          "error": ""
        },
        {
          "worker_id": 3,
          "times_ms": [
            99.54887999992934,
            73.07441200009634,
            79.09771300001012,
            81.71701099945494,
            74.89336299931892
          ],
          "trimmed_mean_ms": 78.569362332928,
          "speedup": 0.8719752750878528,
          "row_count": 1,
          "rows_match": true,
          "status": "pass",
          "error": ""
        },
        {
          "worker_id": 4,
          "times_ms": [
            83.67279300000519,
            87.61704400058079,
            73.20542100023886,
            81.31294299982983,
            89.0216789994156
          ],
          "trimmed_mean_ms": 84.20092666680527,
          "speedup": 0.813655431665708,
          "row_count": 1,
          "rows_match": true,
          "status": "pass",
          "error": ""
        }
      ],
      "best_worker_id": 1,
      "best_speedup": 0.935124140382492,
      "exited": false
    },
    "benchmark_iter1": {
      "query_id": "query_92",
      "baseline_times_ms": [
        191.75924800038047,
        77.9460880003171,
        75.93567700132553,
        109.00381400097103,
        92.74365900091652
      ],
      "baseline_trimmed_mean_ms": 93.23118700073489,
      "baseline_row_count": 1,
      "workers": [
        {
          "worker_id": 5,
          "times_ms": [],
          "trimmed_mean_ms": 0,
          "speedup": 0,
          "row_count": 0,
          "rows_match": false,
          "status": "error",
          "error": "Binder Error: Ambiguous reference to column name \"ws_item_sk\" (use: \"web_sales.ws_item_sk\" or \"iad.ws_item_sk\")"
        }
      ],
      "best_worker_id": 0,
      "best_speedup": 0.0,
      "exited": false
    },
    "benchmark_iter2": {
      "query_id": "query_92",
      "baseline_times_ms": [
        73.40882500102452,
        67.2180080000544,
        69.6014599998307,
        72.85401999979513,
        69.73832400035462
      ],
      "baseline_trimmed_mean_ms": 70.73126799999348,
      "baseline_row_count": 1,
      "workers": [
        {
          "worker_id": 6,
          "times_ms": [
            38.269960999969044,
            39.42119999919669,
            39.37270999995235,
            38.24502899988147,
            40.903502000219305
          ],
          "trimmed_mean_ms": 39.02129033303936,
          "speedup": 1.812632729371977,
          "row_count": 1,
          "rows_match": true,
          "status": "pass",
          "error": ""
        }
      ],
      "best_worker_id": 6,
      "best_speedup": 1.812632729371977,
      "exited": false
    }
  }
}