{
  "query_id": "query091_spj_spj",
  "baseline_times_ms": [
    1316.485103998275,
    1286.559642998327,
    1268.845564998628,
    1272.2715549971326,
    1275.5399599991506
  ],
  "baseline_trimmed_mean_ms": 1278.1237193315367,
  "baseline_row_count": 1,
  "workers": [
    {
      "worker_id": 5,
      "times_ms": [
        1263.8657690004038,
        1250.6638600025326,
        1039.6323099994333,
        1123.253999001463,
        1164.3552409987024
      ],
      "trimmed_mean_ms": 1179.424366667566,
      "speedup": 1.083684342509256,
      "row_count": 1,
      "rows_match": true,
      "status": "pass",
      "error": ""
    }
  ],
  "best_worker_id": 5,
  "best_speedup": 1.083684342509256,
  "exited": false
}