{
  "query_id": "query_83",
  "baseline_times_ms": [
    78.42452499971841,
    88.80181399945286,
    116.08101499950862,
    112.51448399889341,
    140.67820700074662
  ],
  "baseline_trimmed_mean_ms": 105.7991043326183,
  "baseline_row_count": 100,
  "workers": [
    {
      "worker_id": 5,
      "times_ms": [
        115.55953800052521,
        122.76516600104515,
        80.65902300040761,
        81.02740200047265,
        62.22697200064431
      ],
      "trimmed_mean_ms": 92.4153210004685,
      "speedup": 1.1448221267562546,
      "row_count": 100,
      "rows_match": true,
      "status": "pass",
      "error": ""
    }
  ],
  "best_worker_id": 5,
  "best_speedup": 1.1448221267562546,
  "exited": false
}