{
  "query_id": "query_83",
  "baseline_times_ms": [
    51.82595900078013,
    45.71233900060179,
    45.256150000568596,
    45.38311199939926,
    56.20446099965193
  ],
  "baseline_trimmed_mean_ms": 47.64047000026039,
  "baseline_row_count": 100,
  "workers": [
    {
      "worker_id": 6,
      "times_ms": [
        48.51895999854605,
        53.86461299895018,
        47.34366900083842,
        45.666099000300164,
        44.651125999735086
      ],
      "trimmed_mean_ms": 47.17624266656154,
      "speedup": 1.0098402778063522,
      "row_count": 100,
      "rows_match": true,
      "status": "pass",
      "error": ""
    }
  ],
  "best_worker_id": 6,
  "best_speedup": 1.0098402778063522,
  "exited": false
}