{
  "query_id": "query_85",
  "baseline_times_ms": [
    523.1526949992258,
    368.74594400069327,
    276.3100209995173,
    301.7311309995421,
    293.4993390008458
  ],
  "baseline_trimmed_mean_ms": 321.3254713336937,
  "baseline_row_count": 13,
  "workers": [
    {
      "worker_id": 5,
      "times_ms": [
        1221.5404700000363,
        1270.0193410000793,
        1127.445407999403,
        1042.8371699999843,
        1088.0514540003787
      ],
      "trimmed_mean_ms": 1145.679110666606,
      "speedup": 0.28046725155592,
      "row_count": 13,
      "rows_match": true,
      "status": "pass",
      "error": ""
    }
  ],
  "best_worker_id": 5,
  "best_speedup": 0.28046725155592,
  "exited": false
}