{
  "query_id": "query_85",
  "baseline_times_ms": [
    296.1894790005317,
    227.1289539985446,
    231.96802399979788,
    217.7226719995815,
    242.0243760006997
  ],
  "baseline_trimmed_mean_ms": 233.70711799968072,
  "baseline_row_count": 13,
  "workers": [
    {
      "worker_id": 6,
      "times_ms": [
        251.1088520004705,
        260.43772000048193,
        213.7614709990885,
        231.04799800057663,
        203.37689100051648
      ],
      "trimmed_mean_ms": 231.97277366671187,
      "speedup": 1.007476499528607,
      "row_count": 13,
      "rows_match": true,
      "status": "pass",
      "error": ""
    }
  ],
  "best_worker_id": 6,
  "best_speedup": 1.007476499528607,
  "exited": false
}