{
  "query_id": "query_76",
  "baseline_times_ms": [
    476.63552300036827,
    305.0157079997007,
    285.108776000925,
    328.3988370003499,
    316.5319859999727
  ],
  "baseline_trimmed_mean_ms": 316.6488436666744,
  "baseline_row_count": 100,
  "workers": [
    {
      "worker_id": 6,
      "times_ms": [
        442.97619499957364,
        430.4633529991406,
        444.4935519986757,
        434.07873300020583,
        407.37742700002855
      ],
      "trimmed_mean_ms": 435.83942699964,
      "speedup": 0.7265263857529253,
      "row_count": 100,
      "rows_match": true,
      "status": "pass",
      "error": ""
    }
  ],
  "best_worker_id": 6,
  "best_speedup": 0.7265263857529253,
  "exited": false
}