{
  "source": "swarm_w1",
  "original_path": "/mnt/c/Users/jakc9/Documents/QueryTorque_V8/packages/qt-sql/qt_sql/benchmarks/duckdb_tpcds/queries/query_3.sql",
  "optimized_path": "/mnt/c/Users/jakc9/Documents/QueryTorque_V8/packages/qt-sql/qt_sql/benchmarks/duckdb_tpcds/swarm_batch_20260208_102033/query_3/worker_1_sql.sql",
  "benchmark_iters": {
    "benchmark_iter0": {
      "query_id": "query_3",
      "baseline_times_ms": [
        191.3914439992368,
        196.3952309997694,
        217.151400000148,
        192.67514900002425,
        213.58204999978625
      ],
      "baseline_trimmed_mean_ms": 200.8841433331933,
      "baseline_row_count": 67,
      "workers": [
        {
          "worker_id": 1,
          "times_ms": [
            250.39891899996292,
            229.4382330001099,
            198.48862500020914,
            207.336080999994,
            204.75155799977074
          ],
          "trimmed_mean_ms": 213.84195733329156,
          "speedup": 0.9394047166342461,
          "row_count": 67,
          "rows_match": true,
          "status": "pass",
          "error": ""
        },
        {
          "worker_id": 2,
          "times_ms": [
            204.9334639996232,
            205.61661500050832,
            237.73432500001945,
            203.20966700001009,
            197.36607799950434
          ],
          "trimmed_mean_ms": 204.5865820000472,
          "speedup": 0.9819028274940678,
          "row_count": 67,
          "rows_match": true,
          "status": "pass",
          "error": ""
        },
        {
          "worker_id": 3,
          "times_ms": [
            185.21819599936862,
            200.12722400042549,
            190.2568239993343,
            196.3249670006917,
            193.48990799971943
          ],
          "trimmed_mean_ms": 193.35723299991514,
          "speedup": 1.0389274826521822,
          "row_count": 67,
          "rows_match": true,
          "status": "pass",
          "error": ""
        },
        {
          "worker_id": 4,
          "times_ms": [
            203.83238700014772,
            196.47097799952462,
            211.57108299939864,
            204.81913699950383,
            211.55567400001019
          ],
          "trimmed_mean_ms": 206.7357326665539,
          "speedup": 0.971695317215439,
          "row_count": 67,
          "rows_match": true,
          "status": "pass",
          "error": ""
        }
      ],
      "best_worker_id": 3,
      "best_speedup": 1.0389274826521822,
      "exited": false
    },
    "benchmark_iter1": {
      "query_id": "query_3",
      "baseline_times_ms": [
        213.3154650000506,
        237.49383200083685,
        202.13910299935378,
        228.39236199979496,
        196.902334000697
      ],
      "baseline_trimmed_mean_ms": 214.61564333306646,
      "baseline_row_count": 67,
      "workers": [
        {
          "worker_id": 5,
          "times_ms": [
            198.75500700072735,
            206.84429599896248,
            211.5134469986515,
            194.95093599834945,
            211.9935919999989
          ],
          "trimmed_mean_ms": 205.70424999944711,
          "speedup": 1.043321386571465,
          "row_count": 67,
          "rows_match": true,
          "status": "pass",
          "error": ""
        }
      ],
      "best_worker_id": 5,
      "best_speedup": 1.043321386571465,
      "exited": false
    },
    "benchmark_iter2": {
      "query_id": "query_3",
      "baseline_times_ms": [
        207.4249650013371,
        189.18858399956662,
        190.51803500042297,
        214.10583599936217,
        188.3288219996757
      ],
      "baseline_trimmed_mean_ms": 195.71052800044222,
      "baseline_row_count": 67,
      "workers": [
        {
          "worker_id": 6,
          "times_ms": [
            4054.1692009992403,
            4042.0252380008606,
            3800.245645999894,
            3911.1678669996763,
            3901.645166999515
          ],
          "trimmed_mean_ms": 3951.6127573333506,
          "speedup": 0.04952674768985023,
          "row_count": 67,
          "rows_match": true,
          "status": "pass",
          "error": ""
        }
      ],
      "best_worker_id": 6,
      "best_speedup": 0.04952674768985023,
      "exited": false
    }
  }
}