{
  "query_id": "query_9",
  "baseline_times_ms": [
    1953.5947479998867,
    1733.0152359991189,
    2024.6844600005716,
    1565.181300000404,
    1614.472522000142
  ],
  "baseline_trimmed_mean_ms": 1767.027501999716,
  "baseline_row_count": 1,
  "workers": [
    {
      "worker_id": 5,
      "times_ms": [
        4651.283266999599,
        4378.576474999136,
        3849.8480600010225,
        3904.7174910010654,
        4698.595756999566
      ],
      "trimmed_mean_ms": 4311.525744333267,
      "speedup": 0.40983809602022186,
      "row_count": 1,
      "rows_match": true,
      "status": "pass",
      "error": ""
    }
  ],
  "best_worker_id": 5,
  "best_speedup": 0.40983809602022186,
  "exited": false
}