{
  "query_id": "query_86",
  "baseline_times_ms": [
    305.5067639998015,
    350.1421629989636,
    216.0399280001002,
    172.97902400059684,
    201.0595749998174
  ],
  "baseline_trimmed_mean_ms": 240.86875566657304,
  "baseline_row_count": 100,
  "workers": [
    {
      "worker_id": 5,
      "times_ms": [
        183.5015939996083,
        207.3629559999972,
        186.3781399988511,
        193.96855599916307,
        178.3493439997983
      ],
      "trimmed_mean_ms": 187.9494299992075,
      "speedup": 1.2815615118789596,
      "row_count": 100,
      "rows_match": true,
      "status": "pass",
      "error": ""
    }
  ],
  "best_worker_id": 5,
  "best_speedup": 1.2815615118789596,
  "exited": false
}