{
  "source": "swarm2_w4",
  "original_path": "/mnt/c/Users/jakc9/Documents/QueryTorque_V8/packages/qt-sql/qt_sql/benchmarks/postgres_dsb/queries/query027_agg.sql",
  "optimized_path": "/mnt/c/Users/jakc9/Documents/QueryTorque_V8/packages/qt-sql/qt_sql/benchmarks/postgres_dsb/swarm_batch_20260208_142643/query027_agg/worker_4_sql.sql",
  "validation": {
    "query_id": "query027_agg",
    "status": "WIN",
    "best_speedup": 9.62,
    "best_worker": 3,
    "best_iteration": 0
  },
  "benchmark_iters": {
    "benchmark_iter0": {
      "query_id": "query027_agg",
      "baseline_times_ms": [
        46.963619999587536,
        30.96684199772426,
        31.8653690010251,
        41.33825399912894,
        41.46834900166141
      ],
      "baseline_trimmed_mean_ms": 38.22399066727181,
      "baseline_row_count": 1,
      "workers": [
        {
          "worker_id": 1,
          "times_ms": [
            46.49127299853717,
            50.459767000575084,
            49.90823700063629,
            54.804996001621475,
            36.99884800153086
          ],
          "trimmed_mean_ms": 48.953092333249515,
          "speedup": 0.7808289291932969,
          "row_count": 1,
          "rows_match": true,
          "status": "pass",
          "error": ""
        },
        {
          "worker_id": 2,
          "times_ms": [
            38.76516799937235,
            40.62691900253412,
            39.70045200185268,
            33.027585999661824,
            30.746912001632154
          ],
          "trimmed_mean_ms": 37.16440200029562,
          "speedup": 1.0285108493597654,
          "row_count": 1,
          "rows_match": true,
          "status": "pass",
          "error": ""
        },
        {
          "worker_id": 3,
          "times_ms": [
            5.934152999543585,
            4.33223599975463,
            3.445648999331752,
            3.2183360017370433,
            4.140241002460243
          ],
          "trimmed_mean_ms": 3.9727086671822085,
          "speedup": 9.62164454268518,
          "row_count": 1,
          "rows_match": true,
          "status": "pass",
          "error": ""
        },
        {
          "worker_id": 4,
          "times_ms": [
            32.0899760008615,
            34.18251800030703,
            35.21610899770167,
            26.378533999377396,
            27.034711001761025
          ],
          "trimmed_mean_ms": 31.102401667643182,
          "speedup": 1.2289723178206347,
          "row_count": 1,
          "rows_match": true,
          "status": "pass",
          "error": ""
        }
      ],
      "best_worker_id": 3,
      "best_speedup": 9.62164454268518,
      "exited": true
    }
  }
}