{
  "query_id": "query_5",
  "baseline_times_ms": [
    1007.9328259998874,
    524.560326000028,
    527.4372480007514,
    554.1846590003843,
    627.9835340001227
  ],
  "baseline_trimmed_mean_ms": 569.8684803337528,
  "baseline_row_count": 100,
  "workers": [
    {
      "worker_id": 1,
      "times_ms": [],
      "trimmed_mean_ms": 0,
      "speedup": 0,
      "row_count": 0,
      "rows_match": false,
      "status": "error",
      "error": "Binder Error: Table \"web_returns\" does not have a column named \"wr_web_site_sk\"\n\nCandidate bindings: : \"wr_item_sk\"\n\nLINE 81:       COALESCE(web_sales.ws_web_site_sk, web_returns.wr_web_site_sk) AS wsr_web_site_sk,\n                                                  ^"
    },
    {
      "worker_id": 2,
      "times_ms": [
        506.89351500022894,
        439.52785700003005,
        415.4603839997435,
        400.41125800053123,
        388.91230700028245
      ],
      "trimmed_mean_ms": 418.46649966676824,
      "speedup": 1.3618019143409292,
      "row_count": 100,
      "rows_match": true,
      "status": "pass",
      "error": ""
    },
    {
      "worker_id": 3,
      "times_ms": [
        559.423075000268,
        554.29168900082,
        512.955133000105,
        529.1990329997134,
        505.7757029999266
      ],
      "trimmed_mean_ms": 532.1486183335461,
      "speedup": 1.0708821947491447,
      "row_count": 100,
      "rows_match": true,
      "status": "pass",
      "error": ""
    },
    {
      "worker_id": 4,
      "times_ms": [
        544.667754999864,
        555.1029390007898,
        587.1825580006771,
        542.8194589994746,
        582.6183509998373
      ],
      "trimmed_mean_ms": 560.796348333497,
      "speedup": 1.0161772308739443,
      "row_count": 100,
      "rows_match": true,
      "status": "pass",
      "error": ""
    }
  ],
  "best_worker_id": 2,
  "best_speedup": 1.3618019143409292,
  "exited": false
}