{
  "query_id": "query_5",
  "baseline_times_ms": [
    1024.3713649997517,
    494.2246279988467,
    470.25189399937517,
    483.3926560004329,
    481.99185299927194
  ],
  "baseline_trimmed_mean_ms": 486.5363789995172,
  "baseline_row_count": 100,
  "workers": [
    {
      "worker_id": 6,
      "times_ms": [
        515.1087260001077,
        501.4080330001889,
        534.4989860004716,
        563.8311760012584,
        588.7365119997412
      ],
      "trimmed_mean_ms": 537.8129626672793,
      "speedup": 0.9046572187225531,
      "row_count": 100,
      "rows_match": true,
      "status": "pass",
      "error": ""
    }
  ],
  "best_worker_id": 6,
  "best_speedup": 0.9046572187225531,
  "exited": false
}