{
  "query_id": "query_88",
  "baseline_times_ms": [
    1403.2012959996791,
    1426.777802000288,
    1476.9440329991994,
    1396.4441079997414,
    1416.94863200064
  ],
  "baseline_trimmed_mean_ms": 1415.642576666869,
  "baseline_row_count": 1,
  "workers": [
    {
      "worker_id": 1,
      "times_ms": [
        269.1746629998306,
        268.2691709997016,
        279.6101310004815,
        268.54209499924764,
        264.47250399996847
      ],
      "trimmed_mean_ms": 268.6619763329266,
      "speedup": 5.269233093530888,
      "row_count": 1,
      "rows_match": true,
      "status": "pass",
      "error": ""
    },
    {
      "worker_id": 2,
      "times_ms": [
        231.79445000005217,
        226.041179999811,
        222.30758300065645,
        236.77133599994704,
        223.04674600036378
      ],
      "trimmed_mean_ms": 226.96079200007566,
      "speedup": 6.2373882475101565,
      "row_count": 1,
      "rows_match": true,
      "status": "pass",
      "error": ""
    },
    {
      "worker_id": 3,
      "times_ms": [
        225.27854000054504,
        240.14126600013697,
        266.2699769998653,
        231.02381200078526,
        254.39085099969816
      ],
      "trimmed_mean_ms": 241.85197633354014,
      "speedup": 5.853343016368592,
      "row_count": 1,
      "rows_match": true,
      "status": "pass",
      "error": ""
    },
    {
      "worker_id": 4,
      "times_ms": [
        232.48439000053622,
        218.4068689994092,
        235.57077100031165,
        227.63569800008554,
        235.9570700000404
      ],
      "trimmed_mean_ms": 231.89695300031113,
      "speedup": 6.104619135142192,
      "row_count": 1,
      "rows_match": true,
      "status": "pass",
      "error": ""
    }
  ],
  "best_worker_id": 2,
  "best_speedup": 6.2373882475101565,
  "exited": true
}