{
  "query_id": "query100_agg",
  "baseline_times_ms": [
    19108.682930000214,
    19784.937288997753,
    19786.617744000978,
    19785.057678996964,
    19690.771038000094
  ],
  "baseline_trimmed_mean_ms": 19753.588668664936,
  "baseline_row_count": 111,
  "workers": [
    {
      "worker_id": 5,
      "times_ms": [
        25643.585903999337,
        26012.087184997654,
        26118.39336799676,
        25793.68032400089,
        25188.428534002014
      ],
      "trimmed_mean_ms": 25816.45113766596,
      "speedup": 0.7651550774089407,
      "row_count": 109,
      "rows_match": false,
      "status": "fail",
      "error": ""
    }
  ],
  "best_worker_id": 0,
  "best_speedup": 0.0,
  "exited": false
}