{
  "query_id": "query_48",
  "baseline_times_ms": [
    656.0035910006263,
    635.1126070003374,
    649.7091279998131,
    694.0402780001023,
    663.1336040009046
  ],
  "baseline_trimmed_mean_ms": 656.2821076671147,
  "baseline_row_count": 1,
  "workers": [
    {
      "worker_id": 6,
      "times_ms": [
        1239.452120000351,
        1164.9398159988777,
        1262.3997350001446,
        1252.0520449998003,
        1171.937926001192
      ],
      "trimmed_mean_ms": 1221.1473636671144,
      "speedup": 0.537430720643162,
      "row_count": 1,
      "rows_match": true,
      "status": "pass",
      "error": ""
    }
  ],
  "best_worker_id": 6,
  "best_speedup": 0.537430720643162,
  "exited": false
}