{
  "source": "swarm2_w2",
  "original_path": "/mnt/c/Users/jakc9/Documents/QueryTorque_V8/packages/qt-sql/qt_sql/benchmarks/postgres_dsb/queries/query025_agg.sql",
  "optimized_path": "/mnt/c/Users/jakc9/Documents/QueryTorque_V8/packages/qt-sql/qt_sql/benchmarks/postgres_dsb/swarm_batch_20260208_142643/query025_agg/worker_2_sql.sql",
  "validation": {
    "query_id": "query025_agg",
    "status": "NEUTRAL",
    "best_speedup": 1.0,
    "best_worker": 1,
    "best_iteration": 0
  },
  "benchmark_iters": {
    "benchmark_iter0": {
      "query_id": "query025_agg",
      "baseline_times_ms": [
        4428.372580001451,
        1976.3376650007558,
        1858.0037329993502,
        1908.1512600023416,
        1929.1700269968715
      ],
      "baseline_trimmed_mean_ms": 1937.886317333323,
      "baseline_row_count": 0,
      "workers": [
        {
          "worker_id": 1,
          "times_ms": [
            1945.7932639998035,
            1912.787542998558,
            1937.2600660026364,
            1952.4918309980421,
            4640.623369003151
          ],
          "trimmed_mean_ms": 1945.181720333494,
          "speedup": 0.9962495005356516,
          "row_count": 0,
          "rows_match": true,
          "status": "pass",
          "error": ""
        },
        {
          "worker_id": 2,
          "times_ms": [
            4960.461932998442,
            4744.675849000487,
            1899.6071360015776,
            1788.385369000025,
            1864.6401620026154
          ],
          "trimmed_mean_ms": 2836.3077156682266,
          "speedup": 0.6832426209004484,
          "row_count": 0,
          "rows_match": true,
          "status": "pass",
          "error": ""
        },
        {
          "worker_id": 3,
          "times_ms": [
            4697.085928000888,
            2421.11087900048,
            2350.087840000924,
            2380.1860320018022,
            2376.894770000945
          ],
          "trimmed_mean_ms": 2392.730560334409,
          "speedup": 0.809905782731543,
          "row_count": 0,
          "rows_match": true,
          "status": "pass",
          "error": ""
        },
        {
          "worker_id": 4,
          "times_ms": [
            4054.250272001809,
            4083.0763319972903,
            4153.344391997962,
            4167.042462002428,
            4045.7831579988124
          ],
          "trimmed_mean_ms": 4096.89033199902,
          "speedup": 0.47301395944073477,
          "row_count": 0,
          "rows_match": true,
          "status": "pass",
          "error": ""
        }
      ],
      "best_worker_id": 1,
      "best_speedup": 0.9962495005356516,
      "exited": false
    },
    "benchmark_iter1": {
      "query_id": "query025_agg",
      "baseline_times_ms": [
        4098.392166000849,
        1967.1620929984783,
        1868.134681997617,
        1893.2574180034862,
        1891.7525309989287
      ],
      "baseline_trimmed_mean_ms": 1917.3906806669645,
      "baseline_row_count": 0,
      "workers": [
        {
          "worker_id": 5,
          "times_ms": [
            4677.72406199947,
            2413.7020239977574,
            2050.5145009992702,
            2391.657528001815,
            3546.1717040016083
          ],
          "trimmed_mean_ms": 2783.8437520003936,
          "speedup": 0.6887565723791719,
          "row_count": 0,
          "rows_match": true,
          "status": "pass",
          "error": ""
        }
      ],
      "best_worker_id": 5,
      "best_speedup": 0.6887565723791719,
      "exited": false
    },
    "benchmark_iter2": {
      "query_id": "query025_agg",
      "baseline_times_ms": [
        2994.836349000252,
        2178.2793090023915,
        2226.3326109969057,
        2237.543751998601,
        2232.5172669989115
      ],
      "baseline_trimmed_mean_ms": 2232.131209998139,
      "baseline_row_count": 0,
      "workers": [
        {
          "worker_id": 6,
          "times_ms": [
            12616.926206999779,
            13150.90405400042,
            18049.674969999614,
            12925.707189002424,
            13327.102621999074
          ],
          "trimmed_mean_ms": 13134.571288333973,
          "speedup": 0.16994321025009027,
          "row_count": 0,
          "rows_match": true,
          "status": "pass",
          "error": ""
        }
      ],
      "best_worker_id": 6,
      "best_speedup": 0.16994321025009027,
      "exited": false
    }
  }
}