{
  "source": "swarm_w3",
  "original_path": "/mnt/c/Users/jakc9/Documents/QueryTorque_V8/packages/qt-sql/qt_sql/benchmarks/duckdb_tpcds/queries/query_19.sql",
  "optimized_path": "/mnt/c/Users/jakc9/Documents/QueryTorque_V8/packages/qt-sql/qt_sql/benchmarks/duckdb_tpcds/swarm_batch_20260208_102033/query_19/worker_3_sql.sql",
  "benchmark_iters": {
    "benchmark_iter0": {
      "query_id": "query_19",
      "baseline_times_ms": [
        759.2304529998728,
        343.86940299918933,
        366.2353769996116,
        323.35995199991885,
        333.4446160006337
      ],
      "baseline_trimmed_mean_ms": 347.8497986664782,
      "baseline_row_count": 100,
      "workers": [
        {
          "worker_id": 1,
          "times_ms": [
            302.129015999526,
            335.5447270005243,
            302.6867879998463,
            339.59274999961053,
            330.8702269996502
          ],
          "trimmed_mean_ms": 323.0339140000069,
          "speedup": 1.076821298293995,
          "row_count": 100,
          "rows_match": true,
          "status": "pass",
          "error": ""
        },
        {
          "worker_id": 2,
          "times_ms": [
            312.6500759999544,
            327.060153000275,
            322.81472599970584,
            361.0051639998346,
            351.0487330004253
          ],
          "trimmed_mean_ms": 333.64120400013536,
          "speedup": 1.0425864506421607,
          "row_count": 100,
          "rows_match": true,
          "status": "pass",
          "error": ""
        },
        {
          "worker_id": 3,
          "times_ms": [
            345.37900499981333,
            341.11171799941076,
            297.71368199999415,
            355.28478200012614,
            294.24836599991977
          ],
          "trimmed_mean_ms": 328.0681349997394,
          "speedup": 1.0602974247003736,
          "row_count": 100,
          "rows_match": true,
          "status": "pass",
          "error": ""
        },
        {
          "worker_id": 4,
          "times_ms": [
            627.7227270002186,
            630.6044379998639,
            593.3945090000634,
            604.5532650005043,
            588.6668460007058
          ],
          "trimmed_mean_ms": 608.5568336669288,
          "speedup": 0.5715978844087075,
          "row_count": 100,
          "rows_match": true,
          "status": "pass",
          "error": ""
        }
      ],
      "best_worker_id": 1,
      "best_speedup": 1.076821298293995,
      "exited": false
    },
    "benchmark_iter1": {
      "query_id": "query_19",
      "baseline_times_ms": [
        511.86995599982765,
        273.94308200018713,
        265.6871789995421,
        268.4104190002472,
        251.51463200018043
      ],
      "baseline_trimmed_mean_ms": 269.34689333332545,
      "baseline_row_count": 100,
      "workers": [
        {
          "worker_id": 5,
          "times_ms": [
            262.79212400004326,
            268.21448099963163,
            277.49996300008206,
            285.3725229997508,
            289.1505640000105
          ],
          "trimmed_mean_ms": 277.0289889998215,
          "speedup": 0.972269704718516,
          "row_count": 100,
          "rows_match": true,
          "status": "pass",
          "error": ""
        }
      ],
      "best_worker_id": 5,
      "best_speedup": 0.972269704718516,
      "exited": false
    },
    "benchmark_iter2": {
      "query_id": "query_19",
      "baseline_times_ms": [
        279.6941249998781,
        287.90556399872,
        294.4559389998176,
        267.8978099993401,
        285.13068800020847
      ],
      "baseline_trimmed_mean_ms": 284.2434589996022,
      "baseline_row_count": 100,
      "workers": [
        {
          "worker_id": 6,
          "times_ms": [
            288.923046000491,
            261.88059100059036,
            304.53873299848055,
            300.53431700071087,
            303.41589800082147
          ],
          "trimmed_mean_ms": 297.62442033400777,
          "speedup": 0.9550407815346978,
          "row_count": 100,
          "rows_match": true,
          "status": "pass",
          "error": ""
        }
      ],
      "best_worker_id": 6,
      "best_speedup": 0.9550407815346978,
      "exited": false
    }
  }
}