{
  "query_id": "query_94",
  "baseline_times_ms": [
    144.4418789997144,
    85.75645299970347,
    90.07579299941426,
    88.27502199983428,
    81.66804699976637
  ],
  "baseline_trimmed_mean_ms": 88.03575599965068,
  "baseline_row_count": 1,
  "workers": [
    {
      "worker_id": 1,
      "times_ms": [
        95.48754100069345,
        86.89049099939439,
        82.03976899949339,
        82.6544740002646,
        85.2283170006558
      ],
      "trimmed_mean_ms": 84.92442733343826,
      "speedup": 1.0366364397606878,
      "row_count": 1,
      "rows_match": true,
      "status": "pass",
      "error": ""
    },
    {
      "worker_id": 2,
      "times_ms": [
        88.95945499989466,
        99.06048099946929,
        104.44264000034309,
        94.78641400073684,
        93.63884400045208
      ],
      "trimmed_mean_ms": 95.82857966688607,
      "speedup": 0.9186795453472819,
      "row_count": 1,
      "rows_match": true,
      "status": "pass",
      "error": ""
    },
    {
      "worker_id": 3,
      "times_ms": [
        84.74932800072565,
        90.10718099943915,
        88.33821400003217,
        90.07105399996362,
        84.46970400018472
      ],
      "trimmed_mean_ms": 87.71953200024048,
      "speedup": 1.0036049439868115,
      "row_count": 1,
      "rows_match": true,
      "status": "pass",
      "error": ""
    },
    {
      "worker_id": 4,
      "times_ms": [
        264.2049390005923,
        241.12265199983085,
        239.28514899944275,
        240.08128799960105,
        209.28301399999327
      ],
      "trimmed_mean_ms": 240.16302966629155,
      "speedup": 0.3665666448411192,
      "row_count": 1,
      "rows_match": true,
      "status": "pass",
      "error": ""
    }
  ],
  "best_worker_id": 1,
  "best_speedup": 1.0366364397606878,
  "exited": false
}