{
  "source": "swarm_w3",
  "original_path": "/mnt/c/Users/jakc9/Documents/QueryTorque_V8/packages/qt-sql/qt_sql/benchmarks/duckdb_tpcds/queries/query_79.sql",
  "optimized_path": "/mnt/c/Users/jakc9/Documents/QueryTorque_V8/packages/qt-sql/qt_sql/benchmarks/duckdb_tpcds/swarm_batch_20260208_102033/query_79/worker_3_sql.sql",
  "benchmark_iters": {
    "benchmark_iter0": {
      "query_id": "query_79",
      "baseline_times_ms": [
        827.447406999454,
        632.704007999564,
        610.045278999678,
        635.7107570001972,
        611.564025000007
      ],
      "baseline_trimmed_mean_ms": 626.6595966665894,
      "baseline_row_count": 100,
      "workers": [
        {
          "worker_id": 1,
          "times_ms": [
            567.5307280007473,
            603.3714850000251,
            553.4204860005048,
            556.2109269994835,
            560.9979370001383
          ],
          "trimmed_mean_ms": 561.579864000123,
          "speedup": 1.1158868699509712,
          "row_count": 100,
          "rows_match": true,
          "status": "pass",
          "error": ""
        },
        {
          "worker_id": 2,
          "times_ms": [
            584.7468830006619,
            535.2502910000112,
            574.4979370001602,
            556.3217469998563,
            570.1072889996794
          ],
          "trimmed_mean_ms": 566.9756576665653,
          "speedup": 1.1052671983232194,
          "row_count": 100,
          "rows_match": true,
          "status": "pass",
          "error": ""
        },
        {
          "worker_id": 3,
          "times_ms": [
            547.622740999941,
            552.7976200000921,
            582.571812000424,
            581.675092000296,
            602.3510819995863
          ],
          "trimmed_mean_ms": 572.3481746669373,
          "speedup": 1.0948922778189294,
          "row_count": 100,
          "rows_match": true,
          "status": "pass",
          "error": ""
        },
        {
          "worker_id": 4,
          "times_ms": [
            558.8464740003474,
            598.5720170001514,
            546.9969879995915,
            554.3830979995619,
            541.519430000335
          ],
          "trimmed_mean_ms": 553.4088533331669,
          "speedup": 1.1323627963163856,
          "row_count": 100,
          "rows_match": true,
          "status": "pass",
          "error": ""
        }
      ],
      "best_worker_id": 4,
      "best_speedup": 1.1323627963163856,
      "exited": false
    },
    "benchmark_iter1": {
      "query_id": "query_79",
      "baseline_times_ms": [
        787.4201030008408,
        601.3028189991019,
        637.2092509991489,
        667.0114349999494,
        576.8351389997406
      ],
      "baseline_trimmed_mean_ms": 635.1745016660667,
      "baseline_row_count": 100,
      "workers": [
        {
          "worker_id": 5,
          "times_ms": [
            604.3273859995679,
            575.4436990009708,
            603.9912370015372,
            598.3611310002743,
            577.3811349990865
          ],
          "trimmed_mean_ms": 593.2445010002994,
          "speedup": 1.0706791223434302,
          "row_count": 100,
          "rows_match": true,
          "status": "pass",
          "error": ""
        }
      ],
      "best_worker_id": 5,
      "best_speedup": 1.0706791223434302,
      "exited": false
    },
    "benchmark_iter2": {
      "query_id": "query_79",
      "baseline_times_ms": [
        596.1097300005349,
        591.3685220002662,
        559.0280070009612,
        580.9294680002495,
        625.380169998607
      ],
      "baseline_trimmed_mean_ms": 589.4692400003502,
      "baseline_row_count": 100,
      "workers": [
        {
          "worker_id": 6,
          "times_ms": [
            517.5097890005418,
            485.38299199935864,
            481.21218499909446,
            497.7241779997712,
            546.2886780005647
          ],
          "trimmed_mean_ms": 500.20565299989056,
          "speedup": 1.1784537748926223,
          "row_count": 100,
          "rows_match": true,
          "status": "pass",
          "error": ""
        }
      ],
      "best_worker_id": 6,
      "best_speedup": 1.1784537748926223,
      "exited": false
    }
  }
}