{
  "query_id": "query091_spj_spj",
  "baseline_times_ms": [
    853.5684279995621,
    891.7766110025696,
    853.0690879997564,
    876.6603570002189,
    845.1541540016478
  ],
  "baseline_trimmed_mean_ms": 861.0992909998458,
  "baseline_row_count": 1,
  "workers": [
    {
      "worker_id": 1,
      "times_ms": [
        853.476522002893,
        829.3096369998239,
        812.1252250020916,
        818.0427430015698,
        845.0148640004045
      ],
      "trimmed_mean_ms": 830.7890813339327,
      "speedup": 1.036483639887571,
      "row_count": 1,
      "rows_match": true,
      "status": "pass",
      "error": ""
    },
    {
      "worker_id": 2,
      "times_ms": [
        818.0635179996898,
        825.3064729979087,
        817.5180870020995,
        809.7763629994006,
        812.5583580003877
      ],
      "trimmed_mean_ms": 816.046654334059,
      "speedup": 1.0552084080322006,
      "row_count": 1,
      "rows_match": true,
      "status": "pass",
      "error": ""
    },
    {
      "worker_id": 3,
      "times_ms": [
        1562.4889089995122,
        1470.0835179974092,
        1458.1627609986754,
        1498.093701000471,
        1482.8242280018458
      ],
      "trimmed_mean_ms": 1483.6671489999087,
      "speedup": 0.5803857634647263,
      "row_count": 1,
      "rows_match": true,
      "status": "pass",
      "error": ""
    },
    {
      "worker_id": 4,
      "times_ms": [
        1999.2840300001262,
        1923.0693240024266,
        1849.510680000094,
        1949.547292002535,
        1863.4212239994667
      ],
      "trimmed_mean_ms": 1912.0126133348094,
      "speedup": 0.4503627669578873,
      "row_count": 1,
      "rows_match": true,
      "status": "pass",
      "error": ""
    }
  ],
  "best_worker_id": 2,
  "best_speedup": 1.0552084080322006,
  "exited": false
}