{
  "query_id": "query091_spj_spj",
  "baseline_times_ms": [
    1164.4072880008025,
    1162.3438349997741,
    1162.8107399992587,
    1086.2719579999975,
    1159.7633650017087
  ],
  "baseline_trimmed_mean_ms": 1161.6393133335805,
  "baseline_row_count": 1,
  "workers": [
    {
      "worker_id": 6,
      "times_ms": [
        2448.3340450024116,
        2581.622626999888,
        2493.836581998039,
        2603.2937380005023,
        2637.7990569999383
      ],
      "trimmed_mean_ms": 2559.584315666143,
      "speedup": 0.45383904965492755,
      "row_count": 1,
      "rows_match": true,
      "status": "pass",
      "error": ""
    }
  ],
  "best_worker_id": 6,
  "best_speedup": 0.45383904965492755,
  "exited": false
}