{
  "query_id": "query_10",
  "baseline_times_ms": [
    836.1508190000677,
    207.31359399997018,
    217.58275799948024,
    226.98302299977513,
    233.42848399988725
  ],
  "baseline_trimmed_mean_ms": 225.99808833304755,
  "baseline_row_count": 75,
  "workers": [
    {
      "worker_id": 1,
      "times_ms": [
        226.62534499977482,
        247.78183899979922,
        203.76349900016066,
        194.228550999469,
        209.89061600084824
      ],
      "trimmed_mean_ms": 213.4264866669279,
      "speedup": 1.0589036621576347,
      "row_count": 75,
      "rows_match": true,
      "status": "pass",
      "error": ""
    },
    {
      "worker_id": 2,
      "times_ms": [
        203.70304099924397,
        203.4157990001404,
        193.53750600021158,
        204.11516000058327,
        209.94211499964877
      ],
      "trimmed_mean_ms": 203.7446666666559,
      "speedup": 1.1092221064259817,
      "row_count": 75,
      "rows_match": true,
      "status": "pass",
      "error": ""
    },
    {
      "worker_id": 3,
      "times_ms": [],
      "trimmed_mean_ms": 0,
      "speedup": 0,
      "row_count": 0,
      "rows_match": false,
      "status": "error",
      "error": "Binder Error: Table \"cd\" does not have a column named \"cd_employed_count\"\n\nCandidate bindings: : \"cd_dep_count\"\n\nLINE 83:     cd.cd_employed_count,\n             ^"
    },
    {
      "worker_id": 4,
      "times_ms": [
        212.8508960004183,
        208.36615900043398,
        230.7050290000916,
        211.37374600039038,
        202.52310499927262
      ],
      "trimmed_mean_ms": 210.86360033374754,
      "speedup": 1.0717738290314007,
      "row_count": 75,
      "rows_match": true,
      "status": "pass",
      "error": ""
    }
  ],
  "best_worker_id": 2,
  "best_speedup": 1.1092221064259817,
  "exited": false
}