{
  "source": "swarm_w1",
  "original_path": "/mnt/c/Users/jakc9/Documents/QueryTorque_V8/packages/qt-sql/qt_sql/benchmarks/duckdb_tpcds/queries/query_20.sql",
  "optimized_path": "/mnt/c/Users/jakc9/Documents/QueryTorque_V8/packages/qt-sql/qt_sql/benchmarks/duckdb_tpcds/swarm_batch_20260208_102033/query_20/worker_1_sql.sql",
  "benchmark_iters": {
    "benchmark_iter0": {
      "query_id": "query_20",
      "baseline_times_ms": [
        47.61286499979178,
        39.33183699973597,
        37.53765500005102,
        41.36003100029484,
        32.92630000032659
      ],
      "baseline_trimmed_mean_ms": 39.40984100002728,
      "baseline_row_count": 100,
      "workers": [
        {
          "worker_id": 1,
          "times_ms": [
            40.02769799990347,
            36.28386199943634,
            43.65002399936202,
            40.33516600065923,
            37.61017799934052
          ],
          "trimmed_mean_ms": 39.32434733330107,
          "speedup": 1.002174064479738,
          "row_count": 100,
          "rows_match": true,
          "status": "pass",
          "error": ""
        },
        {
          "worker_id": 2,
          "times_ms": [
            37.8216209992388,
            36.354144000142696,
            36.56846299963945,
            38.303274999634596,
            40.87610599981417
          ],
          "trimmed_mean_ms": 37.56445299950428,
          "speedup": 1.0491259116843081,
          "row_count": 100,
          "rows_match": true,
          "status": "pass",
          "error": ""
        },
        {
          "worker_id": 3,
          "times_ms": [
            44.75186699983169,
            43.779036999694654,
            37.82866500023374,
            35.77343300003122,
            37.989346999893314
          ],
          "trimmed_mean_ms": 39.86568299994057,
          "speedup": 0.9885655539900328,
          "row_count": 100,
          "rows_match": true,
          "status": "pass",
          "error": ""
        },
        {
          "worker_id": 4,
          "times_ms": [
            39.16871099954733,
            34.64364200044656,
            39.03307899963693,
            36.86478100007662,
            34.73058200052037
          ],
          "trimmed_mean_ms": 36.8761473334113,
          "speedup": 1.0687081989262024,
          "row_count": 100,
          "rows_match": true,
          "status": "pass",
          "error": ""
        }
      ],
      "best_worker_id": 4,
      "best_speedup": 1.0687081989262024,
      "exited": false
    },
    "benchmark_iter1": {
      "query_id": "query_20",
      "baseline_times_ms": [
        49.92282400053227,
        43.75544300000911,
        37.170171000070695,
        35.12391500044032,
        40.25186400031089
      ],
      "baseline_trimmed_mean_ms": 40.3924926667969,
      "baseline_row_count": 100,
      "workers": [
        {
          "worker_id": 5,
          "times_ms": [
            44.80063499977405,
            46.63924800024688,
            39.803613999538356,
            35.47422399969946,
            34.97491699999955
          ],
          "trimmed_mean_ms": 40.02615766633729,
          "speedup": 1.009152389882472,
          "row_count": 100,
          "rows_match": true,
          "status": "pass",
          "error": ""
        }
      ],
      "best_worker_id": 5,
      "best_speedup": 1.009152389882472,
      "exited": false
    },
    "benchmark_iter2": {
      "query_id": "query_20",
      "baseline_times_ms": [
        46.10009899988654,
        34.844128000258934,
        36.39539399955538,
        34.468455998649006,
        39.56777100029285
      ],
      "baseline_trimmed_mean_ms": 36.93576433336906,
      "baseline_row_count": 100,
      "workers": [
        {
          "worker_id": 6,
          "times_ms": [
            55.70229200020549,
            47.915664999891305,
            50.37173299933784,
            54.029860999435186,
            52.574176999769406
          ],
          "trimmed_mean_ms": 52.325256999514146,
          "speedup": 0.7058878723464658,
          "row_count": 100,
          "rows_match": true,
          "status": "pass",
          "error": ""
        }
      ],
      "best_worker_id": 6,
      "best_speedup": 0.7058878723464658,
      "exited": false
    }
  }
}