{
  "source": "swarm_w4",
  "original_path": "/mnt/c/Users/jakc9/Documents/QueryTorque_V8/packages/qt-sql/qt_sql/benchmarks/duckdb_tpcds/queries/query_53.sql",
  "optimized_path": "/mnt/c/Users/jakc9/Documents/QueryTorque_V8/packages/qt-sql/qt_sql/benchmarks/duckdb_tpcds/swarm_batch_20260208_102033/query_53/worker_4_sql.sql",
  "benchmark_iters": {
    "benchmark_iter0": {
      "query_id": "query_53",
      "baseline_times_ms": [
        311.71201600045606,
        323.234679000052,
        345.691053000337,
        354.83673799990356,
        334.41766099986125
      ],
      "baseline_trimmed_mean_ms": 334.4477976667501,
      "baseline_row_count": 100,
      "workers": [
        {
          "worker_id": 1,
          "times_ms": [
            372.4987690002308,
            336.27050499944744,
            350.48458599976584,
            381.09198300026037,
            377.47796699932223
          ],
          "trimmed_mean_ms": 366.82044066643965,
          "speedup": 0.9117479850880859,
          "row_count": 100,
          "rows_match": true,
          "status": "pass",
          "error": ""
        },
        {
          "worker_id": 2,
          "times_ms": [
            383.49431100050424,
            299.30259799948544,
            322.2745050006779,
            328.03058399986185,
            299.18739599997934
          ],
          "trimmed_mean_ms": 316.53589566667506,
          "speedup": 1.0565872693912004,
          "row_count": 100,
          "rows_match": true,
          "status": "pass",
          "error": ""
        },
        {
          "worker_id": 3,
          "times_ms": [
            304.70162500023434,
            284.52077099973394,
            278.07008899981156,
            287.26649600048404,
            259.4999849998203
          ],
          "trimmed_mean_ms": 283.2857853333432,
          "speedup": 1.1806021162452764,
          "row_count": 100,
          "rows_match": true,
          "status": "pass",
          "error": ""
        },
        {
          "worker_id": 4,
          "times_ms": [
            503.4718030001386,
            474.7447939998892,
            518.9422250005009,
            483.71950999990077,
            494.648474999849
          ],
          "trimmed_mean_ms": 493.94659599996277,
          "speedup": 0.6770930306538144,
          "row_count": 100,
          "rows_match": true,
          "status": "pass",
          "error": ""
        }
      ],
      "best_worker_id": 3,
      "best_speedup": 1.1806021162452764,
      "exited": false
    },
    "benchmark_iter1": {
      "query_id": "query_53",
      "baseline_times_ms": [
        375.5172780001885,
        370.8285130014701,
        381.10140500066336,
        340.99126100045396,
        374.79201900168846
      ],
      "baseline_trimmed_mean_ms": 373.71260333444906,
      "baseline_row_count": 100,
      "workers": [
        {
          "worker_id": 5,
          "times_ms": [
            380.55438799892727,
            349.4998390015098,
            345.53273699930287,
            376.29593500059855,
            354.86908799975936
          ],
          "trimmed_mean_ms": 360.22162066728924,
          "speedup": 1.0374518959805037,
          "row_count": 100,
          "rows_match": true,
          "status": "pass",
          "error": ""
        }
      ],
      "best_worker_id": 5,
      "best_speedup": 1.0374518959805037,
      "exited": false
    },
    "benchmark_iter2": {
      "query_id": "query_53",
      "baseline_times_ms": [
        277.2127360003651,
        228.67111999948975,
        231.326151999383,
        226.9219379995775,
        248.74157100020966
      ],
      "baseline_trimmed_mean_ms": 236.24628099969414,
      "baseline_row_count": 100,
      "workers": [
        {
          "worker_id": 6,
          "times_ms": [
            204.9578770001972,
            191.31299300170213,
            201.0009360001277,
            193.99550699927204,
            192.86524900053337
          ],
          "trimmed_mean_ms": 195.95389733331103,
          "speedup": 1.2056217519258987,
          "row_count": 100,
          "rows_match": true,
          "status": "pass",
          "error": ""
        }
      ],
      "best_worker_id": 6,
      "best_speedup": 1.2056217519258987,
      "exited": false
    }
  }
}