{
  "query_id": "query_73",
  "baseline_times_ms": [
    296.8170509993797,
    310.87874900003953,
    300.99555399920064,
    330.5648209998253,
    330.9912249997069
  ],
  "baseline_trimmed_mean_ms": 314.14637466635514,
  "baseline_row_count": 15,
  "workers": [
    {
      "worker_id": 1,
      "times_ms": [
        298.2539579998047,
        296.4161760000934,
        298.794982999425,
        339.44131699990976,
        330.55683599923213
      ],
      "trimmed_mean_ms": 309.20192566615395,
      "speedup": 1.015991003256363,
      "row_count": 15,
      "rows_match": true,
      "status": "pass",
      "error": ""
    },
    {
      "worker_id": 2,
      "times_ms": [
        286.81287499966857,
        304.5304750003197,
        317.8206160000627,
        290.01312099990173,
        296.3388429998304
      ],
      "trimmed_mean_ms": 296.96081300001725,
      "speedup": 1.057871479717214,
      "row_count": 15,
      "rows_match": true,
      "status": "pass",
      "error": ""
    },
    {
      "worker_id": 3,
      "times_ms": [
        329.6698340000148,
        288.9101959999607,
        308.4898480001357,
        280.74525500051095,
        292.2257680002076
      ],
      "trimmed_mean_ms": 296.54193733343465,
      "speedup": 1.0593657594983805,
      "row_count": 15,
      "rows_match": true,
      "status": "pass",
      "error": ""
    },
    {
      "worker_id": 4,
      "times_ms": [
        281.3190789993314,
        291.5336550004213,
        291.4989199998672,
        299.35143000056996,
        306.3643839996075
      ],
      "trimmed_mean_ms": 294.1280016669528,
      "speedup": 1.0680600720976903,
      "row_count": 15,
      "rows_match": true,
      "status": "pass",
      "error": ""
    }
  ],
  "best_worker_id": 4,
  "best_speedup": 1.0680600720976903,
  "exited": false
}