{
  "query_id": "query_73",
  "baseline_times_ms": [
    453.72337700064236,
    419.36505299963756,
    320.4021980000107,
    303.63223899985314,
    304.82717999984743
  ],
  "baseline_trimmed_mean_ms": 348.19814366649854,
  "baseline_row_count": 15,
  "workers": [
    {
      "worker_id": 5,
      "times_ms": [
        316.9052639987058,
        318.5190380008862,
        306.1789330004103,
        304.3304429993441,
        309.7296659998392
      ],
      "trimmed_mean_ms": 310.9379543329851,
      "speedup": 1.1198315895962039,
      "row_count": 15,
      "rows_match": true,
      "status": "pass",
      "error": ""
    }
  ],
  "best_worker_id": 5,
  "best_speedup": 1.1198315895962039,
  "exited": false
}