{
  "query_id": "query_14",
  "baseline_times_ms": [
    6845.259491999968,
    5257.181436998508,
    5392.573998000444,
    5188.433973999054,
    5219.564249999166
  ],
  "baseline_trimmed_mean_ms": 5289.773228332706,
  "baseline_row_count": 100,
  "workers": [
    {
      "worker_id": 6,
      "times_ms": [
        2208.5028530000272,
        2230.7532469985745,
        2188.2533529987995,
        2142.3196349987847,
        2229.6132810006384
      ],
      "trimmed_mean_ms": 2208.7898289998216,
      "speedup": 2.3948739526422065,
      "row_count": 100,
      "rows_match": true,
      "status": "pass",
      "error": ""
    }
  ],
  "best_worker_id": 6,
  "best_speedup": 2.3948739526422065,
  "exited": true
}