{
  "query_id": "query_19",
  "baseline_times_ms": [
    511.86995599982765,
    273.94308200018713,
    265.6871789995421,
    268.4104190002472,
    251.51463200018043
  ],
  "baseline_trimmed_mean_ms": 269.34689333332545,
  "baseline_row_count": 100,
  "workers": [
    {
      "worker_id": 5,
      "times_ms": [
        262.79212400004326,
        268.21448099963163,
        277.49996300008206,
        285.3725229997508,
        289.1505640000105
      ],
      "trimmed_mean_ms": 277.0289889998215,
      "speedup": 0.972269704718516,
      "row_count": 100,
      "rows_match": true,
      "status": "pass",
      "error": ""
    }
  ],
  "best_worker_id": 5,
  "best_speedup": 0.972269704718516,
  "exited": false
}