{
  "query_id": "query_19",
  "baseline_times_ms": [
    759.2304529998728,
    343.86940299918933,
    366.2353769996116,
    323.35995199991885,
    333.4446160006337
  ],
  "baseline_trimmed_mean_ms": 347.8497986664782,
  "baseline_row_count": 100,
  "workers": [
    {
      "worker_id": 1,
      "times_ms": [
        302.129015999526,
        335.5447270005243,
        302.6867879998463,
        339.59274999961053,
        330.8702269996502
      ],
      "trimmed_mean_ms": 323.0339140000069,
      "speedup": 1.076821298293995,
      "row_count": 100,
      "rows_match": true,
      "status": "pass",
      "error": ""
    },
    {
      "worker_id": 2,
      "times_ms": [
        312.6500759999544,
        327.060153000275,
        322.81472599970584,
        361.0051639998346,
        351.0487330004253
      ],
      "trimmed_mean_ms": 333.64120400013536,
      "speedup": 1.0425864506421607,
      "row_count": 100,
      "rows_match": true,
      "status": "pass",
      "error": ""
    },
    {
      "worker_id": 3,
      "times_ms": [
        345.37900499981333,
        341.11171799941076,
        297.71368199999415,
        355.28478200012614,
        294.24836599991977
      ],
      "trimmed_mean_ms": 328.0681349997394,
      "speedup": 1.0602974247003736,
      "row_count": 100,
      "rows_match": true,
      "status": "pass",
      "error": ""
    },
    {
      "worker_id": 4,
      "times_ms": [
        627.7227270002186,
        630.6044379998639,
        593.3945090000634,
        604.5532650005043,
        588.6668460007058
      ],
      "trimmed_mean_ms": 608.5568336669288,
      "speedup": 0.5715978844087075,
      "row_count": 100,
      "rows_match": true,
      "status": "pass",
      "error": ""
    }
  ],
  "best_worker_id": 1,
  "best_speedup": 1.076821298293995,
  "exited": false
}