{
  "query_id": "query085_agg",
  "baseline_times_ms": [
    1917.9423739988124,
    1377.7137319993926,
    1462.1599609999976,
    1386.1110260004352,
    1387.6684540009592
  ],
  "baseline_trimmed_mean_ms": 1411.9798136671307,
  "baseline_row_count": 20,
  "workers": [
    {
      "worker_id": 1,
      "times_ms": [],
      "trimmed_mean_ms": 0,
      "speedup": 0,
      "row_count": 0,
      "rows_match": false,
      "status": "error",
      "error": "column \"ca_state\" does not exist\nLINE 48:     (ca_state IN ('IA', 'PA', 'TX') AND ws_net_profit BETWEE...\n              ^\n"
    },
    {
      "worker_id": 2,
      "times_ms": [],
      "trimmed_mean_ms": 0,
      "speedup": 0,
      "row_count": 0,
      "rows_match": false,
      "status": "error",
      "error": "column \"ca_state\" does not exist\nLINE 50:         ca_state IN ('IA', 'PA', 'TX')\n                 ^\n"
    },
    {
      "worker_id": 3,
      "times_ms": [
        5358.839476000867,
        4601.142464998702,
        4377.1376609984145,
        4378.95221099825,
        4384.888641001453
      ],
      "trimmed_mean_ms": 4454.994438999468,
      "speedup": 0.31694311474477227,
      "row_count": 20,
      "rows_match": true,
      "status": "pass",
      "error": ""
    },
    {
      "worker_id": 4,
      "times_ms": [
        29670.189160999143,
        30367.17258600038,
        30400.42738900229,
        30673.17919800189,
        29935.50598600268
      ],
      "trimmed_mean_ms": 30234.36865366845,
      "speedup": 0.0467011509266561,
      "row_count": 20,
      "rows_match": true,
      "status": "pass",
      "error": ""
    }
  ],
  "best_worker_id": 3,
  "best_speedup": 0.31694311474477227,
  "exited": false
}