{
  "query_id": "query085_agg",
  "baseline_times_ms": [
    1738.4247970003344,
    1571.5045469987672,
    1588.0075900022348,
    1660.9474979995866,
    1582.6617429993348
  ],
  "baseline_trimmed_mean_ms": 1610.538943667052,
  "baseline_row_count": 20,
  "workers": [
    {
      "worker_id": 6,
      "times_ms": [
        1857.2502120005083,
        1759.0861749995383,
        1828.45259700116,
        1831.4381729978777,
        1838.325523000094
      ],
      "trimmed_mean_ms": 1832.738764333044,
      "speedup": 0.8787607786825783,
      "row_count": 20,
      "rows_match": true,
      "status": "pass",
      "error": ""
    }
  ],
  "best_worker_id": 6,
  "best_speedup": 0.8787607786825783,
  "exited": false
}