{
  "source": "swarm_w4",
  "original_path": "/mnt/c/Users/jakc9/Documents/QueryTorque_V8/packages/qt-sql/qt_sql/benchmarks/duckdb_tpcds/queries/query_15.sql",
  "optimized_path": "/mnt/c/Users/jakc9/Documents/QueryTorque_V8/packages/qt-sql/qt_sql/benchmarks/duckdb_tpcds/swarm_batch_20260208_102033/query_15/worker_4_sql.sql",
  "benchmark_iters": {
    "benchmark_iter0": {
      "query_id": "query_15",
      "baseline_times_ms": [
        132.17780499962828,
        92.543470000237,
        89.79112099950726,
        106.7082310000842,
        86.9265479996102
      ],
      "baseline_trimmed_mean_ms": 96.34760733327614,
      "baseline_row_count": 100,
      "workers": [
        {
          "worker_id": 1,
          "times_ms": [
            92.35595100017235,
            102.76979700029187,
            99.74608900029125,
            93.39762699983112,
            95.00482000021293
          ],
          "trimmed_mean_ms": 96.04951200011176,
          "speedup": 1.0031035590598736,
          "row_count": 100,
          "rows_match": true,
          "status": "pass",
          "error": ""
        },
        {
          "worker_id": 2,
          "times_ms": [
            87.25501700064342,
            108.7138450002385,
            104.82691200013505,
            95.00364799987437,
            86.35159300047235
          ],
          "trimmed_mean_ms": 95.69519233355095,
          "speedup": 1.006817636119599,
          "row_count": 100,
          "rows_match": true,
          "status": "pass",
          "error": ""
        },
        {
          "worker_id": 3,
          "times_ms": [],
          "trimmed_mean_ms": 0,
          "speedup": 0,
          "row_count": 0,
          "rows_match": false,
          "status": "error",
          "error": "Binder Error: Referenced column \"cs_bill_customer_sk\" not found in FROM clause!\nCandidate bindings: \"c_customer_sk\", \"cs_sales_price\", \"ca_address_sk\", \"ca_state\", \"ca_zip\"\n\nLINE 60:         WHERE fc.c_customer_sk = cs_bill_customer_sk\n                                          ^"
        },
        {
          "worker_id": 4,
          "times_ms": [
            73.7413850001758,
            67.8982220006219,
            73.56356299987965,
            77.90125100018486,
            80.33231099943805
          ],
          "trimmed_mean_ms": 75.0687330000801,
          "speedup": 1.283458551687203,
          "row_count": 100,
          "rows_match": true,
          "status": "pass",
          "error": ""
        }
      ],
      "best_worker_id": 4,
      "best_speedup": 1.283458551687203,
      "exited": false
    },
    "benchmark_iter1": {
      "query_id": "query_15",
      "baseline_times_ms": [
        123.88367299990932,
        84.38070099964534,
        94.9546490001012,
        94.21728899997106,
        87.20041200012929
      ],
      "baseline_trimmed_mean_ms": 92.12411666673385,
      "baseline_row_count": 100,
      "workers": [
        {
          "worker_id": 5,
          "times_ms": [
            63.23661400074343,
            41.077167999901576,
            44.82271899996704,
            39.69749000043521,
            43.81064700010029
          ],
          "trimmed_mean_ms": 43.2368446666563,
          "speedup": 2.1306854692331143,
          "row_count": 100,
          "rows_match": true,
          "status": "pass",
          "error": ""
        }
      ],
      "best_worker_id": 5,
      "best_speedup": 2.1306854692331143,
      "exited": true
    }
  }
}