{
  "query_id": "query_21",
  "baseline_times_ms": [
    141.28540000001522,
    57.28017199999158,
    65.30945599934057,
    54.93182000009256,
    63.69969600018521
  ],
  "baseline_trimmed_mean_ms": 62.09644133317246,
  "baseline_row_count": 100,
  "workers": [
    {
      "worker_id": 1,
      "times_ms": [
        61.46780699964438,
        60.370498999873234,
        56.858006999391364,
        60.77258899949811,
        63.561906999893836
      ],
      "trimmed_mean_ms": 60.870298333005245,
      "speedup": 1.0201435352503008,
      "row_count": 100,
      "rows_match": true,
      "status": "pass",
      "error": ""
    },
    {
      "worker_id": 2,
      "times_ms": [
        55.72964899965882,
        61.58002099982696,
        57.53676599942992,
        60.66896199990879,
        58.670689000791754
      ],
      "trimmed_mean_ms": 58.958805666710155,
      "speedup": 1.0532174224186142,
      "row_count": 100,
      "rows_match": true,
      "status": "pass",
      "error": ""
    },
    {
      "worker_id": 3,
      "times_ms": [
        58.10804399970948,
        61.229293999531365,
        90.33636399999523,
        60.49286100005702,
        74.28184499985946
      ],
      "trimmed_mean_ms": 65.33466666648262,
      "speedup": 0.9504363380341327,
      "row_count": 100,
      "rows_match": true,
      "status": "pass",
      "error": ""
    },
    {
      "worker_id": 4,
      "times_ms": [
        72.84063199949742,
        59.9967550006113,
        65.71692299985443,
        66.78601299972797,
        62.798539999675995
      ],
      "trimmed_mean_ms": 65.1004919997528,
      "speedup": 0.9538551772144556,
      "row_count": 100,
      "rows_match": true,
      "status": "pass",
      "error": ""
    }
  ],
  "best_worker_id": 2,
  "best_speedup": 1.0532174224186142,
  "exited": false
}