{
  "query_id": "query_21",
  "baseline_times_ms": [
    135.4762840001058,
    62.852797000232385,
    55.9444579994306,
    60.24265699852549,
    58.14086499958648
  ],
  "baseline_trimmed_mean_ms": 60.412106332781455,
  "baseline_row_count": 100,
  "workers": [
    {
      "worker_id": 6,
      "times_ms": [
        63.179720998959965,
        57.75372400057677,
        56.12619900057325,
        57.26260199844546,
        60.852450000311364
      ],
      "trimmed_mean_ms": 58.6229253331112,
      "speedup": 1.030520158956648,
      "row_count": 100,
      "rows_match": true,
      "status": "pass",
      "error": ""
    }
  ],
  "best_worker_id": 6,
  "best_speedup": 1.030520158956648,
  "exited": false
}