{
  "query_id": "query031_multi",
  "baseline_times_ms": [
    8255.459177002194,
    2184.402486000181,
    2242.9877489994396,
    2238.833633997274,
    2301.465206001012
  ],
  "baseline_trimmed_mean_ms": 2261.0955296659085,
  "baseline_row_count": 0,
  "workers": [
    {
      "worker_id": 1,
      "times_ms": [
        3711.575143999653,
        3678.2813879981404,
        3691.8589279994194,
        3785.429433999525,
        3780.9442420002597
      ],
      "trimmed_mean_ms": 3728.126104666444,
      "speedup": 0.6064965256501722,
      "row_count": 0,
      "rows_match": true,
      "status": "pass",
      "error": ""
    },
    {
      "worker_id": 2,
      "times_ms": [
        3221.2367320025805,
        3125.28192299942,
        3073.5963730003277,
        3004.7971019994293,
        3032.228173000476
      ],
      "trimmed_mean_ms": 3077.0354896667413,
      "speedup": 0.7348292007872801,
      "row_count": 0,
      "rows_match": true,
      "status": "pass",
      "error": ""
    },
    {
      "worker_id": 3,
      "times_ms": [],
      "trimmed_mean_ms": 0,
      "speedup": 0,
      "row_count": 0,
      "rows_match": false,
      "status": "error",
      "error": "column d.d_qoy does not exist\nLINE 21:     d.d_qoy,\n             ^\n"
    },
    {
      "worker_id": 4,
      "times_ms": [
        4852.229426000122,
        3325.613588000124,
        2994.63413400008,
        3699.8001290012326,
        3070.3837139990355
      ],
      "trimmed_mean_ms": 3365.265810333464,
      "speedup": 0.6718921051415718,
      "row_count": 0,
      "rows_match": true,
      "status": "pass",
      "error": ""
    }
  ],
  "best_worker_id": 2,
  "best_speedup": 0.7348292007872801,
  "exited": false
}