{
  "query_id": "query031_multi",
  "baseline_times_ms": [
    7824.731042001076,
    2983.486068002094,
    2709.4214740027383,
    2695.24726599775,
    2677.838386000076
  ],
  "baseline_trimmed_mean_ms": 2796.0516026675273,
  "baseline_row_count": 0,
  "workers": [
    {
      "worker_id": 6,
      "times_ms": [
        3543.606332001218,
        4241.009801000473,
        4350.895521001803,
        4969.422811002005,
        5455.859628000326
      ],
      "trimmed_mean_ms": 4520.442711001427,
      "speedup": 0.6185349049690998,
      "row_count": 0,
      "rows_match": true,
      "status": "pass",
      "error": ""
    }
  ],
  "best_worker_id": 6,
  "best_speedup": 0.6185349049690998,
  "exited": false
}