{
  "query_id": "query_44",
  "baseline_times_ms": [
    4.824715999347973,
    3.6493019997578813,
    3.8123419999465114,
    3.4334170004513,
    3.5199080002712435
  ],
  "baseline_trimmed_mean_ms": 3.660517333325212,
  "baseline_row_count": 0,
  "workers": [
    {
      "worker_id": 1,
      "times_ms": [
        4.83299299958162,
        3.13981999988755,
        3.036683000573248,
        3.1814670001040213,
        5.19203300063964
      ],
      "trimmed_mean_ms": 3.7180933331910637,
      "speedup": 0.9845146437417597,
      "row_count": 0,
      "rows_match": true,
      "status": "pass",
      "error": ""
    },
    {
      "worker_id": 2,
      "times_ms": [],
      "trimmed_mean_ms": 0,
      "speedup": 0,
      "row_count": 0,
      "rows_match": false,
      "status": "error",
      "error": "Binder Error: WHERE clause cannot contain window functions!\n\nLINE 22:     RANK() OVER (ORDER BY rank_col ASC) AS rnk\n             ^"
    },
    {
      "worker_id": 3,
      "times_ms": [
        3.23176300025807,
        2.996152999912738,
        3.0204119993868517,
        3.037002999917604,
        3.118033000646392
      ],
      "trimmed_mean_ms": 3.0584826666502827,
      "speedup": 1.1968409607938995,
      "row_count": 0,
      "rows_match": true,
      "status": "pass",
      "error": ""
    },
    {
      "worker_id": 4,
      "times_ms": [
        2.9631050001626136,
        2.735031000156596,
        2.639114999510639,
        3.4014860002571368,
        3.3329899997625034
      ],
      "trimmed_mean_ms": 3.010375333360571,
      "speedup": 1.2159670898043362,
      "row_count": 0,
      "rows_match": true,
      "status": "pass",
      "error": ""
    }
  ],
  "best_worker_id": 4,
  "best_speedup": 1.2159670898043362,
  "exited": false
}