{
  "query_id": "query_1",
  "baseline_times_ms": [
    314.315274999899,
    106.52391599978728,
    96.6358030000265,
    92.9541400000744,
    99.1726429992923
  ],
  "baseline_trimmed_mean_ms": 100.77745399970202,
  "baseline_row_count": 100,
  "workers": [
    {
      "worker_id": 5,
      "times_ms": [
        108.41728800005512,
        102.37534000043524,
        91.27493300002243,
        93.4260499998345,
        92.09722300056455
      ],
      "trimmed_mean_ms": 95.96620433361143,
      "speedup": 1.05013483339786,
      "row_count": 100,
      "rows_match": true,
      "status": "pass",
      "error": ""
    }
  ],
  "best_worker_id": 5,
  "best_speedup": 1.05013483339786,
  "exited": false
}