{
  "query_id": "query_54",
  "baseline_times_ms": [
    248.9895010003238,
    244.42388100032986,
    246.7709089996788,
    267.55116500135045,
    262.59798600040085
  ],
  "baseline_trimmed_mean_ms": 252.78613200013447,
  "baseline_row_count": 0,
  "workers": [
    {
      "worker_id": 6,
      "times_ms": [
        245.29413400159683,
        248.97637100002612,
        232.09008400044695,
        294.52454099919123,
        255.63260099988838
      ],
      "trimmed_mean_ms": 249.96770200050378,
      "speedup": 1.0112751766611232,
      "row_count": 0,
      "rows_match": true,
      "status": "pass",
      "error": ""
    }
  ],
  "best_worker_id": 6,
  "best_speedup": 1.0112751766611232,
  "exited": false
}