{
  "query_id": "query_5",
  "baseline_times_ms": [
    758.3966589991178,
    517.3651019995305,
    651.0426369986817,
    509.19374600016454,
    518.161615000281
  ],
  "baseline_trimmed_mean_ms": 562.1897846661644,
  "baseline_row_count": 100,
  "workers": [
    {
      "worker_id": 5,
      "times_ms": [
        485.42501100018853,
        481.11351399893465,
        478.69795199949294,
        518.5508800004754,
        505.40937799996755
      ],
      "trimmed_mean_ms": 490.6493009996969,
      "speedup": 1.1458077765946144,
      "row_count": 100,
      "rows_match": true,
      "status": "pass",
      "error": ""
    }
  ],
  "best_worker_id": 5,
  "best_speedup": 1.1458077765946144,
  "exited": false
}