{
  "query_id": "query_13",
  "baseline_times_ms": [
    2306.973890000336,
    628.6863589994027,
    599.1889480001191,
    579.7850879998805,
    564.0996760002963
  ],
  "baseline_trimmed_mean_ms": 602.5534649998008,
  "baseline_row_count": 1,
  "workers": [
    {
      "worker_id": 1,
      "times_ms": [],
      "trimmed_mean_ms": 0,
      "speedup": 0,
      "row_count": 0,
      "rows_match": false,
      "status": "error",
      "error": "Binder Error: Referenced column \"cd_marital_status\" not found in FROM clause!\nCandidate bindings: \"d_date_sk\", \"ca_address_sk\", \"cd_demo_sk\", \"s_market_desc\", \"s_market_id\"\n\nLINE 37:         cd_marital_status = 'D' \n                 ^"
    },
    {
      "worker_id": 2,
      "times_ms": [
        507.1496400005344,
        488.42937699919275,
        484.3204050002896,
        508.31262300016533,
        497.017933999814
      ],
      "trimmed_mean_ms": 497.53231699984707,
      "speedup": 1.2110840731577763,
      "row_count": 1,
      "rows_match": true,
      "status": "pass",
      "error": ""
    },
    {
      "worker_id": 3,
      "times_ms": [
        728.2557799999267,
        689.4344339998497,
        708.7192459994185,
        722.606824999275,
        707.0825330001753
      ],
      "trimmed_mean_ms": 712.8028679996229,
      "speedup": 0.8453297426969942,
      "row_count": 1,
      "rows_match": true,
      "status": "pass",
      "error": ""
    },
    {
      "worker_id": 4,
      "times_ms": [
        712.8640869996161,
        722.9576290001205,
        724.1106699993907,
        731.9120449992624,
        771.0802980000153
      ],
      "trimmed_mean_ms": 726.3267813329245,
      "speedup": 0.8295900419560737,
      "row_count": 1,
      "rows_match": true,
      "status": "pass",
      "error": ""
    }
  ],
  "best_worker_id": 2,
  "best_speedup": 1.2110840731577763,
  "exited": false
}