{
  "query_id": "query_78",
  "baseline_times_ms": [
    3514.9482540000463,
    2872.411741999713,
    2985.665434999646,
    2981.1751910001476,
    3048.850056000447
  ],
  "baseline_trimmed_mean_ms": 3005.2302273334135,
  "baseline_row_count": 100,
  "workers": [
    {
      "worker_id": 1,
      "times_ms": [
        2948.3392570000433,
        2960.184274000312,
        3046.653284999593,
        3036.5977270002986,
        3005.6007279999903
      ],
      "trimmed_mean_ms": 3000.7942430002004,
      "speedup": 1.0014782700758509,
      "row_count": 100,
      "rows_match": true,
      "status": "pass",
      "error": ""
    },
    {
      "worker_id": 2,
      "times_ms": [
        2976.1728780003978,
        3049.1830969995135,
        2964.3237720001707,
        2966.259802999957,
        3098.32644800008
      ],
      "trimmed_mean_ms": 2997.2052593332896,
      "speedup": 1.0026774836241643,
      "row_count": 100,
      "rows_match": true,
      "status": "pass",
      "error": ""
    },
    {
      "worker_id": 3,
      "times_ms": [
        2989.0696060001574,
        2948.293962999742,
        2953.244600999824,
        2944.3585080007324,
        3061.201928000628
      ],
      "trimmed_mean_ms": 2963.5360566665745,
      "speedup": 1.014069061374518,
      "row_count": 100,
      "rows_match": true,
      "status": "pass",
      "error": ""
    },
    {
      "worker_id": 4,
      "times_ms": [
        6599.988854000003,
        6358.341868000025,
        6419.248961999983,
        6194.818091999878,
        6381.109701999776
      ],
      "trimmed_mean_ms": 6386.233510666595,
      "speedup": 0.47057944597765383,
      "row_count": 100,
      "rows_match": true,
      "status": "pass",
      "error": ""
    }
  ],
  "best_worker_id": 3,
  "best_speedup": 1.014069061374518,
  "exited": false
}