{
  "query_id": "query_25",
  "baseline_times_ms": [
    158.08008200019685,
    87.882282999999,
    80.36902500043652,
    83.84431499962375,
    79.9004069995135
  ],
  "baseline_trimmed_mean_ms": 84.03187433335309,
  "baseline_row_count": 0,
  "workers": [
    {
      "worker_id": 1,
      "times_ms": [
        296.3691659997494,
        300.9861220007224,
        312.2502969999914,
        341.4724140002363,
        309.90769600066415
      ],
      "trimmed_mean_ms": 307.71470500045933,
      "speedup": 0.27308371347813115,
      "row_count": 0,
      "rows_match": true,
      "status": "pass",
      "error": ""
    },
    {
      "worker_id": 2,
      "times_ms": [
        307.5878190002186,
        352.0135159997153,
        294.3760839998504,
        279.60646100018494,
        305.69283699969674
      ],
      "trimmed_mean_ms": 302.5522466665886,
      "speedup": 0.2777433493196165,
      "row_count": 0,
      "rows_match": true,
      "status": "pass",
      "error": ""
    },
    {
      "worker_id": 3,
      "times_ms": [
        101.8023689994152,
        87.91240899972763,
        81.52172999962204,
        95.50453399970138,
        80.68863900007273
      ],
      "trimmed_mean_ms": 88.31289099968369,
      "speedup": 0.9515244420393175,
      "row_count": 0,
      "rows_match": true,
      "status": "pass",
      "error": ""
    },
    {
      "worker_id": 4,
      "times_ms": [],
      "trimmed_mean_ms": 0,
      "speedup": 0,
      "row_count": 0,
      "rows_match": false,
      "status": "error",
      "error": "Binder Error: Referenced column \"d_year\" not found in FROM clause!\nCandidate bindings: \"d_date_sk\", \"ss_addr_sk\", \"ss_ext_tax\", \"ss_net_paid\", \"ss_net_profit\"\n\nLINE 18:     SELECT d_date_sk FROM filtered_dates WHERE d_year = 2000 AND d_moy = 4\n                                                        ^"
    }
  ],
  "best_worker_id": 3,
  "best_speedup": 0.9515244420393175,
  "exited": false
}