{
  "query_id": "query_98",
  "baseline_times_ms": [
    260.46894900082407,
    248.08226300046954,
    249.0102370002205,
    226.79528500066226,
    254.27589000082662
  ],
  "baseline_trimmed_mean_ms": 250.45613000050557,
  "baseline_row_count": 15226,
  "workers": [
    {
      "worker_id": 1,
      "times_ms": [
        278.1642019999708,
        241.08950000027107,
        264.4424689997322,
        231.92348100019444,
        234.72033699999884
      ],
      "trimmed_mean_ms": 246.75076866666737,
      "speedup": 1.0150166151613644,
      "row_count": 15226,
      "rows_match": true,
      "status": "pass",
      "error": ""
    },
    {
      "worker_id": 2,
      "times_ms": [
        301.7334869991828,
        276.69167700059916,
        244.8263220003355,
        260.9924130001673,
        248.87221100016177
      ],
      "trimmed_mean_ms": 262.18543366697605,
      "speedup": 0.9552633283152989,
      "row_count": 15226,
      "rows_match": true,
      "status": "pass",
      "error": ""
    },
    {
      "worker_id": 3,
      "times_ms": [
        229.55635000016628,
        231.35315599938622,
        216.82272199996078,
        225.55528300017613,
        228.2458489999044
      ],
      "trimmed_mean_ms": 227.7858273334156,
      "speedup": 1.0995246408983421,
      "row_count": 15226,
      "rows_match": true,
      "status": "pass",
      "error": ""
    },
    {
      "worker_id": 4,
      "times_ms": [
        223.3476299998074,
        245.82861199996842,
        231.2370160007049,
        233.84475799957727,
        230.09651200027292
      ],
      "trimmed_mean_ms": 231.72609533351837,
      "speedup": 1.080828335885216,
      "row_count": 15226,
      "rows_match": true,
      "status": "pass",
      "error": ""
    }
  ],
  "best_worker_id": 3,
  "best_speedup": 1.0995246408983421,
  "exited": false
}