{
  "source": "swarm_snipe",
  "original_path": "/mnt/c/Users/jakc9/Documents/QueryTorque_V8/packages/qt-sql/qt_sql/benchmarks/duckdb_tpcds/queries/query_18.sql",
  "optimized_path": "/mnt/c/Users/jakc9/Documents/QueryTorque_V8/packages/qt-sql/qt_sql/benchmarks/duckdb_tpcds/swarm_batch_20260208_102033/query_18/snipe_worker_sql.sql",
  "benchmark_iters": {
    "benchmark_iter0": {
      "query_id": "query_18",
      "baseline_times_ms": [
        458.9329460004592,
        271.34497000042757,
        286.44444000019575,
        305.543380999552,
        251.12690599962662
      ],
      "baseline_trimmed_mean_ms": 287.77759700005845,
      "baseline_row_count": 100,
      "workers": [
        {
          "worker_id": 1,
          "times_ms": [
            273.1509220002408,
            300.2074089999951,
            267.9884979997951,
            269.6123770001577,
            271.18857099958404
          ],
          "trimmed_mean_ms": 271.3172899999942,
          "speedup": 1.060668109282916,
          "row_count": 100,
          "rows_match": true,
          "status": "pass",
          "error": ""
        },
        {
          "worker_id": 2,
          "times_ms": [
            182.35711400029686,
            182.06299400026182,
            197.02668199988693,
            177.74667799949384,
            186.9402890006313
          ],
          "trimmed_mean_ms": 183.78679900039666,
          "speedup": 1.5658230001570317,
          "row_count": 100,
          "rows_match": true,
          "status": "pass",
          "error": ""
        },
        {
          "worker_id": 3,
          "times_ms": [],
          "trimmed_mean_ms": 0,
          "speedup": 0,
          "row_count": 0,
          "rows_match": false,
          "status": "error",
          "error": "Binder Error: Ambiguous reference to column name \"cd_dep_count\" (use: \"prejoined_fact.cd_dep_count\" or \"cd2.cd_dep_count\")"
        },
        {
          "worker_id": 4,
          "times_ms": [
            314.5387370004755,
            300.49977199996647,
            374.8605470000257,
            456.97788599954947,
            365.7124860001204
          ],
          "trimmed_mean_ms": 351.70392333354056,
          "speedup": 0.8182382336609387,
          "row_count": 100,
          "rows_match": true,
          "status": "pass",
          "error": ""
        }
      ],
      "best_worker_id": 2,
      "best_speedup": 1.5658230001570317,
      "exited": false
    },
    "benchmark_iter1": {
      "query_id": "query_18",
      "baseline_times_ms": [
        512.656189000154,
        315.99477700001444,
        290.6247339997208,
        290.5177779994119,
        279.4714459996612
      ],
      "baseline_trimmed_mean_ms": 299.0457629997157,
      "baseline_row_count": 100,
      "workers": [
        {
          "worker_id": 5,
          "times_ms": [
            275.3496199993606,
            280.34069200020895,
            319.67926299967075,
            315.6207900001391,
            304.6398410006077
          ],
          "trimmed_mean_ms": 300.20044100031856,
          "speedup": 0.9961536432233234,
          "row_count": 100,
          "rows_match": true,
          "status": "pass",
          "error": ""
        }
      ],
      "best_worker_id": 5,
      "best_speedup": 0.9961536432233234,
      "exited": false
    },
    "benchmark_iter2": {
      "query_id": "query_18",
      "baseline_times_ms": [
        566.18309499936,
        329.8501790013688,
        277.49503799896047,
        300.08832099883875,
        274.51065899913374
      ],
      "baseline_trimmed_mean_ms": 302.47784599972266,
      "baseline_row_count": 100,
      "workers": [
        {
          "worker_id": 6,
          "times_ms": [
            289.67019700030505,
            284.98673499962024,
            296.38361199977226,
            289.7159109998029,
            294.8379820008995
          ],
          "trimmed_mean_ms": 291.4080300003358,
          "speedup": 1.0379873402918034,
          "row_count": 100,
          "rows_match": true,
          "status": "pass",
          "error": ""
        }
      ],
      "best_worker_id": 6,
      "best_speedup": 1.0379873402918034,
      "exited": false
    }
  }
}