{
  "query_id": "query_99",
  "baseline_times_ms": [
    657.9731620004168,
    401.9636930006527,
    385.8465659996,
    350.3947600001993,
    366.23872100062727
  ],
  "baseline_trimmed_mean_ms": 384.68299333362665,
  "baseline_row_count": 100,
  "workers": [
    {
      "worker_id": 5,
      "times_ms": [
        337.04976300032286,
        373.731133999172,
        351.99160299998766,
        334.43347200045537,
        331.25548800126126
      ],
      "trimmed_mean_ms": 341.1582793335886,
      "speedup": 1.1275792400086502,
      "row_count": 100,
      "rows_match": true,
      "status": "pass",
      "error": ""
    }
  ],
  "best_worker_id": 5,
  "best_speedup": 1.1275792400086502,
  "exited": false
}