{
  "query_id": "query027_spj_spj",
  "baseline_times_ms": [
    57.349517999682575,
    22.24099299928639,
    35.374712002521846,
    20.23361699684756,
    20.512158997007646
  ],
  "baseline_trimmed_mean_ms": 26.042621332938626,
  "baseline_row_count": 1,
  "workers": [
    {
      "worker_id": 6,
      "times_ms": [
        2.116850002494175,
        2.1263019989419263,
        2.237687000160804,
        2.728980001847958,
        2.591753000160679
      ],
      "trimmed_mean_ms": 2.3185806664211364,
      "speedup": 11.232139433447843,
      "row_count": 1,
      "rows_match": true,
      "status": "pass",
      "error": ""
    }
  ],
  "best_worker_id": 6,
  "best_speedup": 11.232139433447843,
  "exited": true
}