{
  "query_id": "query027_spj_spj",
  "baseline_times_ms": [
    47.6868919977278,
    17.643178998696385,
    18.0543239985127,
    17.122386998380534,
    19.20986600089236
  ],
  "baseline_trimmed_mean_ms": 18.302456332700483,
  "baseline_row_count": 1,
  "workers": [
    {
      "worker_id": 5,
      "times_ms": [
        19.24706199861248,
        18.34720500119147,
        18.60693100024946,
        18.467835998308146,
        16.78143400204135
      ],
      "trimmed_mean_ms": 18.473990666583024,
      "speedup": 0.9907148197171701,
      "row_count": 1,
      "rows_match": true,
      "status": "pass",
      "error": ""
    }
  ],
  "best_worker_id": 5,
  "best_speedup": 0.9907148197171701,
  "exited": false
}