{
  "query_id": "query_49",
  "baseline_times_ms": [
    795.0018419996923,
    299.7707869999431,
    326.42025199857017,
    331.4401360003103,
    301.84678600016923
  ],
  "baseline_trimmed_mean_ms": 319.90239133301657,
  "baseline_row_count": 41,
  "workers": [
    {
      "worker_id": 6,
      "times_ms": [
        324.0245289998711,
        350.9842200001003,
        308.42214099902776,
        330.58251299917174,
        341.4188090009702
      ],
      "trimmed_mean_ms": 332.00861700000434,
      "speedup": 0.9635364112643269,
      "row_count": 31,
      "rows_match": false,
      "status": "fail",
      "error": ""
    }
  ],
  "best_worker_id": 0,
  "best_speedup": 0.0,
  "exited": false
}