{
  "query_id": "query_49",
  "baseline_times_ms": [
    831.2720769999942,
    333.70755100077076,
    375.85008699988975,
    393.34194000002753,
    384.4484030005333
  ],
  "baseline_trimmed_mean_ms": 384.5468100001502,
  "baseline_row_count": 41,
  "workers": [
    {
      "worker_id": 1,
      "times_ms": [
        375.7755820006423,
        359.27382099998795,
        323.82176900046034,
        359.8298019996946,
        342.3745340005553
      ],
      "trimmed_mean_ms": 353.82605233341263,
      "speedup": 1.0868244649147236,
      "row_count": 41,
      "rows_match": true,
      "status": "pass",
      "error": ""
    },
    {
      "worker_id": 2,
      "times_ms": [
        335.24594099981186,
        328.31756599989603,
        373.1771980001213,
        333.46289499968407,
        345.0251289996231
      ],
      "trimmed_mean_ms": 337.911321666373,
      "speedup": 1.1380110263953256,
      "row_count": 41,
      "rows_match": true,
      "status": "pass",
      "error": ""
    },
    {
      "worker_id": 3,
      "times_ms": [
        414.46901400013303,
        400.54192600018723,
        422.15373999988515,
        461.77424899997277,
        522.9050409998308
      ],
      "trimmed_mean_ms": 432.79900099999696,
      "speedup": 0.8885113161343754,
      "row_count": 100,
      "rows_match": false,
      "status": "fail",
      "error": ""
    },
    {
      "worker_id": 4,
      "times_ms": [
        479.0252650000184,
        369.9801210004807,
        373.87432099967555,
        395.89296000031027,
        360.429010000189
      ],
      "trimmed_mean_ms": 379.9158006668222,
      "speedup": 1.0121895675968193,
      "row_count": 41,
      "rows_match": true,
      "status": "pass",
      "error": ""
    }
  ],
  "best_worker_id": 2,
  "best_speedup": 1.1380110263953256,
  "exited": false
}