{
  "query_id": "query_62",
  "baseline_times_ms": [
    335.10291499987943,
    243.1663560000743,
    211.91671900032816,
    220.23888999956398,
    211.10139600023103
  ],
  "baseline_trimmed_mean_ms": 225.10732166665548,
  "baseline_row_count": 100,
  "workers": [
    {
      "worker_id": 1,
      "times_ms": [
        218.4755270000096,
        216.5579879992947,
        217.61312099988572,
        208.08338999995613,
        213.84825499990257
      ],
      "trimmed_mean_ms": 216.006454666361,
      "speedup": 1.0421323844898593,
      "row_count": 100,
      "rows_match": true,
      "status": "pass",
      "error": ""
    },
    {
      "worker_id": 2,
      "times_ms": [
        214.68874299989693,
        218.45787100028247,
        226.30246999960946,
        216.59200500016595,
        225.04748699975607
      ],
      "trimmed_mean_ms": 220.0324543334015,
      "speedup": 1.0230641763672024,
      "row_count": 100,
      "rows_match": true,
      "status": "pass",
      "error": ""
    },
    {
      "worker_id": 3,
      "times_ms": [
        219.65298400027677,
        210.89107699935994,
        215.27355200032616,
        200.55951099948288,
        203.3054980001907
      ],
      "trimmed_mean_ms": 209.8233756666256,
      "speedup": 1.0728419602986157,
      "row_count": 100,
      "rows_match": true,
      "status": "pass",
      "error": ""
    },
    {
      "worker_id": 4,
      "times_ms": [
        203.26161299999512,
        216.22210099940276,
        250.98105400047643,
        222.28209799959586,
        280.3753409998535
      ],
      "trimmed_mean_ms": 229.82841766649167,
      "speedup": 0.9794581712402203,
      "row_count": 100,
      "rows_match": true,
      "status": "pass",
      "error": ""
    }
  ],
  "best_worker_id": 3,
  "best_speedup": 1.0728419602986157,
  "exited": false
}