{
  "query_id": "query_84",
  "baseline_times_ms": [
    104.49287700066634,
    101.20513299989398,
    116.45091100035643,
    107.07053599981009,
    105.75800399965374
  ],
  "baseline_trimmed_mean_ms": 105.77380566671006,
  "baseline_row_count": 100,
  "workers": [
    {
      "worker_id": 5,
      "times_ms": [
        124.26236600003904,
        98.56771100021433,
        79.30308700088062,
        75.87586800036661,
        76.24670800032618
      ],
      "trimmed_mean_ms": 84.70583533380704,
      "speedup": 1.2487192322686953,
      "row_count": 100,
      "rows_match": true,
      "status": "pass",
      "error": ""
    }
  ],
  "best_worker_id": 5,
  "best_speedup": 1.2487192322686953,
  "exited": false
}