{
  "query_id": "query_84",
  "baseline_times_ms": [
    81.31414700073947,
    45.895538999502605,
    60.39124500057369,
    48.13488099989627,
    50.42392399991513
  ],
  "baseline_trimmed_mean_ms": 52.98335000012836,
  "baseline_row_count": 100,
  "workers": [
    {
      "worker_id": 1,
      "times_ms": [
        59.7414049998406,
        48.03202000039164,
        55.864132000351674,
        48.0067999997118,
        50.56619900005899
      ],
      "trimmed_mean_ms": 51.48745033360077,
      "speedup": 1.0290536753487551,
      "row_count": 100,
      "rows_match": true,
      "status": "pass",
      "error": ""
    },
    {
      "worker_id": 2,
      "times_ms": [
        54.64718900020671,
        54.86830199970427,
        50.17053899973689,
        56.75694300043688,
        49.047743000301125
      ],
      "trimmed_mean_ms": 53.22867666654929,
      "speedup": 0.9953910808649673,
      "row_count": 100,
      "rows_match": true,
      "status": "pass",
      "error": ""
    },
    {
      "worker_id": 3,
      "times_ms": [
        54.71256999953766,
        50.37571199954982,
        48.124480999831576,
        50.32760399990366,
        55.31071400037035
      ],
      "trimmed_mean_ms": 51.80529533299705,
      "speedup": 1.0227400434561553,
      "row_count": 100,
      "rows_match": true,
      "status": "pass",
      "error": ""
    },
    {
      "worker_id": 4,
      "times_ms": [
        41.45069100013643,
        44.41022500031977,
        41.90711100000044,
        41.79750499952206,
        42.90930800016213
      ],
      "trimmed_mean_ms": 42.20464133322821,
      "speedup": 1.255391547621421,
      "row_count": 100,
      "rows_match": true,
      "status": "pass",
      "error": ""
    }
  ],
  "best_worker_id": 4,
  "best_speedup": 1.255391547621421,
  "exited": false
}