{
  "query_id": "query_32",
  "baseline_times_ms": [
    18.34909399985918,
    11.082868999437778,
    18.337871000767336,
    11.526864000188652,
    10.525929999857908
  ],
  "baseline_trimmed_mean_ms": 13.649201333464589,
  "baseline_row_count": 1,
  "workers": [
    {
      "worker_id": 6,
      "times_ms": [
        6.856387999505387,
        8.679828000822454,
        7.311311999728787,
        7.014766999418498,
        8.216734999223263
      ],
      "trimmed_mean_ms": 7.514271332790183,
      "speedup": 1.8164371139891216,
      "row_count": 1,
      "rows_match": true,
      "status": "pass",
      "error": ""
    }
  ],
  "best_worker_id": 6,
  "best_speedup": 1.8164371139891216,
  "exited": false
}