{
  "query_id": "query_12",
  "baseline_times_ms": [
    319.5252099994832,
    66.70634800047992,
    69.26323300012882,
    69.68422600039048,
    59.14034400029777
  ],
  "baseline_trimmed_mean_ms": 68.55126900033308,
  "baseline_row_count": 100,
  "workers": [
    {
      "worker_id": 5,
      "times_ms": [
        59.30362100025377,
        59.449848999975075,
        73.82048700037558,
        64.5937839999533,
        66.47361199975421
      ],
      "trimmed_mean_ms": 63.50574833322753,
      "speedup": 1.0794498261894447,
      "row_count": 100,
      "rows_match": true,
      "status": "pass",
      "error": ""
    }
  ],
  "best_worker_id": 5,
  "best_speedup": 1.0794498261894447,
  "exited": false
}