{
  "query_id": "query014_multi",
  "baseline_times_ms": [
    112871.56295800014,
    124285.69949499797,
    143671.72063999897,
    154894.6369389996,
    134611.04627499662
  ],
  "baseline_trimmed_mean_ms": 134189.4888033312,
  "baseline_row_count": 33,
  "workers": [
    {
      "worker_id": 6,
      "times_ms": [
        151608.18750100225,
        148103.29862500294,
        145415.993032002,
        154089.50066200123,
        144214.32763199846
      ],
      "trimmed_mean_ms": 148375.8263860024,
      "speedup": 0.9043891587450021,
      "row_count": 30,
      "rows_match": false,
      "status": "fail",
      "error": ""
    }
  ],
  "best_worker_id": 0,
  "best_speedup": 0.0,
  "exited": false
}