{
  "query_id": "query014_multi",
  "baseline_times_ms": [
    181799.16321400015,
    132327.650954001,
    122487.14921099963,
    115296.32725000192,
    128696.58093600083
  ],
  "baseline_trimmed_mean_ms": 127837.12703366716,
  "baseline_row_count": 33,
  "workers": [
    {
      "worker_id": 1,
      "times_ms": [],
      "trimmed_mean_ms": 0,
      "speedup": 0,
      "row_count": 0,
      "rows_match": false,
      "status": "error",
      "error": "column reference \"ss_item_sk\" is ambiguous\nLINE 92:   JOIN cross_items ci ON ss_item_sk = ci.ss_item_sk\n                                  ^\n"
    },
    {
      "worker_id": 2,
      "times_ms": [
        144441.3887970004,
        157722.49015600028,
        164705.92278099866,
        178894.16960400195,
        166409.72892799982
      ],
      "trimmed_mean_ms": 162946.04728833292,
      "speedup": 0.7845365331719858,
      "row_count": 33,
      "rows_match": true,
      "status": "pass",
      "error": ""
    },
    {
      "worker_id": 3,
      "times_ms": [
        226114.32691799928,
        172408.51268400002,
        198630.13226800103,
        207067.61792600082,
        197779.29662899987
      ],
      "trimmed_mean_ms": 201159.01560766724,
      "speedup": 0.6355028465788267,
      "row_count": 33,
      "rows_match": true,
      "status": "pass",
      "error": ""
    },
    {
      "worker_id": 4,
      "times_ms": [
        134645.7225459999,
        136047.8220849982,
        125757.91028100139,
        106317.15322899981,
        100279.00699700331
      ],
      "trimmed_mean_ms": 122240.26201866702,
      "speedup": 1.0457857740369163,
      "row_count": 33,
      "rows_match": true,
      "status": "pass",
      "error": ""
    }
  ],
  "best_worker_id": 4,
  "best_speedup": 1.0457857740369163,
  "exited": false
}