{
  "query_id": "query014_multi",
  "baseline_times_ms": [
    115315.45887500033,
    112141.32242800042,
    119769.97900599963,
    115904.31823100153,
    112881.50265700096
  ],
  "baseline_trimmed_mean_ms": 114700.4265876676,
  "baseline_row_count": 33,
  "workers": [
    {
      "worker_id": 5,
      "times_ms": [],
      "trimmed_mean_ms": 0,
      "speedup": 0,
      "row_count": 0,
      "rows_match": false,
      "status": "error",
      "error": "canceling statement due to statement timeout\n"
    }
  ],
  "best_worker_id": 0,
  "best_speedup": 0.0,
  "exited": false
}