{
  "query_id": "query019_spj_spj",
  "baseline_times_ms": [
    78.57701899774838,
    74.85350099887,
    66.67080799888936,
    76.37744499879773,
    87.47968399984529
  ],
  "baseline_trimmed_mean_ms": 76.60265499847203,
  "baseline_row_count": 1,
  "workers": [
    {
      "worker_id": 5,
      "times_ms": [
        83.24400600031368,
        79.45604500127956,
        81.76476799781085,
        68.08383800307638,
        76.02915799725452
      ],
      "trimmed_mean_ms": 79.0833236654483,
      "speedup": 0.9686322153394764,
      "row_count": 1,
      "rows_match": true,
      "status": "pass",
      "error": ""
    }
  ],
  "best_worker_id": 5,
  "best_speedup": 0.9686322153394764,
  "exited": false
}