{
  "query_id": "query019_spj_spj",
  "baseline_times_ms": [
    96.60377499676542,
    80.59075699929963,
    81.49335499911103,
    93.76873099972727,
    103.81800699906307
  ],
  "baseline_trimmed_mean_ms": 90.62195366520125,
  "baseline_row_count": 1,
  "workers": [
    {
      "worker_id": 6,
      "times_ms": [
        85.93775400004233,
        77.33195100081502,
        83.46912300112308,
        76.53679899885901,
        83.75312600037432
      ],
      "trimmed_mean_ms": 81.51806666743748,
      "speedup": 1.1116793782034127,
      "row_count": 1,
      "rows_match": true,
      "status": "pass",
      "error": ""
    }
  ],
  "best_worker_id": 6,
  "best_speedup": 1.1116793782034127,
  "exited": false
}