{
  "query_id": "query_19",
  "baseline_times_ms": [
    279.6941249998781,
    287.90556399872,
    294.4559389998176,
    267.8978099993401,
    285.13068800020847
  ],
  "baseline_trimmed_mean_ms": 284.2434589996022,
  "baseline_row_count": 100,
  "workers": [
    {
      "worker_id": 6,
      "times_ms": [
        288.923046000491,
        261.88059100059036,
        304.53873299848055,
        300.53431700071087,
        303.41589800082147
      ],
      "trimmed_mean_ms": 297.62442033400777,
      "speedup": 0.9550407815346978,
      "row_count": 100,
      "rows_match": true,
      "status": "pass",
      "error": ""
    }
  ],
  "best_worker_id": 6,
  "best_speedup": 0.9550407815346978,
  "exited": false
}