{
  "source": "swarm_w2",
  "original_path": "/mnt/c/Users/jakc9/Documents/QueryTorque_V8/packages/qt-sql/qt_sql/benchmarks/duckdb_tpcds/queries/query_65.sql",
  "optimized_path": "/mnt/c/Users/jakc9/Documents/QueryTorque_V8/packages/qt-sql/qt_sql/benchmarks/duckdb_tpcds/swarm_batch_20260208_102033/query_65/worker_2_sql.sql",
  "benchmark_iters": {
    "benchmark_iter0": {
      "query_id": "query_65",
      "baseline_times_ms": [
        1470.6988990001264,
        1457.199780999872,
        1554.3954879995,
        1639.36003300023,
        1458.801594999386
      ],
      "baseline_trimmed_mean_ms": 1494.6319939996708,
      "baseline_row_count": 100,
      "workers": [
        {
          "worker_id": 1,
          "times_ms": [
            837.5213909994272,
            816.5940960006992,
            845.7493349997094,
            821.4683510004761,
            863.871465999182
          ],
          "trimmed_mean_ms": 834.9130256665376,
          "speedup": 1.790164901076323,
          "row_count": 100,
          "rows_match": true,
          "status": "pass",
          "error": ""
        },
        {
          "worker_id": 2,
          "times_ms": [
            841.2242129998049,
            840.3120379998654,
            796.4260819999254,
            809.7626999997374,
            837.2419449997324
          ],
          "trimmed_mean_ms": 829.1055609997784,
          "speedup": 1.8027040998221822,
          "row_count": 100,
          "rows_match": true,
          "status": "pass",
          "error": ""
        },
        {
          "worker_id": 3,
          "times_ms": [
            843.3610929996576,
            869.8862279998139,
            745.0309960004233,
            824.392631999217,
            762.7085350004563
          ],
          "trimmed_mean_ms": 810.1540866664436,
          "speedup": 1.8448737327854032,
          "row_count": 100,
          "rows_match": true,
          "status": "pass",
          "error": ""
        },
        {
          "worker_id": 4,
          "times_ms": [
            892.9250760002105,
            799.4501120001587,
            835.3406899996116,
            830.7407250003962,
            842.3720479995609
          ],
          "trimmed_mean_ms": 836.1511543331895,
          "speedup": 1.7875141190130917,
          "row_count": 100,
          "rows_match": true,
          "status": "pass",
          "error": ""
        }
      ],
      "best_worker_id": 3,
      "best_speedup": 1.8448737327854032,
      "exited": false
    },
    "benchmark_iter1": {
      "query_id": "query_65",
      "baseline_times_ms": [
        1748.4594010002183,
        1530.7263849990704,
        1589.9760800002696,
        1501.3676719991054,
        1424.2568999998184
      ],
      "baseline_trimmed_mean_ms": 1540.6900456661485,
      "baseline_row_count": 100,
      "workers": [
        {
          "worker_id": 5,
          "times_ms": [
            906.8139320006594,
            925.3038280003238,
            890.3340329998173,
            878.8879399999132,
            879.4309379991319
          ],
          "trimmed_mean_ms": 892.1929676665362,
          "speedup": 1.7268574193043773,
          "row_count": 100,
          "rows_match": true,
          "status": "pass",
          "error": ""
        }
      ],
      "best_worker_id": 5,
      "best_speedup": 1.7268574193043773,
      "exited": false
    },
    "benchmark_iter2": {
      "query_id": "query_65",
      "baseline_times_ms": [
        1380.1592139989225,
        1485.047365000355,
        1363.592398000037,
        1450.8940989999246,
        1376.3859989994671
      ],
      "baseline_trimmed_mean_ms": 1402.4797706661047,
      "baseline_row_count": 100,
      "workers": [
        {
          "worker_id": 6,
          "times_ms": [
            804.2796720001206,
            827.5888330008456,
            872.5390159997914,
            759.487827999692,
            786.5904319987749
          ],
          "trimmed_mean_ms": 806.1529789999137,
          "speedup": 1.7397191441331323,
          "row_count": 100,
          "rows_match": true,
          "status": "pass",
          "error": ""
        }
      ],
      "best_worker_id": 6,
      "best_speedup": 1.7397191441331323,
      "exited": false
    }
  }
}