{
  "query_id": "query013_spj_spj",
  "baseline_times_ms": [
    3236.400185000093,
    2834.6863879996818,
    2742.0817259990145,
    2674.617732001934,
    2699.1925399997854
  ],
  "baseline_trimmed_mean_ms": 2758.653551332827,
  "baseline_row_count": 1,
  "workers": [
    {
      "worker_id": 5,
      "times_ms": [
        2741.9044359994587,
        2725.21346099893,
        2865.432527996745,
        2733.9936169992143,
        2742.3483849997865
      ],
      "trimmed_mean_ms": 2739.41547933282,
      "speedup": 1.0070226923024808,
      "row_count": 1,
      "rows_match": true,
      "status": "pass",
      "error": ""
    }
  ],
  "best_worker_id": 5,
  "best_speedup": 1.0070226923024808,
  "exited": false
}