{
  "query_id": "query050_agg",
  "baseline_times_ms": [
    2915.1525029992627,
    1495.052520000172,
    1613.0657230023644,
    1545.6741300004069,
    1421.3496730008046
  ],
  "baseline_trimmed_mean_ms": 1551.2641243343144,
  "baseline_row_count": 17,
  "workers": [
    {
      "worker_id": 6,
      "times_ms": [
        1409.8322600002575,
        1369.0279519978503,
        1382.6155530005053,
        1493.3925950026605,
        1335.1455480005825
      ],
      "trimmed_mean_ms": 1387.158588332871,
      "speedup": 1.1183033701998488,
      "row_count": 17,
      "rows_match": true,
      "status": "pass",
      "error": ""
    }
  ],
  "best_worker_id": 6,
  "best_speedup": 1.1183033701998488,
  "exited": false
}