{
  "source": "swarm_snipe",
  "original_path": "/mnt/c/Users/jakc9/Documents/QueryTorque_V8/packages/qt-sql/qt_sql/benchmarks/duckdb_tpcds/queries/query_33.sql",
  "optimized_path": "/mnt/c/Users/jakc9/Documents/QueryTorque_V8/packages/qt-sql/qt_sql/benchmarks/duckdb_tpcds/swarm_batch_20260208_102033/query_33/snipe_worker_sql.sql",
  "benchmark_iters": {
    "benchmark_iter0": {
      "query_id": "query_33",
      "baseline_times_ms": [
        251.695791000202,
        235.1591639999242,
        217.80045499963308,
        235.08611299985205,
        228.11611099950824
      ],
      "baseline_trimmed_mean_ms": 232.78712933309484,
      "baseline_row_count": 100,
      "workers": [
        {
          "worker_id": 1,
          "times_ms": [
            238.8819580000927,
            243.67440900005022,
            244.69419199976983,
            231.75606499989954,
            222.42876500058628
          ],
          "trimmed_mean_ms": 238.10414400001414,
          "speedup": 0.9776693736715519,
          "row_count": 100,
          "rows_match": true,
          "status": "pass",
          "error": ""
        },
        {
          "worker_id": 2,
          "times_ms": [
            273.8934580002024,
            293.16850599934696,
            251.59052100025292,
            231.90307299955748,
            216.66909899977327
          ],
          "trimmed_mean_ms": 252.46235066667091,
          "speedup": 0.9220667110100963,
          "row_count": 100,
          "rows_match": true,
          "status": "pass",
          "error": ""
        },
        {
          "worker_id": 3,
          "times_ms": [
            221.22916899934353,
            240.30814999969152,
            225.45608399923367,
            216.14346700062015,
            227.018790999864
          ],
          "trimmed_mean_ms": 224.56801466614706,
          "speedup": 1.036599667495688,
          "row_count": 100,
          "rows_match": true,
          "status": "pass",
          "error": ""
        },
        {
          "worker_id": 4,
          "times_ms": [
            274.6853059998102,
            250.74572599987732,
            245.104282000284,
            252.6742510008262,
            237.5346550006725
          ],
          "trimmed_mean_ms": 249.5080863336625,
          "speedup": 0.932984308259224,
          "row_count": 100,
          "rows_match": true,
          "status": "pass",
          "error": ""
        }
      ],
      "best_worker_id": 3,
      "best_speedup": 1.036599667495688,
      "exited": false
    },
    "benchmark_iter1": {
      "query_id": "query_33",
      "baseline_times_ms": [
        372.52860099943064,
        319.8901289997593,
        266.472089000672,
        248.42261300000246,
        254.7788389983907
      ],
      "baseline_trimmed_mean_ms": 280.3803523329407,
      "baseline_row_count": 100,
      "workers": [
        {
          "worker_id": 5,
          "times_ms": [
            249.30056199991668,
            233.33540400017228,
            238.20513200007554,
            245.92951299928245,
            248.43683700055408
          ],
          "trimmed_mean_ms": 244.1904939999707,
          "speedup": 1.1482033872005448,
          "row_count": 100,
          "rows_match": true,
          "status": "pass",
          "error": ""
        }
      ],
      "best_worker_id": 5,
      "best_speedup": 1.1482033872005448,
      "exited": false
    },
    "benchmark_iter2": {
      "query_id": "query_33",
      "baseline_times_ms": [
        236.2317240003904,
        224.8918790010066,
        220.85981400050514,
        259.45853000121133,
        238.91422899941972
      ],
      "baseline_trimmed_mean_ms": 233.34594400027223,
      "baseline_row_count": 100,
      "workers": [
        {
          "worker_id": 6,
          "times_ms": [
            229.83279000072798,
            236.78155400011747,
            205.18951899975946,
            211.94941900103004,
            223.17630100042152
          ],
          "trimmed_mean_ms": 221.6528366673932,
          "speedup": 1.0527541515312318,
          "row_count": 100,
          "rows_match": true,
          "status": "pass",
          "error": ""
        }
      ],
      "best_worker_id": 6,
      "best_speedup": 1.0527541515312318,
      "exited": false
    }
  }
}