{
  "query_id": "query_89",
  "baseline_times_ms": [
    543.3014209993416,
    450.7259049987624,
    420.5069129984622,
    405.483455000649,
    474.000961999991
  ],
  "baseline_trimmed_mean_ms": 448.4112599990719,
  "baseline_row_count": 100,
  "workers": [
    {
      "worker_id": 5,
      "times_ms": [
        430.73841399927915,
        443.89819800016994,
        421.85333899942634,
        393.33503499983635,
        411.37767799955327
      ],
      "trimmed_mean_ms": 421.32314366608625,
      "speedup": 1.0642929702301234,
      "row_count": 100,
      "rows_match": true,
      "status": "pass",
      "error": ""
    }
  ],
  "best_worker_id": 5,
  "best_speedup": 1.0642929702301234,
  "exited": false
}