{
  "query_id": "query013_spj_spj",
  "baseline_times_ms": [
    2977.366138002253,
    3237.075936001929,
    3003.4891390023404,
    3166.597253999498,
    3424.027595003281
  ],
  "baseline_trimmed_mean_ms": 3135.720776334589,
  "baseline_row_count": 1,
  "workers": [
    {
      "worker_id": 1,
      "times_ms": [
        3465.5032560003747,
        3349.6293790012714,
        4292.0619180004,
        4296.273405998363,
        3699.845348000963
      ],
      "trimmed_mean_ms": 3819.136840667246,
      "speedup": 0.8210548370366179,
      "row_count": 1,
      "rows_match": true,
      "status": "pass",
      "error": ""
    },
    {
      "worker_id": 2,
      "times_ms": [
        2902.607595002337,
        3027.6464669987035,
        2991.5735510003287,
        3241.813132997777,
        2901.05912099898
      ],
      "trimmed_mean_ms": 2973.942537667123,
      "speedup": 1.0543985758360925,
      "row_count": 1,
      "rows_match": true,
      "status": "pass",
      "error": ""
    },
    {
      "worker_id": 3,
      "times_ms": [
        2919.1512769975816,
        3004.2760060023284,
        2946.77318200047,
        2955.6441780005116,
        3098.8216630030365
      ],
      "trimmed_mean_ms": 2968.89778866777,
      "speedup": 1.0561902091421198,
      "row_count": 1,
      "rows_match": true,
      "status": "pass",
      "error": ""
    },
    {
      "worker_id": 4,
      "times_ms": [
        16110.57314399659,
        15940.430807000666,
        15563.218983999832,
        15818.511113000568,
        15527.766046001489
      ],
      "trimmed_mean_ms": 15774.053634667021,
      "speedup": 0.19878978789847268,
      "row_count": 1,
      "rows_match": true,
      "status": "pass",
      "error": ""
    }
  ],
  "best_worker_id": 3,
  "best_speedup": 1.0561902091421198,
  "exited": false
}