{
  "source": "swarm_final",
  "original_path": "/mnt/c/Users/jakc9/Documents/QueryTorque_V8/packages/qt-sql/qt_sql/benchmarks/duckdb_tpcds/queries/query_46.sql",
  "optimized_path": "/mnt/c/Users/jakc9/Documents/QueryTorque_V8/packages/qt-sql/qt_sql/benchmarks/duckdb_tpcds/swarm_batch_20260208_102033/query_46/final_worker_sql.sql",
  "benchmark_iters": {
    "benchmark_iter0": {
      "query_id": "query_46",
      "baseline_times_ms": [
        739.2631289994824,
        624.0815979999752,
        561.59597199985,
        604.3276190002871,
        578.6790860001929
      ],
      "baseline_trimmed_mean_ms": 602.3627676668184,
      "baseline_row_count": 100,
      "workers": [
        {
          "worker_id": 1,
          "times_ms": [
            602.4958580001112,
            592.4302069997793,
            645.0657670002329,
            586.3472110004295,
            606.4341199999035
          ],
          "trimmed_mean_ms": 600.4533949999313,
          "speedup": 1.0031798848716431,
          "row_count": 100,
          "rows_match": true,
          "status": "pass",
          "error": ""
        },
        {
          "worker_id": 2,
          "times_ms": [
            592.397850999987,
            626.0548250002103,
            595.8902380007203,
            601.4896379992933,
            583.0851950004217
          ],
          "trimmed_mean_ms": 596.5925756666669,
          "speedup": 1.0096719138579684,
          "row_count": 100,
          "rows_match": true,
          "status": "pass",
          "error": ""
        },
        {
          "worker_id": 3,
          "times_ms": [
            658.0861749998803,
            662.863894000111,
            638.250770999548,
            623.6291739996886,
            591.5687020005862
          ],
          "trimmed_mean_ms": 639.9887066663723,
          "speedup": 0.9412084328869753,
          "row_count": 100,
          "rows_match": true,
          "status": "pass",
          "error": ""
        },
        {
          "worker_id": 4,
          "times_ms": [
            635.8971829995426,
            656.6422550004063,
            607.1340539992889,
            597.8961729997536,
            610.3733800000555
          ],
          "trimmed_mean_ms": 617.801538999629,
          "speedup": 0.9750101442644353,
          "row_count": 100,
          "rows_match": true,
          "status": "pass",
          "error": ""
        }
      ],
      "best_worker_id": 2,
      "best_speedup": 1.0096719138579684,
      "exited": false
    },
    "benchmark_iter1": {
      "query_id": "query_46",
      "baseline_times_ms": [
        701.3170280006307,
        626.643759000217,
        600.3090349986451,
        636.7711849998159,
        656.8610560007073
      ],
      "baseline_trimmed_mean_ms": 640.0920000002467,
      "baseline_row_count": 100,
      "workers": [
        {
          "worker_id": 5,
          "times_ms": [
            606.4250060007907,
            665.3144900010375,
            633.3733409992419,
            619.3004399992788,
            632.2615709996171
          ],
          "trimmed_mean_ms": 628.3117839993793,
          "speedup": 1.0187489973940693,
          "row_count": 100,
          "rows_match": true,
          "status": "pass",
          "error": ""
        }
      ],
      "best_worker_id": 5,
      "best_speedup": 1.0187489973940693,
      "exited": false
    },
    "benchmark_iter2": {
      "query_id": "query_46",
      "baseline_times_ms": [
        1256.4228020000883,
        579.4350460000715,
        585.2548310012935,
        582.2021250005491,
        551.0560639995674
      ],
      "baseline_trimmed_mean_ms": 582.297334000638,
      "baseline_row_count": 100,
      "workers": [
        {
          "worker_id": 6,
          "times_ms": [],
          "trimmed_mean_ms": 0,
          "speedup": 0,
          "row_count": 0,
          "rows_match": false,
          "status": "error",
          "error": "Catalog Error: unrecognized configuration parameter \"force_parallelism\"\n\nDid you mean: \"force_compression\""
        }
      ],
      "best_worker_id": 0,
      "best_speedup": 0.0,
      "exited": false
    }
  }
}