{
  "query_id": "query065_multi",
  "baseline_times_ms": [
    3341.890575000434,
    3167.5117099985073,
    3215.652819002571,
    3206.718176999857,
    3240.5048250002437
  ],
  "baseline_trimmed_mean_ms": 3220.9586070008904,
  "baseline_row_count": 0,
  "workers": [
    {
      "worker_id": 6,
      "times_ms": [
        1653.2740229995397,
        1643.8469879976765,
        1644.657829998323,
        1659.2157820014108,
        1651.9577199978812
      ],
      "trimmed_mean_ms": 1649.9631909985812,
      "speedup": 1.9521396747351196,
      "row_count": 0,
      "rows_match": true,
      "status": "pass",
      "error": ""
    }
  ],
  "best_worker_id": 6,
  "best_speedup": 1.9521396747351196,
  "exited": false
}