{
  "query_id": "query094_multi",
  "baseline_times_ms": [
    2055.0274340021133,
    641.5065159999358,
    622.667782001372,
    619.330968002032,
    593.6246729979757
  ],
  "baseline_trimmed_mean_ms": 627.8350886677799,
  "baseline_row_count": 1,
  "workers": [
    {
      "worker_id": 1,
      "times_ms": [
        631.2119640024321,
        593.8154270006635,
        589.5948919969669,
        594.822999999451,
        598.1307879992528
      ],
      "trimmed_mean_ms": 595.5897383331225,
      "speedup": 1.0541402046732748,
      "row_count": 1,
      "rows_match": true,
      "status": "pass",
      "error": ""
    },
    {
      "worker_id": 2,
      "times_ms": [
        599.0314219998254,
        566.1407419975149,
        554.9702319985954,
        580.8102779992623,
        564.7975389983912
      ],
      "trimmed_mean_ms": 570.5828529983895,
      "speedup": 1.1003399162251937,
      "row_count": 1,
      "rows_match": true,
      "status": "pass",
      "error": ""
    },
    {
      "worker_id": 3,
      "times_ms": [
        4309.996193002007,
        4439.214886002446,
        4426.930825000454,
        4385.825109999132,
        4540.775767000014
      ],
      "trimmed_mean_ms": 4417.323607000678,
      "speedup": 0.14213020021281034,
      "row_count": 1,
      "rows_match": true,
      "status": "pass",
      "error": ""
    },
    {
      "worker_id": 4,
      "times_ms": [],
      "trimmed_mean_ms": 0,
      "speedup": 0,
      "row_count": 0,
      "rows_match": false,
      "status": "error",
      "error": "column reference \"ws_order_number\" is ambiguous\nLINE 40:     COUNT(DISTINCT ws_order_number)\n                            ^\n"
    }
  ],
  "best_worker_id": 2,
  "best_speedup": 1.1003399162251937,
  "exited": false
}