{
  "query_id": "query094_multi",
  "baseline_times_ms": [
    1475.6132160000561,
    725.7032279994746,
    902.1629060007399,
    796.6410139997606,
    858.9351050031837
  ],
  "baseline_trimmed_mean_ms": 852.5796750012281,
  "baseline_row_count": 1,
  "workers": [
    {
      "worker_id": 5,
      "times_ms": [
        779.1930880011932,
        896.6786590026459,
        951.2837000002037,
        966.5540930000134,
        953.8821949972771
      ],
      "trimmed_mean_ms": 933.9481846667089,
      "speedup": 0.9128768479864671,
      "row_count": 1,
      "rows_match": true,
      "status": "pass",
      "error": ""
    }
  ],
  "best_worker_id": 5,
  "best_speedup": 0.9128768479864671,
  "exited": false
}