{
  "query_id": "query_23",
  "baseline_times_ms": [
    18308.97475799975,
    15215.433092999774,
    15086.989866000295,
    16528.697293999357,
    15183.768953998879
  ],
  "baseline_trimmed_mean_ms": 15642.633113666003,
  "baseline_row_count": 5,
  "workers": [
    {
      "worker_id": 5,
      "times_ms": [
        5255.998811999234,
        5314.784684000188,
        5296.976318999441,
        5595.591703000537,
        5736.457484999846
      ],
      "trimmed_mean_ms": 5402.450902000055,
      "speedup": 2.8954697409420054,
      "row_count": 1,
      "rows_match": false,
      "status": "fail",
      "error": ""
    }
  ],
  "best_worker_id": 0,
  "best_speedup": 0.0,
  "exited": false
}