{
  "query_id": "query_29",
  "baseline_times_ms": [
    612.3914670006343,
    435.44653600110905,
    472.0283730002848,
    475.12002999974356,
    464.15489699938917
  ],
  "baseline_trimmed_mean_ms": 470.43443333313917,
  "baseline_row_count": 4,
  "workers": [
    {
      "worker_id": 5,
      "times_ms": [
        508.4649350010295,
        452.85291700020025,
        465.87627599910775,
        482.56873699938296,
        461.64806699925975
      ],
      "trimmed_mean_ms": 470.03102666591684,
      "speedup": 1.000858255400891,
      "row_count": 4,
      "rows_match": true,
      "status": "pass",
      "error": ""
    }
  ],
  "best_worker_id": 5,
  "best_speedup": 1.000858255400891,
  "exited": false
}