{
  "source": "swarm2_w3",
  "original_path": "/mnt/c/Users/jakc9/Documents/QueryTorque_V8/packages/qt-sql/qt_sql/benchmarks/postgres_dsb/queries/query099_agg.sql",
  "optimized_path": "/mnt/c/Users/jakc9/Documents/QueryTorque_V8/packages/qt-sql/qt_sql/benchmarks/postgres_dsb/swarm_batch_20260208_142643/query099_agg/worker_3_sql.sql",
  "validation": {
    "query_id": "query099_agg",
    "status": "IMPROVED",
    "best_speedup": 1.1,
    "best_worker": 3,
    "best_iteration": 0
  },
  "benchmark_iters": {
    "benchmark_iter0": {
      "query_id": "query099_agg",
      "baseline_times_ms": [
        269.33229099813616,
        34.654993996809935,
        36.43911899780505,
        30.355623002833454,
        28.013909999572206
      ],
      "baseline_trimmed_mean_ms": 33.816578665816145,
      "baseline_row_count": 3,
      "workers": [
        {
          "worker_id": 1,
          "times_ms": [
            28.983986001549056,
            35.805673000140814,
            34.97072800018941,
            32.72108699820819,
            37.57415500149364
          ],
          "trimmed_mean_ms": 34.49916266617947,
          "speedup": 0.9802144763057544,
          "row_count": 3,
          "rows_match": true,
          "status": "pass",
          "error": ""
        },
        {
          "worker_id": 2,
          "times_ms": [
            29.96884899766883,
            33.233320002182154,
            37.83309099890175,
            31.24979399945005,
            36.147626997262705
          ],
          "trimmed_mean_ms": 33.54358033296497,
          "speedup": 1.008138616395188,
          "row_count": 3,
          "rows_match": true,
          "status": "pass",
          "error": ""
        },
        {
          "worker_id": 3,
          "times_ms": [
            31.625498999346746,
            30.286596000223653,
            31.23008900001878,
            30.30358499745489,
            29.36720000070636
          ],
          "trimmed_mean_ms": 30.60675666589911,
          "speedup": 1.1048729871954481,
          "row_count": 3,
          "rows_match": true,
          "status": "pass",
          "error": ""
        },
        {
          "worker_id": 4,
          "times_ms": [
            36.87497499777237,
            33.10827699897345,
            32.26005800024723,
            34.05031500005862,
            29.17212499960442
          ],
          "trimmed_mean_ms": 33.139549999759765,
          "speedup": 1.0204296276220193,
          "row_count": 3,
          "rows_match": true,
          "status": "pass",
          "error": ""
        }
      ],
      "best_worker_id": 3,
      "best_speedup": 1.1048729871954481,
      "exited": false
    },
    "benchmark_iter1": {
      "query_id": "query099_agg",
      "baseline_times_ms": [
        205.94622999851708,
        35.320045997650595,
        31.83116799846175,
        32.27514500031248,
        32.16080099809915
      ],
      "baseline_trimmed_mean_ms": 33.25199733202074,
      "baseline_row_count": 3,
      "workers": [
        {
          "worker_id": 5,
          "times_ms": [
            32.29099099917221,
            32.52647999761393,
            31.220323999150423,
            29.368207000516122,
            32.067129999632016
          ],
          "trimmed_mean_ms": 31.859481665984884,
          "speedup": 1.043708045241759,
          "row_count": 3,
          "rows_match": true,
          "status": "pass",
          "error": ""
        }
      ],
      "best_worker_id": 5,
      "best_speedup": 1.043708045241759,
      "exited": false
    },
    "benchmark_iter2": {
      "query_id": "query099_agg",
      "baseline_times_ms": [
        186.68726999749197,
        33.38064899799065,
        32.86529700199026,
        32.1431449992815,
        33.88714800166781
      ],
      "baseline_trimmed_mean_ms": 33.37769800054957,
      "baseline_row_count": 3,
      "workers": [
        {
          "worker_id": 6,
          "times_ms": [
            10007.821877999959,
            8194.995384001231,
            8494.055523002316,
            8678.890574999969,
            8367.353641999216
          ],
          "trimmed_mean_ms": 8513.433246667168,
          "speedup": 0.0039205919672437965,
          "row_count": 9,
          "rows_match": false,
          "status": "fail",
          "error": ""
        }
      ],
      "best_worker_id": 0,
      "best_speedup": 0.0,
      "exited": false
    }
  }
}