{
  "query_id": "query_44",
  "baseline_times_ms": [
    3.9411870002368232,
    2.619660999698681,
    3.4018679998553125,
    3.017525999894133,
    2.53011800123204
  ],
  "baseline_trimmed_mean_ms": 3.0130183331493754,
  "baseline_row_count": 0,
  "workers": [
    {
      "worker_id": 6,
      "times_ms": [
        4.40880600035598,
        4.203299000437255,
        4.4449500001064735,
        4.451360000530258,
        4.372233001049608
      ],
      "trimmed_mean_ms": 4.408663000504021,
      "speedup": 0.6834313107635834,
      "row_count": 0,
      "rows_match": true,
      "status": "pass",
      "error": ""
    }
  ],
  "best_worker_id": 6,
  "best_speedup": 0.6834313107635834,
  "exited": false
}