{
  "query_id": "query_21",
  "baseline_times_ms": [
    143.45339500050613,
    71.831991000181,
    71.9072319998304,
    66.38459500027238,
    63.052518000404234
  ],
  "baseline_trimmed_mean_ms": 70.04127266676126,
  "baseline_row_count": 100,
  "workers": [
    {
      "worker_id": 5,
      "times_ms": [
        60.43664499975421,
        62.38145800034545,
        63.81637599952228,
        58.32884399933391,
        63.56176500048605
      ],
      "trimmed_mean_ms": 62.1266226668619,
      "speedup": 1.1273954652635738,
      "row_count": 100,
      "rows_match": true,
      "status": "pass",
      "error": ""
    }
  ],
  "best_worker_id": 5,
  "best_speedup": 1.1273954652635738,
  "exited": false
}