{
  "query_id": "query_61",
  "baseline_times_ms": [
    17.24580900008732,
    10.483121999641298,
    10.108987999956298,
    11.584957000195573,
    9.854007000285492
  ],
  "baseline_trimmed_mean_ms": 10.725688999931057,
  "baseline_row_count": 1,
  "workers": [
    {
      "worker_id": 1,
      "times_ms": [
        22.519313000884722,
        19.753662999391963,
        19.479569000395713,
        18.5685119995469,
        20.509398999820405
      ],
      "trimmed_mean_ms": 19.914210333202693,
      "speedup": 0.5385947431743382,
      "row_count": 1,
      "rows_match": true,
      "status": "pass",
      "error": ""
    },
    {
      "worker_id": 2,
      "times_ms": [
        523.6284089996843,
        524.6864920000007,
        576.3200259998484,
        564.0462660003323,
        582.4167459995806
      ],
      "trimmed_mean_ms": 555.0175946667272,
      "speedup": 0.01932495312400238,
      "row_count": 1,
      "rows_match": true,
      "status": "pass",
      "error": ""
    },
    {
      "worker_id": 3,
      "times_ms": [
        9.304052000516094,
        10.880393999286753,
        7.214835000013409,
        7.021598999926937,
        7.508972000323411
      ],
      "trimmed_mean_ms": 8.009286333617638,
      "speedup": 1.3391566430721515,
      "row_count": 1,
      "rows_match": true,
      "status": "pass",
      "error": ""
    },
    {
      "worker_id": 4,
      "times_ms": [
        22.76946899928589,
        19.675047999953676,
        18.391930999314354,
        16.598954999608395,
        16.322344999935012
      ],
      "trimmed_mean_ms": 18.221977999625476,
      "speedup": 0.588612773001455,
      "row_count": 1,
      "rows_match": true,
      "status": "pass",
      "error": ""
    }
  ],
  "best_worker_id": 3,
  "best_speedup": 1.3391566430721515,
  "exited": false
}