{
  "query_id": "query_61",
  "baseline_times_ms": [
    12.465305999285192,
    10.451866999574122,
    9.774422000191407,
    11.045941000702442,
    10.831874998984858
  ],
  "baseline_trimmed_mean_ms": 10.776560999753807,
  "baseline_row_count": 1,
  "workers": [
    {
      "worker_id": 6,
      "times_ms": [
        9.705598000437021,
        10.822281999935512,
        12.747680999382283,
        12.157458000729093,
        11.265975001151673
      ],
      "trimmed_mean_ms": 11.41523833393876,
      "speedup": 0.9440504599640206,
      "row_count": 1,
      "rows_match": true,
      "status": "pass",
      "error": ""
    }
  ],
  "best_worker_id": 6,
  "best_speedup": 0.9440504599640206,
  "exited": false
}