{
  "query_id": "query_75",
  "baseline_times_ms": [
    1293.5637540012976,
    1299.5767299998988,
    1287.225566999041,
    1208.9460879997205,
    1195.5936920003296
  ],
  "baseline_trimmed_mean_ms": 1263.245136333353,
  "baseline_row_count": 100,
  "workers": [
    {
      "worker_id": 6,
      "times_ms": [
        1389.8642429994652,
        1355.2959630014811,
        1365.950190998774,
        1331.010267000238,
        1349.8014050001075
      ],
      "trimmed_mean_ms": 1357.0158530001208,
      "speedup": 0.9308993211395007,
      "row_count": 100,
      "rows_match": true,
      "status": "pass",
      "error": ""
    }
  ],
  "best_worker_id": 6,
  "best_speedup": 0.9308993211395007,
  "exited": false
}