{
  "query_id": "query_75",
  "baseline_times_ms": [
    1705.851229999098,
    1701.035515001422,
    1432.6945110005909,
    1401.2927140011016,
    1659.7063680001156
  ],
  "baseline_trimmed_mean_ms": 1597.8121313340428,
  "baseline_row_count": 100,
  "workers": [
    {
      "worker_id": 5,
      "times_ms": [
        988.9142559986794,
        1054.2844589999731,
        1137.1943959984492,
        991.1348530004034,
        951.1064860016631
      ],
      "trimmed_mean_ms": 1011.444522666352,
      "speedup": 1.5797328430054858,
      "row_count": 100,
      "rows_match": true,
      "status": "pass",
      "error": ""
    }
  ],
  "best_worker_id": 5,
  "best_speedup": 1.5797328430054858,
  "exited": false
}