{
  "query_id": "query_75",
  "baseline_times_ms": [
    1501.119244999245,
    1430.1044889998593,
    1234.4262619999427,
    1329.468738000287,
    1265.3112790003433
  ],
  "baseline_trimmed_mean_ms": 1341.6281686668299,
  "baseline_row_count": 100,
  "workers": [
    {
      "worker_id": 1,
      "times_ms": [
        1211.408501000733,
        1182.7995670000746,
        1198.507602999598,
        1281.550753999909,
        1176.3019340005485
      ],
      "trimmed_mean_ms": 1197.5718903334684,
      "speedup": 1.1202902969718573,
      "row_count": 100,
      "rows_match": true,
      "status": "pass",
      "error": ""
    },
    {
      "worker_id": 2,
      "times_ms": [
        943.4891520004385,
        879.1202969996448,
        873.8303649997761,
        939.488507000533,
        861.86401499981
      ],
      "trimmed_mean_ms": 897.4797229999846,
      "speedup": 1.4948841007596256,
      "row_count": 100,
      "rows_match": true,
      "status": "pass",
      "error": ""
    },
    {
      "worker_id": 3,
      "times_ms": [
        874.6214689999761,
        922.3653409999315,
        959.3483380003818,
        996.4754000002358,
        986.3471649996427
      ],
      "trimmed_mean_ms": 956.0202813333186,
      "speedup": 1.403346973764742,
      "row_count": 100,
      "rows_match": true,
      "status": "pass",
      "error": ""
    },
    {
      "worker_id": 4,
      "times_ms": [
        990.5101869999271,
        950.1494289997936,
        1012.2276880001664,
        925.4903279997961,
        872.7092009994522
      ],
      "trimmed_mean_ms": 955.3833146665056,
      "speedup": 1.4042826037161327,
      "row_count": 100,
      "rows_match": true,
      "status": "pass",
      "error": ""
    }
  ],
  "best_worker_id": 2,
  "best_speedup": 1.4948841007596256,
  "exited": false
}