{
  "query_id": "query_37",
  "baseline_times_ms": [
    306.5555230004975,
    109.00868499993521,
    108.04701300003217,
    86.63054400130932,
    81.51113699932466
  ],
  "baseline_trimmed_mean_ms": 101.2287473337589,
  "baseline_row_count": 3,
  "workers": [
    {
      "worker_id": 5,
      "times_ms": [
        9.622013998523471,
        9.345067999674939,
        9.75076699978672,
        9.58754100065562,
        9.118712001509266
      ],
      "trimmed_mean_ms": 9.518207666284676,
      "speedup": 10.635274085511984,
      "row_count": 0,
      "rows_match": false,
      "status": "fail",
      "error": ""
    }
  ],
  "best_worker_id": 0,
  "best_speedup": 0.0,
  "exited": false
}