{
  "query_id": "query084_agg",
  "baseline_times_ms": [
    735.2437830013514,
    534.1020029991341,
    330.1952559995698,
    335.37010600048234,
    330.60495300014736
  ],
  "baseline_trimmed_mean_ms": 400.0256873332546,
  "baseline_row_count": 100,
  "workers": [
    {
      "worker_id": 1,
      "times_ms": [
        327.1427469990158,
        316.964966001251,
        338.12121800292516,
        327.8372320019116,
        326.37691099807853
      ],
      "trimmed_mean_ms": 327.118963333002,
      "speedup": 1.2228752599892374,
      "row_count": 100,
      "rows_match": true,
      "status": "pass",
      "error": ""
    },
    {
      "worker_id": 2,
      "times_ms": [
        311.50274299943703,
        304.20827499983716,
        313.63370399776613,
        301.9805770018138,
        301.4385370006494
      ],
      "trimmed_mean_ms": 305.897198333696,
      "speedup": 1.3077128182680382,
      "row_count": 100,
      "rows_match": true,
      "status": "pass",
      "error": ""
    },
    {
      "worker_id": 3,
      "times_ms": [
        294.8809980007354,
        292.8958849988703,
        291.2197619989456,
        269.4257479997759,
        254.44530700042378
      ],
      "trimmed_mean_ms": 284.5137983325306,
      "speedup": 1.405997493540603,
      "row_count": 100,
      "rows_match": true,
      "status": "pass",
      "error": ""
    },
    {
      "worker_id": 4,
      "times_ms": [
        339.60258799925214,
        252.14088999928208,
        245.134558997961,
        227.3770110004989,
        233.27096099819755
      ],
      "trimmed_mean_ms": 243.5154699984802,
      "speedup": 1.6427115999478439,
      "row_count": 36,
      "rows_match": false,
      "status": "fail",
      "error": ""
    }
  ],
  "best_worker_id": 3,
  "best_speedup": 1.405997493540603,
  "exited": false
}