{
  "source": "swarm_w1",
  "original_path": "/mnt/c/Users/jakc9/Documents/QueryTorque_V8/packages/qt-sql/qt_sql/benchmarks/duckdb_tpcds/queries/query_35.sql",
  "optimized_path": "/mnt/c/Users/jakc9/Documents/QueryTorque_V8/packages/qt-sql/qt_sql/benchmarks/duckdb_tpcds/swarm_batch_20260208_102033/query_35/worker_1_sql.sql",
  "benchmark_iters": {
    "benchmark_iter0": {
      "query_id": "query_35",
      "baseline_times_ms": [
        728.897152999707,
        696.2849049996294,
        723.6815349997414,
        751.5577129997837,
        772.8313630004777
      ],
      "baseline_trimmed_mean_ms": 734.7121336664108,
      "baseline_row_count": 100,
      "workers": [
        {
          "worker_id": 1,
          "times_ms": [
            716.394068000227,
            741.1432240005524,
            671.8907049998961,
            668.109227000059,
            666.2420279999424
          ],
          "trimmed_mean_ms": 685.4646666667273,
          "speedup": 1.0718453764205873,
          "row_count": 100,
          "rows_match": true,
          "status": "pass",
          "error": ""
        },
        {
          "worker_id": 2,
          "times_ms": [
            652.1620459998303,
            686.588362999828,
            724.5509269996546,
            711.3187780005319,
            660.0203210000473
          ],
          "trimmed_mean_ms": 685.9758206668024,
          "speedup": 1.0710466922175685,
          "row_count": 100,
          "rows_match": true,
          "status": "pass",
          "error": ""
        },
        {
          "worker_id": 3,
          "times_ms": [
            307.83488799988845,
            297.84070100049576,
            314.8833880004531,
            310.49974100005784,
            325.7651329995497
          ],
          "trimmed_mean_ms": 311.07267233346647,
          "speedup": 2.361866531556997,
          "row_count": 100,
          "rows_match": true,
          "status": "pass",
          "error": ""
        },
        {
          "worker_id": 4,
          "times_ms": [
            648.8420519999636,
            654.9238819998209,
            638.8900049996664,
            594.313503000194,
            642.1550220002246
          ],
          "trimmed_mean_ms": 643.2956929999515,
          "speedup": 1.1421064087031998,
          "row_count": 100,
          "rows_match": true,
          "status": "pass",
          "error": ""
        }
      ],
      "best_worker_id": 3,
      "best_speedup": 2.361866531556997,
      "exited": true
    }
  }
}