{
  "source": "swarm_final",
  "original_path": "/mnt/c/Users/jakc9/Documents/QueryTorque_V8/packages/qt-sql/qt_sql/benchmarks/duckdb_tpcds/queries/query_50.sql",
  "optimized_path": "/mnt/c/Users/jakc9/Documents/QueryTorque_V8/packages/qt-sql/qt_sql/benchmarks/duckdb_tpcds/swarm_batch_20260208_102033/query_50/final_worker_sql.sql",
  "benchmark_iters": {
    "benchmark_iter0": {
      "query_id": "query_50",
      "baseline_times_ms": [
        768.3126530000663,
        748.7545769999997,
        737.9146750008658,
        713.3052060007685,
        754.3220269999438
      ],
      "baseline_trimmed_mean_ms": 746.9970930002697,
      "baseline_row_count": 51,
      "workers": [
        {
          "worker_id": 1,
          "times_ms": [
            786.2799299991821,
            761.3083050000569,
            785.6075099998634,
            775.3401680001843,
            693.1771970002956
          ],
          "trimmed_mean_ms": 774.0853276667016,
          "speedup": 0.9650061386022094,
          "row_count": 51,
          "rows_match": true,
          "status": "pass",
          "error": ""
        },
        {
          "worker_id": 2,
          "times_ms": [
            670.2848089998952,
            663.9963850002459,
            667.8570880003463,
            707.214699999895,
            723.9813019996291
          ],
          "trimmed_mean_ms": 681.7855323333788,
          "speedup": 1.0956482025127572,
          "row_count": 51,
          "rows_match": true,
          "status": "pass",
          "error": ""
        },
        {
          "worker_id": 3,
          "times_ms": [
            796.8020839998644,
            696.6270500006431,
            693.0534060002174,
            687.0188449993293,
            678.4789319999618
          ],
          "trimmed_mean_ms": 692.2331003333966,
          "speedup": 1.0791120688110658,
          "row_count": 51,
          "rows_match": true,
          "status": "pass",
          "error": ""
        },
        {
          "worker_id": 4,
          "times_ms": [
            702.1391440002844,
            712.5807700003861,
            771.531631000471,
            738.9214989998436,
            713.7206540000989
          ],
          "trimmed_mean_ms": 721.7409743334429,
          "speedup": 1.0349933280290091,
          "row_count": 51,
          "rows_match": true,
          "status": "pass",
          "error": ""
        }
      ],
      "best_worker_id": 2,
      "best_speedup": 1.0956482025127572,
      "exited": false
    },
    "benchmark_iter1": {
      "query_id": "query_50",
      "baseline_times_ms": [
        834.2197189995204,
        722.9411600001185,
        748.7764360012079,
        718.9670209991164,
        741.8544719985221
      ],
      "baseline_trimmed_mean_ms": 737.8573559999495,
      "baseline_row_count": 51,
      "workers": [
        {
          "worker_id": 5,
          "times_ms": [
            768.5357700011082,
            740.9625190011866,
            703.8949729994783,
            719.1498100000899,
            646.1732990010205
          ],
          "trimmed_mean_ms": 721.335767333585,
          "speedup": 1.0229041583885914,
          "row_count": 51,
          "rows_match": true,
          "status": "pass",
          "error": ""
        }
      ],
      "best_worker_id": 5,
      "best_speedup": 1.0229041583885914,
      "exited": false
    },
    "benchmark_iter2": {
      "query_id": "query_50",
      "baseline_times_ms": [
        684.8507859995152,
        687.6992710003833,
        673.6083260002488,
        701.2128829992434,
        688.9864790009597
      ],
      "baseline_trimmed_mean_ms": 687.1788453336194,
      "baseline_row_count": 51,
      "workers": [
        {
          "worker_id": 6,
          "times_ms": [],
          "trimmed_mean_ms": 0,
          "speedup": 0,
          "row_count": 0,
          "rows_match": false,
          "status": "error",
          "error": "Binder Error: Referenced column \"sr_returned_date_sk\" not found in FROM clause!\nCandidate bindings: \"ss_sold_date_sk\", \"ss_ext_discount_amt\", \"ss_ext_tax\", \"ss_ext_wholesale_cost\", \"ss_ext_sales_price\"\n\nLINE 15:         sr_returned_date_sk - ss_sold_date_sk AS days_diff\n                 ^"
        }
      ],
      "best_worker_id": 0,
      "best_speedup": 0.0,
      "exited": false
    }
  }
}