{
  "query_id": "query085_spj_spj",
  "baseline_times_ms": [
    1670.1599219995842,
    1680.7807049990515,
    1625.1403579990438,
    1565.7887870002014,
    1599.0226410031028
  ],
  "baseline_trimmed_mean_ms": 1631.4409736672435,
  "baseline_row_count": 1,
  "workers": [
    {
      "worker_id": 6,
      "times_ms": [
        6381.434262999392,
        7448.008122999454,
        9191.718586000206,
        9212.628664998192,
        9253.001164001034
      ],
      "trimmed_mean_ms": 8617.451791332618,
      "speedup": 0.18931825940797686,
      "row_count": 1,
      "rows_match": true,
      "status": "pass",
      "error": ""
    }
  ],
  "best_worker_id": 6,
  "best_speedup": 0.18931825940797686,
  "exited": false
}