{
  "query_id": "query_69",
  "baseline_times_ms": [
    258.01613200019347,
    228.65538399946672,
    239.79898799916555,
    229.57772399968235,
    255.1873379998142
  ],
  "baseline_trimmed_mean_ms": 241.52134999955402,
  "baseline_row_count": 100,
  "workers": [
    {
      "worker_id": 1,
      "times_ms": [
        243.57148800027062,
        243.7420590003967,
        251.52054099999077,
        239.8304280004595,
        264.9879079999664
      ],
      "trimmed_mean_ms": 246.2780293335527,
      "speedup": 0.9806857341401074,
      "row_count": 100,
      "rows_match": true,
      "status": "pass",
      "error": ""
    },
    {
      "worker_id": 2,
      "times_ms": [
        282.432455000162,
        257.65885100008745,
        242.40019599983498,
        223.61723100038944,
        233.06540599969594
      ],
      "trimmed_mean_ms": 244.37481766653946,
      "speedup": 0.9883233972541348,
      "row_count": 100,
      "rows_match": true,
      "status": "pass",
      "error": ""
    },
    {
      "worker_id": 3,
      "times_ms": [
        237.36667499997566,
        232.38847399989027,
        235.98627299998043,
        226.26802800004953,
        219.79620799993427
      ],
      "trimmed_mean_ms": 231.54759166664007,
      "speedup": 1.0430743341406599,
      "row_count": 100,
      "rows_match": true,
      "status": "pass",
      "error": ""
    },
    {
      "worker_id": 4,
      "times_ms": [
        240.2979950002191,
        243.0525800000396,
        241.6083689995503,
        223.71111099982954,
        228.71246800059453
      ],
      "trimmed_mean_ms": 236.8729440001213,
      "speedup": 1.0196240479006768,
      "row_count": 100,
      "rows_match": true,
      "status": "pass",
      "error": ""
    }
  ],
  "best_worker_id": 3,
  "best_speedup": 1.0430743341406599,
  "exited": false
}