{
  "source": "swarm_final",
  "original_path": "/mnt/c/Users/jakc9/Documents/QueryTorque_V8/packages/qt-sql/qt_sql/benchmarks/duckdb_tpcds/queries/query_75.sql",
  "optimized_path": "/mnt/c/Users/jakc9/Documents/QueryTorque_V8/packages/qt-sql/qt_sql/benchmarks/duckdb_tpcds/swarm_batch_20260208_102033/query_75/final_worker_sql.sql",
  "benchmark_iters": {
    "benchmark_iter0": {
      "query_id": "query_75",
      "baseline_times_ms": [
        1501.119244999245,
        1430.1044889998593,
        1234.4262619999427,
        1329.468738000287,
        1265.3112790003433
      ],
      "baseline_trimmed_mean_ms": 1341.6281686668299,
      "baseline_row_count": 100,
      "workers": [
        {
          "worker_id": 1,
          "times_ms": [
            1211.408501000733,
            1182.7995670000746,
            1198.507602999598,
            1281.550753999909,
            1176.3019340005485
          ],
          "trimmed_mean_ms": 1197.5718903334684,
          "speedup": 1.1202902969718573,
          "row_count": 100,
          "rows_match": true,
          "status": "pass",
          "error": ""
        },
        {
          "worker_id": 2,
          "times_ms": [
            943.4891520004385,
            879.1202969996448,
            873.8303649997761,
            939.488507000533,
            861.86401499981
          ],
          "trimmed_mean_ms": 897.4797229999846,
          "speedup": 1.4948841007596256,
          "row_count": 100,
          "rows_match": true,
          "status": "pass",
          "error": ""
        },
        {
          "worker_id": 3,
          "times_ms": [
            874.6214689999761,
            922.3653409999315,
            959.3483380003818,
            996.4754000002358,
            986.3471649996427
          ],
          "trimmed_mean_ms": 956.0202813333186,
          "speedup": 1.403346973764742,
          "row_count": 100,
          "rows_match": true,
          "status": "pass",
          "error": ""
        },
        {
          "worker_id": 4,
          "times_ms": [
            990.5101869999271,
            950.1494289997936,
            1012.2276880001664,
            925.4903279997961,
            872.7092009994522
          ],
          "trimmed_mean_ms": 955.3833146665056,
          "speedup": 1.4042826037161327,
          "row_count": 100,
          "rows_match": true,
          "status": "pass",
          "error": ""
        }
      ],
      "best_worker_id": 2,
      "best_speedup": 1.4948841007596256,
      "exited": false
    },
    "benchmark_iter1": {
      "query_id": "query_75",
      "baseline_times_ms": [
        1705.851229999098,
        1701.035515001422,
        1432.6945110005909,
        1401.2927140011016,
        1659.7063680001156
      ],
      "baseline_trimmed_mean_ms": 1597.8121313340428,
      "baseline_row_count": 100,
      "workers": [
        {
          "worker_id": 5,
          "times_ms": [
            988.9142559986794,
            1054.2844589999731,
            1137.1943959984492,
            991.1348530004034,
            951.1064860016631
          ],
          "trimmed_mean_ms": 1011.444522666352,
          "speedup": 1.5797328430054858,
          "row_count": 100,
          "rows_match": true,
          "status": "pass",
          "error": ""
        }
      ],
      "best_worker_id": 5,
      "best_speedup": 1.5797328430054858,
      "exited": false
    },
    "benchmark_iter2": {
      "query_id": "query_75",
      "baseline_times_ms": [
        1293.5637540012976,
        1299.5767299998988,
        1287.225566999041,
        1208.9460879997205,
        1195.5936920003296
      ],
      "baseline_trimmed_mean_ms": 1263.245136333353,
      "baseline_row_count": 100,
      "workers": [
        {
          "worker_id": 6,
          "times_ms": [
            1389.8642429994652,
            1355.2959630014811,
            1365.950190998774,
            1331.010267000238,
            1349.8014050001075
          ],
          "trimmed_mean_ms": 1357.0158530001208,
          "speedup": 0.9308993211395007,
          "row_count": 100,
          "rows_match": true,
          "status": "pass",
          "error": ""
        }
      ],
      "best_worker_id": 6,
      "best_speedup": 0.9308993211395007,
      "exited": false
    }
  }
}