{
  "source": "swarm2_w1",
  "original_path": "/mnt/c/Users/jakc9/Documents/QueryTorque_V8/packages/qt-sql/qt_sql/benchmarks/postgres_dsb/queries/query099_spj_spj.sql",
  "optimized_path": "/mnt/c/Users/jakc9/Documents/QueryTorque_V8/packages/qt-sql/qt_sql/benchmarks/postgres_dsb/swarm_batch_20260208_142643/query099_spj_spj/worker_1_sql.sql",
  "validation": {
    "query_id": "query099_spj_spj",
    "status": "IMPROVED",
    "best_speedup": 1.31,
    "best_worker": 6,
    "best_iteration": 2
  },
  "benchmark_iters": {
    "benchmark_iter0": {
      "query_id": "query099_spj_spj",
      "baseline_times_ms": [
        32.429613998829154,
        46.45875400092336,
        36.29211800216581,
        43.25064300064696,
        30.121214997052448
      ],
      "baseline_trimmed_mean_ms": 37.324125000547305,
      "baseline_row_count": 1,
      "workers": [
        {
          "worker_id": 1,
          "times_ms": [
            28.518066999822622,
            31.3305780000519,
            37.06136800246895,
            33.12146399912308,
            29.853224998078076
          ],
          "trimmed_mean_ms": 31.435088999084353,
          "speedup": 1.1873395682650838,
          "row_count": 1,
          "rows_match": true,
          "status": "pass",
          "error": ""
        },
        {
          "worker_id": 2,
          "times_ms": [
            38.88125099911122,
            30.51964399855933,
            40.89924500294728,
            34.19128500172519,
            30.261594001785852
          ],
          "trimmed_mean_ms": 34.53072666646525,
          "speedup": 1.080896019393501,
          "row_count": 1,
          "rows_match": true,
          "status": "pass",
          "error": ""
        },
        {
          "worker_id": 3,
          "times_ms": [
            35.061565999058075,
            32.68468000169378,
            28.403183998307213,
            37.22227000253042,
            32.94950700001209
          ],
          "trimmed_mean_ms": 33.56525100025465,
          "speedup": 1.1119870666322185,
          "row_count": 1,
          "rows_match": true,
          "status": "pass",
          "error": ""
        },
        {
          "worker_id": 4,
          "times_ms": [
            31.31462199962698,
            31.634941999072907,
            33.53128899834701,
            32.27337999851443,
            30.963865996454842
          ],
          "trimmed_mean_ms": 31.740981332404772,
          "speedup": 1.1758970086549476,
          "row_count": 1,
          "rows_match": true,
          "status": "pass",
          "error": ""
        }
      ],
      "best_worker_id": 1,
      "best_speedup": 1.1873395682650838,
      "exited": false
    },
    "benchmark_iter1": {
      "query_id": "query099_spj_spj",
      "baseline_times_ms": [
        33.65743899848894,
        29.329116001463262,
        32.13936499741976,
        27.36323099816218,
        30.772602000070037
      ],
      "baseline_trimmed_mean_ms": 30.74702766631769,
      "baseline_row_count": 1,
      "workers": [
        {
          "worker_id": 5,
          "times_ms": [
            31.44741800133488,
            28.49991499897442,
            30.83310800138861,
            45.611954999912996,
            33.382595000148285
          ],
          "trimmed_mean_ms": 31.88770700095726,
          "speedup": 0.9642282421057955,
          "row_count": 1,
          "rows_match": true,
          "status": "pass",
          "error": ""
        }
      ],
      "best_worker_id": 5,
      "best_speedup": 0.9642282421057955,
      "exited": false
    },
    "benchmark_iter2": {
      "query_id": "query099_spj_spj",
      "baseline_times_ms": [
        217.14587099995697,
        50.429970000550384,
        34.50947799865389,
        33.13819299728493,
        33.88662900033523
      ],
      "baseline_trimmed_mean_ms": 39.60869233317984,
      "baseline_row_count": 1,
      "workers": [
        {
          "worker_id": 6,
          "times_ms": [
            27.97333199850982,
            48.399928000435466,
            31.009663998702308,
            31.60937799839303,
            28.15375800128095
          ],
          "trimmed_mean_ms": 30.257599999458762,
          "speedup": 1.3090493738395756,
          "row_count": 1,
          "rows_match": true,
          "status": "pass",
          "error": ""
        }
      ],
      "best_worker_id": 6,
      "best_speedup": 1.3090493738395756,
      "exited": false
    }
  }
}