{
  "query_id": "query_87",
  "baseline_times_ms": [
    1126.0895389996222,
    1010.229356000309,
    892.4745040003472,
    906.4989290000085,
    943.193911999515
  ],
  "baseline_trimmed_mean_ms": 953.3073989999442,
  "baseline_row_count": 1,
  "workers": [
    {
      "worker_id": 1,
      "times_ms": [
        1078.9897289996588,
        997.3985209999228,
        977.6194789992587,
        957.1789440005887,
        995.5793919998541
      ],
      "trimmed_mean_ms": 990.1991306663452,
      "speedup": 0.9627431185062998,
      "row_count": 1,
      "rows_match": true,
      "status": "pass",
      "error": ""
    },
    {
      "worker_id": 2,
      "times_ms": [
        1102.366037000138,
        1122.0617030003268,
        1136.5831940001954,
        1137.2207340000386,
        1221.7588499997873
      ],
      "trimmed_mean_ms": 1131.9552103335202,
      "speedup": 0.8421776677180195,
      "row_count": 1,
      "rows_match": true,
      "status": "pass",
      "error": ""
    },
    {
      "worker_id": 3,
      "times_ms": [
        1130.3650769996239,
        1000.987145000181,
        1045.7255849996727,
        1014.156262999677,
        1000.64254300014
      ],
      "trimmed_mean_ms": 1020.2896643331769,
      "speedup": 0.9343497560793093,
      "row_count": 1,
      "rows_match": true,
      "status": "pass",
      "error": ""
    },
    {
      "worker_id": 4,
      "times_ms": [
        1179.2697780001618,
        1217.7697219995025,
        1242.405757000597,
        1204.228131000491,
        1149.8683959998743
      ],
      "trimmed_mean_ms": 1200.4225436667184,
      "speedup": 0.7941431990172766,
      "row_count": 1,
      "rows_match": true,
      "status": "pass",
      "error": ""
    }
  ],
  "best_worker_id": 1,
  "best_speedup": 0.9627431185062998,
  "exited": false
}